Value_GHz	0.30296291446067
Mean_GHz	1.35109736126
Min_GHz	0.0285965
Max_GHz	21.4595
St_Dev_GHz	4.024
Count	3761.0

Time (ns)	Voltage (V)
0.0	0.0260171875
0.002	0.026000000000000002
0.004	0.0260390625
0.006	0.0261140625
0.008	0.0262125
0.01	0.026314062500000002
0.012	0.0264
0.014	0.026459375
0.016	0.02648125
0.018	0.026470312500000003
0.02	0.026439062500000002
0.022	0.0264
0.024	0.0263703125
0.026000000000000002	0.026353125
0.028	0.026353125
0.03	0.0263703125
0.032	0.0264
0.033999999999999996	0.026434375
0.036	0.0264578125
0.038	0.0264640625
0.04	0.026445312500000002
0.041999999999999996	0.0264
0.044	0.026328125
0.046	0.026240625
0.048	0.0261484375
0.05	0.026065625000000002
0.052000000000000005	0.026000000000000002
0.054	0.025962500000000003
0.056	0.0259515625
0.058	0.025959375
0.06	0.0259796875
0.06199999999999999	0.026000000000000002
0.064	0.02601875
0.066	0.026025
0.06799999999999999	0.026021875
0.07	0.0260125
0.072	0.026000000000000002
0.074	0.0259921875
0.076	0.0259859375
0.078	0.0259859375
0.08	0.0259921875
0.082	0.026000000000000002
0.08399999999999999	0.02600625
0.08600000000000001	0.026009375
0.088	0.0260078125
0.09	0.026004687500000002
0.092	0.026000000000000002
0.094	0.025990625
0.096	0.02598125
0.098	0.025978125
0.1	0.025984375
0.102	0.026000000000000002
0.10400000000000001	0.026009375
0.106	0.0260171875
0.108	0.0260203125
0.11	0.0260171875
0.112	0.026000000000000002
0.11399999999999999	0.0259515625
0.116	0.0258828125
0.11800000000000001	0.025796875
0.12	0.0257
0.122	0.0256
0.12399999999999999	0.025496875000000002
0.126	0.025401562500000002
0.128	0.0253203125
0.12999999999999998	0.0252546875
0.132	0.0252
0.134	0.025153125000000002
0.13599999999999998	0.025096875
0.13799999999999998	0.025025000000000002
0.14	0.024928125000000002
0.142	0.024800000000000003
0.144	0.0246515625
0.146	0.02448125
0.148	0.0243046875
0.15	0.024139062500000003
0.152	0.024
0.154	0.023917187500000003
0.156	0.0238765625
0.158	0.02388125
0.16	0.023925000000000002
0.162	0.024
0.164	0.024103125
0.166	0.024203125000000002
0.16799999999999998	0.0242890625
0.17	0.024356250000000003
0.17200000000000001	0.0244
0.174	0.024421875000000003
0.176	0.024420312500000003
0.17800000000000002	0.024409375
0.18	0.0244
0.182	0.0244
0.184	0.0244078125
0.186	0.0244171875
0.188	0.024425000000000002
0.19	0.024421875000000003
0.192	0.0244
0.194	0.02435
0.196	0.0242765625
0.19799999999999998	0.0241875
0.2	0.0240921875
0.202	0.024
0.204	0.0239125
0.206	0.023831250000000002
0.20800000000000002	0.02375625
0.21	0.02368125
0.212	0.0236
0.214	0.023512500000000002
0.216	0.023421875
0.218	0.023334375
0.22	0.023257812500000002
0.22199999999999998	0.023200000000000002
0.224	0.023178125
0.226	0.0231734375
0.22799999999999998	0.0231796875
0.23	0.023192187500000003
0.232	0.023200000000000002
0.234	0.0232140625
0.23600000000000002	0.023215625
0.23800000000000002	0.0232125
0.24	0.0232046875
0.242	0.023200000000000002
0.244	0.0232109375
0.24599999999999997	0.0232203125
0.24799999999999997	0.023223437500000003
0.25	0.0232171875
0.252	0.023200000000000002
0.254	0.02318125
0.256	0.023160937500000003
0.258	0.02315
0.25999999999999995	0.023160937500000003
0.26199999999999996	0.023200000000000002
0.264	0.023271875
0.266	0.0233625
0.268	0.02345625
0.27	0.023539062500000003
0.27199999999999996	0.0236
0.27399999999999997	0.023628125
0.27599999999999997	0.0236296875
0.27799999999999997	0.0236171875
0.28	0.023604687500000002
0.28200000000000003	0.0236
0.284	0.023601562500000003
0.286	0.0236109375
0.288	0.023621875
0.29	0.023621875
0.292	0.0236
0.29400000000000004	0.023540625000000003
0.296	0.0234578125
0.298	0.0233640625
0.3	0.0232734375
0.302	0.023200000000000002
0.304	0.02315
0.306	0.023129687500000003
0.308	0.023137500000000002
0.31	0.023164062500000002
0.312	0.023200000000000002
0.314	0.023229687500000002
0.316	0.0232453125
0.318	0.023246875
0.32	0.0232328125
0.32199999999999995	0.023200000000000002
0.324	0.0231515625
0.326	0.0230859375
0.328	0.023003125000000003
0.33	0.022907812500000003
0.332	0.0228
0.33399999999999996	0.022696875000000002
0.33599999999999997	0.022596875000000002
0.33799999999999997	0.022509375
0.34	0.022443750000000002
0.342	0.0224
0.34400000000000003	0.0223890625
0.346	0.022390625
0.348	0.0223984375
0.35	0.022403125
0.352	0.0224
0.35400000000000004	0.0223890625
0.35600000000000004	0.0223703125
0.358	0.022359375
0.36	0.022365625
0.362	0.0224
0.364	0.0224609375
0.366	0.022540625
0.368	0.022631250000000002
0.37	0.022721875000000002
0.372	0.0228
0.374	0.022846875000000003
0.376	0.0228640625
0.378	0.0228578125
0.38	0.022834375
0.38199999999999995	0.0228
0.384	0.022756250000000002
0.386	0.0227015625
0.388	0.022629687500000002
0.39	0.022531250000000003
0.392	0.0224
0.39399999999999996	0.022253125000000002
0.39599999999999996	0.022089062500000003
0.39799999999999996	0.02191875
0.4	0.021753125
0.402	0.0216
0.404	0.021492187500000003
0.40599999999999997	0.02140625
0.408	0.021334375000000003
0.41	0.02126875
0.412	0.0212
0.414	0.021148437500000002
0.41600000000000004	0.0211078125
0.418	0.021090625
0.42	0.021115625000000002
0.422	0.0212
0.424	0.0213515625
0.426	0.021557812500000002
0.428	0.021809375000000002
0.43	0.022095312500000002
0.432	0.0224
0.434	0.0226828125
0.436	0.022943750000000002
0.438	0.023184375
0.44	0.023403125
0.44199999999999995	0.0236
0.44399999999999995	0.0237234375
0.446	0.023792187500000003
0.448	0.0238015625
0.45	0.0237390625
0.452	0.0236
0.45399999999999996	0.023354687500000002
0.45599999999999996	0.0230515625
0.45799999999999996	0.0227125
0.46	0.02235625
0.462	0.022000000000000002
0.464	0.021656250000000002
0.4659999999999999	0.0213328125
0.468	0.021023437500000002
0.47000000000000003	0.020715625
0.47200000000000003	0.0204
0.47400000000000003	0.020103125
0.47600000000000003	0.0198171875
0.478	0.0195609375
0.48	0.0193484375
0.482	0.019200000000000002
0.484	0.019165625000000002
0.486	0.0192015625
0.488	0.0192953125
0.48999999999999994	0.01943125
0.49199999999999994	0.0196
0.49399999999999994	0.0198203125
0.49599999999999994	0.020043750000000003
0.49800000000000005	0.0202765625
0.5	0.0205265625
0.502	0.020800000000000003
0.504	0.0210921875
0.506	0.021371875000000002
0.508	0.021625000000000002
0.51	0.021837500000000003
0.512	0.022000000000000002
0.514	0.0220796875
0.516	0.0221
0.518	0.02208125
0.5199999999999999	0.0220421875
0.5219999999999999	0.022000000000000002
0.5239999999999999	0.021928125
0.5259999999999999	0.0218609375
0.528	0.0217921875
0.53	0.021709375
0.532	0.0216
0.534	0.0214171875
0.536	0.0211984375
0.538	0.02095
0.54	0.020679687500000002
0.542	0.0204
0.5439999999999999	0.0201140625
0.5459999999999999	0.019846875
0.5479999999999999	0.019604687500000002
0.5499999999999999	0.019387500000000002
0.5519999999999999	0.019200000000000002
0.5539999999999999	0.0190609375
0.5559999999999999	0.018953125
0.558	0.018875
0.56	0.0188265625
0.562	0.0188
0.5640000000000001	0.018821875000000002
0.5660000000000001	0.018840625
0.568	0.018846875000000003
0.57	0.018834375
0.572	0.0188
0.574	0.01878125
0.576	0.018753125000000002
0.578	0.018734375
0.58	0.0187453125
0.582	0.0188
0.584	0.0189203125
0.586	0.019075
0.5880000000000001	0.0192484375
0.5900000000000001	0.0194296875
0.592	0.0196
0.594	0.01974375
0.596	0.0198484375
0.598	0.019921875000000002
0.6	0.01996875
0.602	0.02
0.604	0.02000625
0.606	0.0200078125
0.608	0.020009375
0.61	0.0200078125
0.612	0.02
0.614	0.0199625
0.616	0.0199078125
0.618	0.019829687500000002
0.62	0.019728125000000003
0.622	0.0196
0.624	0.019448437500000002
0.626	0.019284375
0.628	0.0191171875
0.63	0.018953125
0.632	0.0188
0.634	0.0186765625
0.636	0.0185765625
0.638	0.018501562500000002
0.64	0.018443750000000002
0.6419999999999999	0.0184
0.6439999999999999	0.0183859375
0.6459999999999999	0.018379687500000002
0.648	0.018378125000000002
0.65	0.018384375
0.652	0.0184
0.654	0.0184484375
0.656	0.0185078125
0.658	0.0185859375
0.66	0.0186828125
0.662	0.0188
0.664	0.018945312500000002
0.6659999999999999	0.019101562500000002
0.6679999999999999	0.0192671875
0.6699999999999999	0.019434375
0.6719999999999999	0.0196
0.6739999999999999	0.0197453125
0.6759999999999999	0.0198640625
0.678	0.019948437500000003
0.68	0.0199953125
0.682	0.02
0.684	0.019954687500000002
0.686	0.0198828125
0.6880000000000001	0.019793750000000002
0.69	0.019696875000000003
0.692	0.0196
0.694	0.0195046875
0.696	0.0194234375
0.698	0.0193484375
0.7	0.0192765625
0.702	0.019200000000000002
0.704	0.0191171875
0.706	0.0190296875
0.7080000000000001	0.018945312500000002
0.7100000000000001	0.0188671875
0.7120000000000001	0.0188
0.714	0.018756250000000002
0.716	0.018734375
0.718	0.018734375
0.72	0.018757812500000002
0.722	0.0188
0.724	0.0188671875
0.726	0.018943750000000002
0.728	0.019025
0.73	0.0191125
0.732	0.019200000000000002
0.734	0.019290625000000002
0.736	0.019375
0.738	0.0194546875
0.74	0.01953125
0.742	0.0196
0.744	0.0196515625
0.746	0.01968125
0.748	0.0196859375
0.75	0.0196578125
0.752	0.0196
0.754	0.019507812500000003
0.756	0.0194046875
0.758	0.019309375
0.76	0.0192375
0.7619999999999999	0.019200000000000002
0.7639999999999999	0.0191859375
0.7659999999999999	0.019195312500000002
0.768	0.0192125
0.77	0.01921875
0.772	0.019200000000000002
0.774	0.0191390625
0.776	0.0190515625
0.778	0.018953125
0.78	0.0188640625
0.782	0.0188
0.784	0.0187734375
0.7859999999999999	0.0187734375
0.7879999999999999	0.018790625000000002
0.7899999999999999	0.01880625
0.7919999999999999	0.0188
0.7939999999999999	0.0187734375
0.7959999999999999	0.0187109375
0.7979999999999999	0.0186203125
0.8	0.0185140625
0.802	0.0184
0.804	0.0183078125
0.806	0.018223437500000002
0.808	0.0181453125
0.8099999999999999	0.018071875
0.8119999999999999	0.018000000000000002
0.814	0.01795
0.816	0.017915625
0.818	0.017904687500000002
0.82	0.0179296875
0.822	0.018000000000000002
0.824	0.0181203125
0.826	0.018271875
0.828	0.0184453125
0.8300000000000001	0.018626562500000002
0.8320000000000001	0.0188
0.834	0.0189375
0.836	0.019042187500000002
0.838	0.019115625
0.84	0.019165625000000002
0.842	0.019200000000000002
0.844	0.0192046875
0.846	0.0192015625
0.848	0.019198437500000002
0.85	0.019200000000000002
0.852	0.019200000000000002
0.854	0.0191796875
0.856	0.0191390625
0.858	0.019070312500000002
0.86	0.018959375
0.862	0.0188
0.864	0.018596875000000002
0.866	0.0183625
0.868	0.0181109375
0.87	0.0178515625
0.872	0.0176
0.874	0.0173890625
0.876	0.017209375000000002
0.878	0.017053125000000002
0.88	0.01691875
0.882	0.016800000000000002
0.8839999999999999	0.01673125
0.8859999999999999	0.0166859375
0.8879999999999999	0.016675000000000002
0.89	0.016710937500000002
0.892	0.016800000000000002
0.894	0.0169703125
0.896	0.0171859375
0.898	0.0174375
0.9	0.017712500000000003
0.902	0.018000000000000002
0.904	0.018284375000000002
0.906	0.018546875
0.9079999999999999	0.018787500000000002
0.9099999999999999	0.019004687500000002
0.9119999999999999	0.019200000000000002
0.9139999999999999	0.019356250000000002
0.9159999999999999	0.019476562500000003
0.9179999999999999	0.0195609375
0.92	0.019604687500000002
0.922	0.0196
0.924	0.019528125
0.926	0.019409375
0.928	0.0192453125
0.93	0.019040625000000002
0.9319999999999998	0.0188
0.934	0.018531250000000003
0.936	0.0182671875
0.9380000000000001	0.0180171875
0.9400000000000001	0.01779375
0.9420000000000001	0.0176
0.9440000000000001	0.01745
0.9460000000000001	0.01734375
0.9480000000000001	0.0172703125
0.9500000000000001	0.017225
0.9520000000000001	0.0172
0.954	0.017210937500000002
0.956	0.017246875000000002
0.958	0.01731875
0.96	0.017434375000000002
0.962	0.0176
0.964	0.017821875
0.966	0.0180703125
0.968	0.018328125
0.97	0.0185765625
0.972	0.0188
0.974	0.018979687500000002
0.976	0.019104687500000002
0.978	0.0191765625
0.9799999999999999	0.01920625
0.9819999999999999	0.019200000000000002
0.9839999999999999	0.019160937500000003
0.9859999999999999	0.019098437500000003
0.9879999999999999	0.01901875
0.9899999999999999	0.0189203125
0.9919999999999999	0.0188
0.9940000000000001	0.018653125
0.9960000000000001	0.01849375
0.9980000000000001	0.018328125
1.0	0.0181609375
1.002	0.018000000000000002
1.004	0.01785625
1.006	0.0177390625
1.008	0.0176578125
1.01	0.0176109375
1.012	0.0176
1.014	0.0176296875
1.016	0.017690625
1.018	0.017778125000000002
1.02	0.017884375
1.022	0.018000000000000002
1.024	0.0181203125
1.026	0.0182265625
1.028	0.018309375
1.03	0.0183671875
1.032	0.0184
1.034	0.0184140625
1.036	0.018410937500000002
1.038	0.0184
1.0399999999999998	0.0183953125
1.0419999999999998	0.0184
1.0439999999999998	0.018415625
1.0459999999999998	0.0184328125
1.0479999999999998	0.018443750000000002
1.0499999999999998	0.018434375
1.0519999999999998	0.0184
1.0539999999999998	0.018334375
1.056	0.018248437500000003
1.058	0.018156250000000002
1.06	0.01806875
1.062	0.018000000000000002
1.064	0.0179578125
1.066	0.01794375
1.068	0.017953125
1.07	0.0179765625
1.072	0.018000000000000002
1.074	0.01801875
1.076	0.018025
1.078	0.018021875
1.08	0.0180125
1.082	0.018000000000000002
1.084	0.017998437500000002
1.086	0.017998437500000002
1.0879999999999999	0.018000000000000002
1.0899999999999999	0.018001562500000002
1.0919999999999999	0.018000000000000002
1.0939999999999999	0.0180078125
1.0959999999999999	0.0180125
1.0979999999999999	0.0180125
1.0999999999999999	0.0180078125
1.1019999999999999	0.018000000000000002
1.1039999999999999	0.0180046875
1.1059999999999999	0.01800625
1.1079999999999999	0.0180078125
1.1099999999999999	0.01800625
1.1119999999999999	0.018000000000000002
1.1139999999999999	0.018001562500000002
1.116	0.018001562500000002
1.118	0.018000000000000002
1.12	0.017998437500000002
1.122	0.018000000000000002
1.124	0.018021875
1.1260000000000001	0.018065625000000002
1.1280000000000001	0.018140625
1.1300000000000001	0.018251562500000002
1.1320000000000001	0.0184
1.1340000000000001	0.018575
1.136	0.018759375000000002
1.138	0.0189375
1.14	0.0190890625
1.142	0.019200000000000002
1.144	0.0192515625
1.146	0.019262500000000002
1.148	0.019246875
1.15	0.0192203125
1.152	0.019200000000000002
1.154	0.019184375
1.156	0.0191859375
1.158	0.019198437500000002
1.16	0.0192078125
1.162	0.019200000000000002
1.164	0.0191578125
1.166	0.0190921875
1.168	0.019004687500000002
1.17	0.0189046875
1.172	0.0188
1.174	0.018696875
1.1760000000000002	0.0186046875
1.1780000000000002	0.018525
1.1800000000000002	0.0184578125
1.1820000000000002	0.0184
1.184	0.01835625
1.186	0.018328125
1.188	0.0183234375
1.19	0.018346875000000002
1.192	0.0184
1.194	0.01848125
1.196	0.018571875
1.198	0.018662500000000002
1.2	0.0187421875
1.202	0.0188
1.204	0.018828125
1.206	0.0188296875
1.208	0.018817187500000002
1.21	0.0188046875
1.212	0.0188
1.214	0.0188
1.216	0.0188046875
1.218	0.0188125
1.22	0.0188140625
1.222	0.0188
1.224	0.018754687500000002
1.226	0.018684375
1.228	0.018595312500000002
1.23	0.0184984375
1.232	0.0184
1.2339999999999998	0.0183
1.236	0.0182109375
1.238	0.0181328125
1.24	0.018064062500000002
1.242	0.018000000000000002
1.244	0.017934375000000002
1.246	0.0178640625
1.248	0.017784375
1.25	0.0176953125
1.252	0.0176
1.254	0.0175078125
1.256	0.0174140625
1.258	0.0173265625
1.26	0.017253125
1.262	0.0172
1.264	0.017179687500000002
1.266	0.0171734375
1.268	0.017179687500000002
1.27	0.0171890625
1.272	0.0172
1.274	0.017214062500000002
1.276	0.0172171875
1.278	0.017214062500000002
1.28	0.01720625
1.2819999999999998	0.0172
1.2839999999999998	0.0172
1.2859999999999998	0.0172
1.2879999999999998	0.0172015625
1.2899999999999998	0.0172015625
1.2919999999999998	0.0172
1.2939999999999998	0.0171953125
1.296	0.0171875
1.298	0.017184375
1.3	0.0171875
1.302	0.0172
1.304	0.017215625000000002
1.306	0.017228125
1.308	0.017234375
1.31	0.0172265625
1.312	0.0172
1.314	0.017146875000000002
1.316	0.0170734375
1.318	0.0169859375
1.32	0.016893750000000003
1.322	0.016800000000000002
1.324	0.016715625
1.326	0.0166375
1.328	0.0165609375
1.3299999999999998	0.0164828125
1.3319999999999999	0.0164
1.3339999999999999	0.0163203125
1.3359999999999999	0.016235937500000002
1.3379999999999999	0.01615
1.3399999999999999	0.01606875
1.3419999999999999	0.016
1.3439999999999999	0.0159640625
1.3459999999999999	0.015946875
1.3479999999999999	0.0159484375
1.3499999999999999	0.015965625
1.3519999999999999	0.016
1.3539999999999999	0.0160625
1.356	0.0161359375
1.358	0.0162171875
1.36	0.01630625
1.362	0.0164
1.364	0.0165046875
1.366	0.016603125
1.368	0.0166875
1.37	0.0167546875
1.372	0.016800000000000002
1.374	0.0168265625
1.3760000000000001	0.016832812500000002
1.378	0.0168265625
1.38	0.0168140625
1.382	0.016800000000000002
1.384	0.0167890625
1.386	0.016784375
1.388	0.0167875
1.39	0.01679375
1.392	0.016800000000000002
1.394	0.016804687500000002
1.396	0.0168078125
1.398	0.016809375
1.4	0.016806250000000002
1.402	0.016800000000000002
1.404	0.0167953125
1.406	0.0167921875
1.408	0.01679375
1.41	0.016796875
1.412	0.016800000000000002
1.414	0.0168078125
1.4160000000000001	0.0168140625
1.4180000000000001	0.0168171875
1.4200000000000002	0.0168125
1.4220000000000002	0.016800000000000002
1.4240000000000002	0.0167875
1.426	0.016775
1.428	0.016768750000000002
1.43	0.016775
1.432	0.016800000000000002
1.434	0.016846875
1.436	0.0169140625
1.438	0.0169984375
1.44	0.017096875
1.442	0.0172
1.444	0.0172953125
1.446	0.017384375
1.448	0.017465625000000002
1.45	0.0175390625
1.452	0.0176
1.454	0.0176359375
1.456	0.017653125000000002
1.458	0.017654687500000002
1.46	0.0176375
1.462	0.0176
1.464	0.0175390625
1.466	0.017464062500000002
1.468	0.0173796875
1.47	0.017290625
1.472	0.0172
1.474	0.017118750000000002
1.476	0.01704375
1.478	0.01696875
1.48	0.0168890625
1.482	0.016800000000000002
1.484	0.016725
1.486	0.016646875000000002
1.488	0.016565625
1.49	0.0164828125
1.492	0.0164
1.494	0.01635625
1.496	0.016332812500000002
1.498	0.016329687500000002
1.5	0.0163515625
1.502	0.0164
1.504	0.01650625
1.506	0.016643750000000002
1.508	0.016806250000000002
1.51	0.016992187500000002
1.512	0.0172
1.514	0.017432812500000002
1.516	0.017671875
1.518	0.017915625
1.52	0.0181609375
1.522	0.0184
1.5239999999999998	0.018615625
1.5259999999999998	0.018809375
1.5279999999999998	0.018975000000000002
1.5299999999999998	0.01910625
1.5319999999999998	0.019200000000000002
1.5339999999999998	0.019240625
1.536	0.0192546875
1.538	0.01925
1.54	0.019231250000000002
1.542	0.019200000000000002
1.544	0.019146875
1.546	0.0190890625
1.548	0.01901875
1.55	0.018925
1.552	0.0188
1.554	0.0186421875
1.556	0.018473437500000002
1.558	0.018303125
1.56	0.018140625
1.562	0.018000000000000002
1.564	0.017907812500000002
1.566	0.0178640625
1.568	0.01786875
1.57	0.017915625
1.5719999999999998	0.018000000000000002
1.5739999999999998	0.018123437500000002
1.5759999999999998	0.01826875
1.5779999999999998	0.0184328125
1.5799999999999998	0.0186109375
1.5819999999999999	0.0188
1.5839999999999999	0.0189890625
1.5859999999999999	0.019167187500000002
1.5879999999999999	0.0193296875
1.5899999999999999	0.019475
1.5919999999999999	0.0196
1.5939999999999999	0.01969375
1.5959999999999999	0.0197703125
1.598	0.0198421875
1.6	0.019918750000000002
1.602	0.02
1.604	0.0200609375
1.606	0.020106250000000003
1.608	0.020121875
1.61	0.0200921875
1.612	0.02
1.614	0.019825000000000002
1.616	0.0196
1.618	0.0193421875
1.6199999999999999	0.019068750000000002
1.6219999999999999	0.0188
1.6239999999999999	0.0185546875
1.626	0.0183515625
1.628	0.0181953125
1.63	0.0180796875
1.632	0.018000000000000002
1.634	0.0179625
1.636	0.0179484375
1.638	0.01795
1.64	0.017968750000000002
1.642	0.018000000000000002
1.644	0.018060937500000002
1.646	0.0181296875
1.648	0.0182109375
1.65	0.0183
1.652	0.0184
1.654	0.018515625
1.656	0.018621875
1.6580000000000001	0.0187078125
1.6600000000000001	0.0187671875
1.6620000000000001	0.0188
1.6640000000000001	0.018815625000000002
1.6660000000000001	0.0188109375
1.668	0.0188
1.67	0.01879375
1.672	0.0188
1.674	0.018821875000000002
1.676	0.018846875000000003
1.678	0.0188625
1.68	0.018850000000000002
1.682	0.0188
1.684	0.0187125
1.686	0.0186078125
1.688	0.018506250000000002
1.69	0.01843125
1.692	0.0184
1.694	0.018421875
1.696	0.018490625
1.698	0.0185921875
1.7	0.018703125
1.702	0.0188
1.704	0.0188640625
1.706	0.0188890625
1.708	0.018879687500000002
1.71	0.0188453125
1.712	0.0188
1.714	0.0187640625
1.716	0.0187453125
1.718	0.0187453125
1.72	0.0187671875
1.722	0.0188
1.724	0.01884375
1.726	0.018878125000000003
1.728	0.0188875
1.73	0.0188625
1.732	0.0188
1.734	0.0187140625
1.736	0.0186125
1.738	0.0185140625
1.74	0.018439062500000002
1.742	0.0184
1.744	0.0184171875
1.746	0.018478125
1.748	0.0185734375
1.75	0.0186859375
1.752	0.0188
1.754	0.01890625
1.756	0.0189953125
1.758	0.019068750000000002
1.76	0.019134375000000002
1.762	0.019200000000000002
1.764	0.0192734375
1.7659999999999998	0.019356250000000002
1.7679999999999998	0.0194421875
1.7699999999999998	0.0195265625
1.7719999999999998	0.0196
1.7739999999999998	0.019653125
1.7759999999999998	0.01968125
1.778	0.0196828125
1.78	0.0196546875
1.782	0.0196
1.784	0.0195234375
1.786	0.0194375
1.788	0.019350000000000003
1.79	0.01926875
1.792	0.019200000000000002
1.794	0.01915
1.796	0.0191265625
1.798	0.019128125
1.8	0.0191546875
1.802	0.019200000000000002
1.804	0.019262500000000002
1.806	0.0193375
1.808	0.019421875
1.81	0.019509375000000002
1.812	0.0196
1.8139999999999998	0.0196921875
1.8159999999999998	0.0197796875
1.8179999999999998	0.0198640625
1.8199999999999998	0.0199390625
1.8219999999999998	0.02
1.8239999999999998	0.020053125
1.8259999999999998	0.020084375
1.8279999999999998	0.0200890625
1.8299999999999998	0.0200609375
1.8319999999999999	0.02
1.8339999999999999	0.0199265625
1.8359999999999999	0.0198421875
1.838	0.019753125
1.84	0.019670312500000002
1.842	0.0196
1.844	0.0195671875
1.846	0.019559375
1.848	0.0195671875
1.85	0.0195828125
1.852	0.0196
1.854	0.019635937500000002
1.856	0.019684375
1.858	0.0197546875
1.86	0.019857812500000002
1.8619999999999999	0.02
1.8639999999999997	0.0201921875
1.8659999999999999	0.020421875000000003
1.868	0.020676562500000002
1.8699999999999999	0.020940625
1.872	0.0212
1.8739999999999999	0.021429687500000003
1.8760000000000001	0.0216265625
1.878	0.0217875
1.8800000000000001	0.0219109375
1.882	0.022000000000000002
1.8840000000000001	0.0220484375
1.886	0.0220734375
1.8880000000000001	0.0220734375
1.89	0.02205
1.8920000000000001	0.022000000000000002
1.894	0.0219265625
1.8960000000000001	0.021846875
1.898	0.0217671875
1.9000000000000001	0.021684375000000002
1.902	0.0216
1.9040000000000001	0.021521875
1.906	0.0214484375
1.908	0.021373437500000002
1.91	0.0212921875
1.912	0.0212
1.9139999999999997	0.021120312500000002
1.916	0.021065625
1.9179999999999997	0.021053125000000002
1.92	0.02109375
1.9219999999999997	0.0212
1.924	0.0213828125
1.9259999999999997	0.021617187500000003
1.928	0.02188125
1.9300000000000002	0.0221484375
1.932	0.0224
1.9340000000000002	0.0226203125
1.936	0.0228015625
1.9380000000000002	0.02295
1.94	0.0230796875
1.9420000000000002	0.023200000000000002
1.944	0.0233125
1.9460000000000002	0.023418750000000002
1.948	0.023512500000000002
1.9500000000000002	0.023576562500000002
1.952	0.0236
1.9540000000000002	0.023573437500000002
1.956	0.023512500000000002
1.958	0.023421875
1.9599999999999997	0.023315625
1.962	0.023200000000000002
1.9639999999999997	0.0230921875
1.966	0.0230015625
1.9679999999999997	0.022928125
1.97	0.0228625
1.9719999999999998	0.0228
1.974	0.022751562500000003
1.9759999999999998	0.022721875000000002
1.978	0.0227171875
1.9799999999999998	0.0227421875
1.982	0.0228
1.9839999999999998	0.022909375000000003
1.986	0.0230546875
1.9880000000000002	0.023226562500000002
1.99	0.023412500000000003
1.9920000000000002	0.0236
1.994	0.023792187500000003
1.9960000000000002	0.0239703125
1.998	0.0241328125
2.0	0.024275
2.002	0.0244
2.004	0.0245125
2.006	0.024610937500000003
2.008	0.0246921875
2.01	0.02475625
2.012	0.024800000000000003
2.014	0.0248234375
2.016	0.024832812500000002
2.018	0.024831250000000003
2.02	0.0248203125
2.022	0.024800000000000003
2.024	0.024771875000000002
2.026	0.024753125
2.028	0.02475
2.03	0.024765625000000003
2.032	0.024800000000000003
2.034	0.02484375
2.036	0.024909375
2.038	0.024995312500000002
2.04	0.02509375
2.042	0.0252
2.044	0.02529375
2.046	0.0253828125
2.048	0.025467187500000002
2.0500000000000003	0.025540625
2.052	0.0256
2.0540000000000003	0.025634375
2.056	0.025651562500000002
2.0580000000000003	0.025653125000000002
2.06	0.0256359375
2.0620000000000003	0.0256
2.064	0.0255484375
2.0660000000000003	0.0254828125
2.068	0.025403125000000002
2.0700000000000003	0.025307812500000002
2.072	0.0252
2.0740000000000003	0.0251015625
2.076	0.025009375
2.078	0.024926562500000003
2.0799999999999996	0.02485625
2.082	0.024800000000000003
2.0839999999999996	0.0247765625
2.086	0.024770312500000002
2.0879999999999996	0.024775000000000002
2.09	0.0247859375
2.0919999999999996	0.024800000000000003
2.094	0.024835937500000002
2.0959999999999996	0.024884375
2.098	0.024954687500000003
2.0999999999999996	0.025057812500000002
2.102	0.0252
2.1039999999999996	0.025390625
2.106	0.0256140625
2.1079999999999997	0.025865625
2.11	0.0261328125
2.112	0.0264
2.114	0.02664375
2.116	0.026853125000000002
2.118	0.02701875
2.12	0.027135937500000002
2.122	0.027200000000000002
2.124	0.027196875000000002
2.126	0.0271484375
2.128	0.0270609375
2.13	0.026943750000000002
2.132	0.0268
2.134	0.0266375
2.136	0.026473437500000002
2.138	0.026312500000000003
2.14	0.026154687500000003
2.142	0.026000000000000002
2.144	0.025868750000000003
2.146	0.0257609375
2.148	0.025679687500000003
2.15	0.025625000000000002
2.152	0.0256
2.154	0.025618750000000003
2.156	0.025671875
2.158	0.02575625
2.16	0.0258671875
2.162	0.026000000000000002
2.164	0.026157812500000002
2.166	0.0263203125
2.168	0.0264828125
2.1700000000000004	0.02664375
2.172	0.0268
2.174	0.0269578125
2.1759999999999997	0.0271125
2.178	0.0272671875
2.1799999999999997	0.02743125
2.182	0.027600000000000003
2.1839999999999997	0.027753125
2.186	0.027885937500000003
2.1879999999999997	0.027981250000000003
2.19	0.0280234375
2.1919999999999997	0.028
2.194	0.0278953125
2.1959999999999997	0.02774375
2.198	0.0275625
2.1999999999999997	0.027375
2.202	0.027200000000000002
2.2039999999999997	0.0270515625
2.206	0.026945312500000002
2.2079999999999997	0.026876562500000003
2.21	0.0268328125
2.2119999999999997	0.0268
2.214	0.0267796875
2.2159999999999997	0.0267671875
2.218	0.0267640625
2.2199999999999998	0.0267734375
2.222	0.0268
2.2239999999999998	0.026854687500000002
2.226	0.026928125
2.2279999999999998	0.027015625
2.23	0.0271078125
2.232	0.027200000000000002
2.234	0.027287500000000003
2.236	0.02736875
2.238	0.027443750000000003
2.24	0.02751875
2.242	0.027600000000000003
2.244	0.02768125
2.246	0.027765625000000002
2.248	0.0278484375
2.25	0.027928125
2.2520000000000002	0.028
2.254	0.0280375
2.2560000000000002	0.0280546875
2.258	0.028053125
2.2600000000000002	0.028034375
2.262	0.028
2.2640000000000002	0.0279296875
2.266	0.02785
2.2680000000000002	0.027767187500000002
2.27	0.0276828125
2.272	0.027600000000000003
2.2739999999999996	0.0275046875
2.276	0.027417187500000002
2.2779999999999996	0.0273375
2.28	0.027265625
2.2819999999999996	0.027200000000000002
2.284	0.027135937500000002
2.2859999999999996	0.027068750000000003
2.288	0.0269921875
2.29	0.026903125
2.292	0.0268
2.294	0.0267015625
2.296	0.0266046875
2.298	0.026515625
2.3	0.026446875
2.302	0.0264
2.304	0.0264015625
2.306	0.026414062500000002
2.308	0.0264265625
2.31	0.026425
2.312	0.0264
2.314	0.026378125000000002
2.316	0.026348437500000002
2.318	0.0263296875
2.32	0.026340625000000003
2.322	0.0264
2.324	0.026521875
2.326	0.02668125
2.328	0.0268609375
2.33	0.027040625000000002
2.332	0.027200000000000002
2.334	0.027320312500000003
2.336	0.02740625
2.338	0.0274703125
2.34	0.0275296875
2.342	0.027600000000000003
2.344	0.027671875000000002
2.346	0.027759375000000003
2.348	0.027854687500000003
2.35	0.0279390625
2.3520000000000003	0.028
2.354	0.028003125
2.3560000000000003	0.0279625
2.358	0.0278765625
2.3600000000000003	0.027753125
2.362	0.027600000000000003
2.3640000000000003	0.027421875000000002
2.366	0.0272453125
2.368	0.0270796875
2.3699999999999997	0.02693125
2.372	0.0268
2.3739999999999997	0.026695312500000002
2.376	0.026609375
2.3779999999999997	0.026534375000000002
2.38	0.026467187500000003
2.3819999999999997	0.0264
2.384	0.0263515625
2.3859999999999997	0.026317187500000002
2.388	0.02630625
2.3899999999999997	0.02633125
2.392	0.0264
2.3939999999999997	0.026528125
2.396	0.026687500000000003
2.3979999999999997	0.0268640625
2.4	0.027040625000000002
2.4019999999999997	0.027200000000000002
2.404	0.0273359375
2.4059999999999997	0.0274375
2.408	0.027507812500000003
2.41	0.027559375
2.412	0.027600000000000003
2.414	0.027634375000000003
2.416	0.027659375
2.418	0.027668750000000002
2.42	0.02765
2.422	0.027600000000000003
2.424	0.02751875
2.426	0.0274234375
2.428	0.0273296875
2.43	0.0272515625
2.432	0.027200000000000002
2.434	0.02718125
2.436	0.0271875
2.438	0.027203125
2.44	0.0272109375
2.442	0.027200000000000002
2.444	0.027167187500000002
2.446	0.027129687500000003
2.448	0.027109375
2.45	0.027128125000000003
2.452	0.027200000000000002
2.454	0.02733125
2.456	0.0275046875
2.458	0.02769375
2.46	0.0278671875
2.462	0.028
2.464	0.028071875000000003
2.4659999999999997	0.028090625
2.4679999999999995	0.0280703125
2.4699999999999998	0.0280328125
2.472	0.028
2.4739999999999998	0.027984375000000002
2.476	0.027989062500000002
2.4779999999999998	0.0280046875
2.48	0.028014062500000003
2.4819999999999998	0.028
2.484	0.027954687500000002
2.4859999999999998	0.0278828125
2.488	0.027790625000000003
2.4899999999999998	0.0276921875
2.492	0.027600000000000003
2.4939999999999998	0.0275328125
2.496	0.0275015625
2.4979999999999998	0.0275046875
2.5	0.027539062500000003
2.502	0.027600000000000003
2.504	0.027675
2.506	0.027759375000000003
2.508	0.02784375
2.51	0.027923437500000002
2.512	0.028
2.514	0.0280703125
2.516	0.028139062500000003
2.518	0.0282140625
2.52	0.028300000000000002
2.522	0.0284
2.524	0.0285046875
2.526	0.028610937500000003
2.528	0.028704687500000003
2.5300000000000002	0.028770312500000002
2.532	0.028800000000000003
2.5340000000000003	0.0287828125
2.536	0.028725
2.5380000000000003	0.0286359375
2.54	0.028523437500000002
2.5420000000000003	0.0284
2.544	0.0282828125
2.5460000000000003	0.028184375
2.548	0.028106250000000003
2.5500000000000003	0.028045312500000003
2.552	0.028
2.5540000000000003	0.0279734375
2.556	0.0279625
2.5580000000000003	0.0279640625
2.56	0.0279765625
2.562	0.028
2.5639999999999996	0.0280390625
2.566	0.0280953125
2.5679999999999996	0.028173437500000002
2.57	0.0282734375
2.5719999999999996	0.0284
2.574	0.0285390625
2.5759999999999996	0.0286953125
2.578	0.028860937500000003
2.5799999999999996	0.02903125
2.582	0.0292
2.5839999999999996	0.029337500000000002
2.586	0.0294484375
2.5879999999999996	0.029531250000000002
2.59	0.02958125
2.592	0.0296
2.594	0.0295671875
2.596	0.0295078125
2.598	0.0294234375
2.6	0.0293203125
2.602	0.0292
2.604	0.029054687500000002
2.606	0.028901562500000002
2.608	0.028742187500000002
2.61	0.028575
2.612	0.0284
2.614	0.0282203125
2.616	0.028046875000000002
2.618	0.02788125
2.62	0.027729687500000003
2.622	0.027600000000000003
2.624	0.027512500000000002
2.626	0.027465625
2.628	0.0274625
2.63	0.027507812500000003
2.632	0.027600000000000003
2.634	0.0277390625
2.636	0.0279
2.638	0.0280703125
2.64	0.028240625000000002
2.642	0.0284
2.644	0.028534375
2.646	0.0286375
2.648	0.028710937500000002
2.65	0.0287625
2.652	0.028800000000000003
2.6540000000000004	0.02881875
2.656	0.0288265625
2.658	0.0288265625
2.6599999999999997	0.02881875
2.662	0.028800000000000003
2.6639999999999997	0.0287578125
2.666	0.0286984375
2.6679999999999997	0.0286203125
2.67	0.028520312500000002
2.6719999999999997	0.0284
2.674	0.0282546875
2.6759999999999997	0.0280984375
2.678	0.0279328125
2.6799999999999997	0.027765625000000002
2.682	0.027600000000000003
2.6839999999999997	0.0274546875
2.686	0.0273359375
2.6879999999999997	0.0272515625
2.69	0.0272046875
2.6919999999999997	0.027200000000000002
2.694	0.0272453125
2.6959999999999997	0.027317187500000003
2.698	0.02740625
2.6999999999999997	0.027503125
2.702	0.027600000000000003
2.7039999999999997	0.0276921875
2.706	0.027771875
2.7079999999999997	0.02784375
2.71	0.027917187500000003
2.712	0.028
2.714	0.028081250000000002
2.716	0.028165625
2.718	0.0282484375
2.72	0.028328125000000003
2.722	0.0284
2.724	0.0284375
2.726	0.028454687500000003
2.728	0.028450000000000003
2.73	0.02843125
2.732	0.0284
2.734	0.028335937500000002
2.736	0.028262500000000003
2.738	0.0281828125
2.74	0.028096875
2.742	0.028
2.744	0.0278734375
2.746	0.027732812500000002
2.748	0.027573437500000002
2.75	0.0273953125
2.7520000000000002	0.027200000000000002
2.754	0.0269953125
2.756	0.0267984375
2.7579999999999996	0.026625000000000003
2.76	0.0264890625
2.7619999999999996	0.0264
2.764	0.026365625
2.7659999999999996	0.0263640625
2.768	0.026379687500000002
2.7699999999999996	0.0263953125
2.772	0.0264
2.774	0.02639375
2.776	0.026373437500000003
2.778	0.0263546875
2.78	0.0263578125
2.782	0.0264
2.784	0.02648125
2.786	0.0265796875
2.788	0.0266796875
2.79	0.026759375000000002
2.792	0.0268
2.794	0.026781250000000003
2.796	0.0267125
2.798	0.026609375
2.8	0.026500000000000003
2.802	0.0264
2.804	0.026317187500000002
2.806	0.026248437500000003
2.808	0.026182812500000003
2.81	0.0261046875
2.812	0.026000000000000002
2.814	0.0258640625
2.816	0.0257015625
2.818	0.025525000000000003
2.82	0.025353125
2.822	0.0252
2.824	0.0250921875
2.826	0.025009375
2.828	0.02494375
2.83	0.024878125
2.8320000000000003	0.024800000000000003
2.834	0.0247296875
2.8360000000000003	0.024643750000000002
2.838	0.024551562500000002
2.8400000000000003	0.0244640625
2.842	0.0244
2.8440000000000003	0.0244015625
2.846	0.02444375
2.8480000000000003	0.0245265625
2.85	0.024648437500000002
2.852	0.024800000000000003
2.8539999999999996	0.0249828125
2.856	0.0251625
2.8579999999999997	0.0253296875
2.86	0.0254765625
2.8619999999999997	0.0256
2.864	0.02569375
2.8659999999999997	0.02576875
2.868	0.0258359375
2.8699999999999997	0.0259109375
2.872	0.026000000000000002
2.8739999999999997	0.026089062500000003
2.876	0.026184375000000003
2.8779999999999997	0.026278125000000003
2.88	0.0263546875
2.8819999999999997	0.0264
2.884	0.026384375
2.8859999999999997	0.0263296875
2.888	0.026240625
2.8899999999999997	0.026129687500000002
2.892	0.026000000000000002
2.894	0.0258515625
2.896	0.0257015625
2.898	0.0255453125
2.9	0.02538125
2.902	0.0252
2.904	0.025018750000000003
2.906	0.024839062500000002
2.908	0.02466875
2.91	0.024520312500000002
2.912	0.0244
2.914	0.0243453125
2.916	0.024326562500000003
2.918	0.0243359375
2.92	0.024364062500000002
2.922	0.0244
2.924	0.02446875
2.926	0.0245390625
2.928	0.024614062500000002
2.93	0.0247
2.932	0.024800000000000003
2.934	0.0249375
2.936	0.025089062500000002
2.938	0.0252515625
2.94	0.0254234375
2.942	0.0256
2.944	0.025776562500000003
2.946	0.02594375
2.948	0.026103125
2.9499999999999997	0.026256250000000002
2.952	0.0264
2.9539999999999997	0.0265203125
2.956	0.026626562500000003
2.9579999999999997	0.0267109375
2.96	0.026771875
2.9619999999999997	0.0268
2.964	0.0267734375
2.9659999999999997	0.026718750000000003
2.968	0.0266359375
2.9699999999999998	0.026529687500000003
2.972	0.0264
2.9739999999999998	0.026246875000000003
2.976	0.026089062500000003
2.9779999999999998	0.025928125
2.98	0.0257640625
2.9819999999999998	0.0256
2.984	0.025459375000000003
2.9859999999999998	0.02534375
2.988	0.025259375
2.9899999999999998	0.025210937500000002
2.992	0.0252
2.9939999999999998	0.025243750000000002
2.996	0.02531875
2.9979999999999998	0.025409375
3.0	0.0255078125
3.002	0.0256
3.004	0.025696875
3.006	0.025779687500000002
3.008	0.0258515625
3.01	0.025921875
3.012	0.026000000000000002
3.0140000000000002	0.02610625
3.016	0.0262359375
3.0180000000000002	0.0263953125
3.02	0.0265859375
3.0220000000000002	0.0268
3.024	0.02701875
3.0260000000000002	0.027225000000000003
3.028	0.0274015625
3.0300000000000002	0.0275296875
3.032	0.027600000000000003
3.0340000000000003	0.0275875
3.036	0.0275234375
3.0380000000000003	0.0274265625
3.04	0.0273140625
3.0420000000000003	0.027200000000000002
3.044	0.02708125
3.046	0.0269859375
3.0479999999999996	0.026914062500000002
3.05	0.02685625
3.0519999999999996	0.0268
3.054	0.026728125000000002
3.0559999999999996	0.0266484375
3.058	0.026564062500000003
3.0599999999999996	0.026478125
3.062	0.0264
3.0639999999999996	0.0263296875
3.066	0.026285937500000002
3.0679999999999996	0.026281250000000003
3.07	0.0263203125
3.072	0.0264
3.074	0.026500000000000003
3.076	0.02660625
3.078	0.026703125
3.08	0.026771875
3.082	0.0268
3.084	0.0267703125
3.086	0.026696875000000002
3.088	0.026596875000000002
3.09	0.0264921875
3.092	0.0264
3.094	0.026321875
3.096	0.026254687500000002
3.098	0.026189062500000002
3.1	0.0261078125
3.102	0.026000000000000002
3.104	0.0258578125
3.106	0.025690625
3.108	0.0255109375
3.11	0.02534375
3.112	0.0252
3.114	0.025096875
3.116	0.025018750000000003
3.118	0.024953125
3.12	0.024884375
3.122	0.024800000000000003
3.124	0.024707812500000002
3.126	0.024603125
3.128	0.024503125
3.13	0.024429687500000002
3.132	0.0244
3.1340000000000003	0.024440625
3.136	0.024518750000000002
3.1380000000000003	0.024618750000000002
3.14	0.02471875
3.142	0.024800000000000003
3.1439999999999997	0.0248578125
3.146	0.024875
3.1479999999999997	0.024860937500000003
3.15	0.024831250000000003
3.1519999999999997	0.024800000000000003
3.154	0.0247828125
3.1559999999999997	0.0247765625
3.158	0.0247796875
3.1599999999999997	0.0247890625
3.162	0.024800000000000003
3.1639999999999997	0.024801562500000002
3.166	0.024796875
3.1679999999999997	0.024790625
3.17	0.024790625
3.1719999999999997	0.024800000000000003
3.174	0.024809375
3.1759999999999997	0.024821875
3.178	0.024828125
3.1799999999999997	0.0248234375
3.182	0.024800000000000003
3.1839999999999997	0.024746875
3.186	0.024673437500000003
3.1879999999999997	0.024585937500000002
3.19	0.02449375
3.1919999999999997	0.0244
3.194	0.024315625
3.196	0.024237500000000002
3.198	0.0241609375
3.2	0.024082812500000002
3.202	0.024
3.204	0.023920312500000002
3.206	0.0238359375
3.208	0.02375
3.21	0.023668750000000002
3.212	0.0236
3.214	0.0235578125
3.216	0.023534375
3.218	0.023534375
3.22	0.02355625
3.222	0.0236
3.224	0.023668750000000002
3.226	0.0237453125
3.228	0.023826562500000002
3.23	0.0239125
3.232	0.024
3.234	0.024079687500000002
3.236	0.02415625
3.238	0.024232812500000003
3.2399999999999998	0.0243140625
3.2419999999999995	0.0244
3.2439999999999998	0.024465625
3.2459999999999996	0.024509375
3.2479999999999998	0.024518750000000002
3.2499999999999996	0.024484375000000003
3.252	0.0244
3.254	0.024253125
3.256	0.024076562500000002
3.258	0.0238953125
3.26	0.023729687500000003
3.262	0.0236
3.264	0.0235015625
3.266	0.02343125
3.268	0.0233734375
3.27	0.0233015625
3.272	0.023200000000000002
3.274	0.023059375
3.276	0.022885937500000002
3.278	0.022703125
3.28	0.022532812500000002
3.282	0.0224
3.284	0.0223265625
3.286	0.0223015625
3.288	0.022317187500000002
3.29	0.02235625
3.292	0.0224
3.294	0.022442187500000002
3.296	0.0224578125
3.298	0.0224484375
3.3	0.0224265625
3.302	0.0224
3.304	0.0223859375
3.306	0.022376562500000002
3.308	0.022375000000000003
3.31	0.022384375
3.312	0.0224
3.314	0.022425
3.3160000000000003	0.022440625000000002
3.318	0.0224453125
3.3200000000000003	0.0224328125
3.322	0.0224
3.3240000000000003	0.0223546875
3.326	0.022287500000000002
3.3280000000000003	0.022203125
3.33	0.0221046875
3.3320000000000003	0.022000000000000002
3.334	0.0219
3.336	0.0218046875
3.3379999999999996	0.021721875
3.34	0.021653125000000002
3.3419999999999996	0.0216
3.344	0.021575
3.3459999999999996	0.021562500000000002
3.348	0.0215640625
3.3499999999999996	0.0215765625
3.352	0.0216
3.3539999999999996	0.021646875
3.356	0.0217078125
3.3579999999999997	0.0217859375
3.36	0.021884375
3.3619999999999997	0.022000000000000002
3.364	0.022129687500000002
3.3659999999999997	0.022250000000000002
3.368	0.022343750000000002
3.3699999999999997	0.022396875
3.372	0.0224
3.374	0.0223578125
3.376	0.022278125000000003
3.378	0.022178125
3.38	0.0220796875
3.382	0.022000000000000002
3.384	0.0219578125
3.386	0.0219484375
3.388	0.0219609375
3.39	0.0219828125
3.392	0.022000000000000002
3.394	0.02200625
3.396	0.022001562500000002
3.398	0.021990625
3.4	0.0219875
3.402	0.022000000000000002
3.404	0.022032812500000002
3.406	0.022092187500000002
3.408	0.022178125
3.41	0.022284375000000002
3.412	0.0224
3.414	0.022501562500000002
3.416	0.022593750000000003
3.418	0.0226734375
3.42	0.0227421875
3.422	0.0228
3.424	0.022828125
3.426	0.022840625
3.428	0.0228390625
3.43	0.0228265625
3.432	0.0228
3.4339999999999997	0.0227453125
3.436	0.022678125
3.4379999999999997	0.022598437500000002
3.44	0.022506250000000002
3.4419999999999997	0.0224
3.444	0.022271875
3.4459999999999997	0.022126562500000002
3.448	0.021965625000000003
3.4499999999999997	0.021790625
3.452	0.0216
3.4539999999999997	0.0214125
3.456	0.02123125
3.4579999999999997	0.0210625
3.46	0.0209171875
3.4619999999999997	0.020800000000000003
3.464	0.020735937500000003
3.4659999999999997	0.020707812500000002
3.468	0.020712500000000002
3.4699999999999998	0.020743750000000002
3.472	0.020800000000000003
3.4739999999999998	0.0208875
3.476	0.020975
3.4779999999999998	0.021056250000000002
3.48	0.02113125
3.4819999999999998	0.0212
3.484	0.02126875
3.4859999999999998	0.021334375000000003
3.488	0.02140625
3.4899999999999998	0.021493750000000002
3.492	0.0216
3.494	0.021717187500000002
3.496	0.021828125
3.498	0.021921875
3.5	0.0219828125
3.5020000000000002	0.022000000000000002
3.504	0.02195625
3.5060000000000002	0.021875000000000002
3.508	0.021775000000000003
3.5100000000000002	0.0216796875
3.512	0.0216
3.5140000000000002	0.021528125000000002
3.516	0.0214703125
3.5180000000000002	0.021409375
3.52	0.0213234375
3.5220000000000002	0.0212
3.524	0.02103125
3.5260000000000002	0.0208421875
3.528	0.02065625
3.53	0.0205015625
3.5319999999999996	0.0204
3.534	0.0203671875
3.5359999999999996	0.020378125
3.538	0.0204078125
3.5399999999999996	0.020423437500000002
3.542	0.0204
3.5439999999999996	0.0203421875
3.546	0.020246875
3.5479999999999996	0.0201359375
3.55	0.020045312500000002
3.5519999999999996	0.02
3.554	0.02003125
3.556	0.020109375000000002
3.558	0.0202140625
3.56	0.0203203125
3.562	0.0204
3.564	0.02045
3.566	0.020456250000000002
3.568	0.020434375
3.57	0.0204078125
3.572	0.0204
3.574	0.0204296875
3.576	0.02049375
3.578	0.0205875
3.58	0.0206953125
3.582	0.020800000000000003
3.584	0.0208734375
3.586	0.020909375
3.588	0.0209078125
3.59	0.020868750000000002
3.592	0.020800000000000003
3.594	0.020703125
3.596	0.0206015625
3.598	0.0205109375
3.6	0.0204421875
3.602	0.0204
3.604	0.0203765625
3.606	0.0203734375
3.608	0.020384375
3.61	0.0203984375
3.612	0.0204
3.614	0.020371875
3.616	0.0203140625
3.6180000000000003	0.020228125
3.62	0.0201203125
3.622	0.02
3.624	0.019878125
3.626	0.019767187500000002
3.6279999999999997	0.01968125
3.63	0.019625
3.6319999999999997	0.0196
3.634	0.019607812500000002
3.6359999999999997	0.0196234375
3.638	0.019635937500000002
3.6399999999999997	0.01963125
3.642	0.0196
3.6439999999999997	0.019545312500000002
3.646	0.0194640625
3.6479999999999997	0.0193671875
3.65	0.019275
3.6519999999999997	0.019200000000000002
3.654	0.019160937500000003
3.6559999999999997	0.0191484375
3.658	0.0191578125
3.6599999999999997	0.019178125
3.662	0.019200000000000002
3.6639999999999997	0.0192234375
3.666	0.0192328125
3.6679999999999997	0.019228125000000002
3.67	0.019215625
3.6719999999999997	0.019200000000000002
3.674	0.019195312500000002
3.676	0.019192187500000003
3.678	0.019193750000000002
3.68	0.019196875000000002
3.682	0.019200000000000002
3.684	0.01920625
3.686	0.0192078125
3.688	0.01920625
3.69	0.019203125
3.692	0.019200000000000002
3.694	0.019200000000000002
3.696	0.019200000000000002
3.698	0.019200000000000002
3.7	0.019200000000000002
3.702	0.019200000000000002
3.704	0.019198437500000002
3.706	0.019195312500000002
3.708	0.019193750000000002
3.71	0.019195312500000002
3.712	0.019200000000000002
3.714	0.0192015625
3.716	0.019203125
3.718	0.019203125
3.72	0.0192015625
3.722	0.019200000000000002
3.7239999999999998	0.019190625
3.7259999999999995	0.01918125
3.7279999999999993	0.019178125
3.73	0.019184375
3.7319999999999998	0.019200000000000002
3.7339999999999995	0.019215625
3.736	0.019228125000000002
3.738	0.019234375
3.7399999999999998	0.019226562500000002
3.7419999999999995	0.019200000000000002
3.744	0.019146875
3.746	0.019073437500000002
3.7479999999999998	0.0189859375
3.7499999999999996	0.01889375
3.7520000000000002	0.0188
3.754	0.018715625
3.756	0.0186375
3.7579999999999996	0.0185609375
3.7600000000000002	0.0184828125
3.762	0.0184
3.764	0.0183203125
3.7659999999999996	0.0182359375
3.7680000000000002	0.01815
3.77	0.01806875
3.772	0.018000000000000002
3.7739999999999996	0.0179609375
3.7760000000000002	0.017940625
3.778	0.017940625
3.78	0.0179609375
3.7819999999999996	0.018000000000000002
3.7840000000000003	0.018064062500000002
3.786	0.0181375
3.788	0.018218750000000002
3.7899999999999996	0.01830625
3.7920000000000003	0.0184
3.794	0.0184984375
3.796	0.0185890625
3.7980000000000005	0.018671875
3.8000000000000003	0.0187421875
3.802	0.0188
3.804	0.0188390625
3.8060000000000005	0.018859375
3.8080000000000003	0.018859375
3.81	0.0188390625
3.812	0.0188
3.814	0.0187390625
3.816	0.018665625
3.818	0.01858125
3.82	0.0184921875
3.822	0.0184
3.824	0.0183046875
3.8259999999999996	0.0182140625
3.8279999999999994	0.0181328125
3.83	0.018059375000000003
3.832	0.018000000000000002
3.8339999999999996	0.0179515625
3.8359999999999994	0.0179234375
3.838	0.01791875
3.84	0.0179453125
3.8419999999999996	0.018000000000000002
3.8439999999999994	0.0180703125
3.846	0.0181515625
3.848	0.0182390625
3.8499999999999996	0.018325
3.8519999999999994	0.0184
3.854	0.0184453125
3.856	0.0184625
3.8579999999999997	0.0184578125
3.8600000000000003	0.0184359375
3.862	0.0184
3.864	0.018340625
3.8659999999999997	0.0182703125
3.8680000000000003	0.018189062500000002
3.87	0.0181
3.872	0.018000000000000002
3.8739999999999997	0.017884375
3.8760000000000003	0.017746875000000002
3.878	0.017587500000000002
3.88	0.017404687500000002
3.8819999999999997	0.0172
3.8840000000000003	0.016995312500000002
3.886	0.016796875
3.888	0.0166234375
3.8899999999999997	0.016487500000000002
3.8920000000000003	0.0164
3.894	0.0163765625
3.896	0.016384375
3.8979999999999997	0.0164015625
3.9000000000000004	0.0164125
3.902	0.0164
3.904	0.0163828125
3.9059999999999997	0.0163515625
3.9080000000000004	0.0163265625
3.91	0.0163375
3.912	0.0164
3.9139999999999997	0.01653125
3.916	0.0167
3.9179999999999997	0.0168859375
3.9199999999999995	0.0170609375
3.922	0.0172
3.924	0.01728125
3.9259999999999997	0.017303125000000003
3.9279999999999995	0.01728125
3.93	0.0172390625
3.932	0.0172
3.9339999999999997	0.01716875
3.9359999999999995	0.0171578125
3.938	0.0171671875
3.94	0.0171859375
3.9419999999999997	0.0172
3.9439999999999995	0.017178125000000002
3.946	0.0171265625
3.948	0.01704375
3.9499999999999997	0.016934375
3.9519999999999995	0.016800000000000002
3.954	0.016645312500000002
3.956	0.0164828125
3.9579999999999997	0.01631875
3.9599999999999995	0.01615625
3.962	0.016
3.964	0.0158703125
3.9659999999999997	0.015762500000000002
3.9679999999999995	0.0156828125
3.97	0.015628125
3.972	0.015600000000000001
3.9739999999999998	0.015610937500000002
3.9760000000000004	0.0156265625
3.978	0.015634375000000002
3.98	0.0156265625
3.9819999999999998	0.015600000000000001
3.9840000000000004	0.0155765625
3.986	0.015546875
3.988	0.01553125
3.9899999999999998	0.01554375
3.9920000000000004	0.015600000000000001
3.994	0.015715625
3.996	0.0158671875
3.9979999999999998	0.0160421875
4.0	0.0162265625
4.002	0.0164
4.004	0.01654375
4.005999999999999	0.016648437500000002
4.008	0.016721875
4.01	0.016768750000000002
4.012	0.016800000000000002
4.013999999999999	0.016806250000000002
4.016	0.0168078125
4.018	0.016809375
4.02	0.0168078125
4.021999999999999	0.016800000000000002
4.024	0.0167625
4.026	0.016707812500000002
4.028	0.0166296875
4.029999999999999	0.016528125
4.032	0.0164
4.034	0.0162453125
4.036	0.016078125000000002
4.038	0.0159109375
4.04	0.0157484375
4.042	0.015600000000000001
4.044	0.0154765625
4.046	0.015378125000000001
4.048	0.015303125
4.05	0.0152453125
4.052	0.0152
4.054	0.015178125
4.056	0.015165625
4.058	0.0151625
4.06	0.015171875000000001
4.062	0.0152
4.064	0.0152609375
4.066	0.015334375
4.068	0.01541875
4.07	0.0155078125
4.072	0.015600000000000001
4.074	0.015698437500000002
4.076	0.0157890625
4.078	0.01586875
4.08	0.0159390625
4.082	0.016
4.084	0.0160515625
4.086	0.016079687500000002
4.088	0.016084375
4.09	0.0160578125
4.092	0.016
4.094	0.015920312500000002
4.096	0.015829687500000002
4.098	0.0157390625
4.1000000000000005	0.015659375
4.102	0.015600000000000001
4.104	0.0155703125
4.106	0.015565625000000001
4.1080000000000005	0.0155765625
4.11	0.0155921875
4.112	0.015600000000000001
4.114	0.015600000000000001
4.1160000000000005	0.0155921875
4.118	0.015584375000000001
4.12	0.015584375000000001
4.122	0.015600000000000001
4.1240000000000006	0.01564375
4.126	0.0157109375
4.128	0.0157984375
4.13	0.015896875
4.132000000000001	0.016
4.134	0.0161
4.136	0.016190625
4.138	0.016270312500000002
4.140000000000001	0.016340625
4.142	0.0164
4.144	0.0164421875
4.146	0.0164671875
4.148000000000001	0.0164703125
4.15	0.01645
4.152	0.0164
4.154	0.016325
4.156	0.016237500000000002
4.1579999999999995	0.016146875
4.159999999999999	0.016065625
4.162	0.016
4.164	0.015959375
4.1659999999999995	0.0159453125
4.167999999999999	0.015951562500000002
4.17	0.0159734375
4.172	0.016
4.1739999999999995	0.016021875
4.175999999999999	0.016034375
4.178	0.016034375
4.18	0.016021875
4.1819999999999995	0.016
4.183999999999999	0.0159734375
4.186	0.015951562500000002
4.188	0.0159453125
4.1899999999999995	0.015959375
4.191999999999999	0.016
4.194	0.0160625
4.196	0.016142187500000002
4.1979999999999995	0.0162296875
4.199999999999999	0.0163203125
4.202	0.0164
4.204	0.016453125000000002
4.2059999999999995	0.016478125
4.207999999999999	0.0164765625
4.21	0.0164484375
4.212	0.0164
4.2139999999999995	0.0163265625
4.215999999999999	0.0162421875
4.218	0.0161578125
4.22	0.016076562500000002
4.2219999999999995	0.016
4.224	0.015923437500000002
4.226	0.015846875
4.228	0.0157703125
4.2299999999999995	0.0156890625
4.232	0.015600000000000001
4.234	0.0155109375
4.236	0.0154203125
4.2379999999999995	0.015334375
4.24	0.015259375
4.242	0.0152
4.244	0.015170312500000002
4.2459999999999996	0.015159375000000001
4.248	0.0151640625
4.25	0.0151796875
4.252	0.0152
4.254	0.0152296875
4.256	0.0152453125
4.258	0.0152453125
4.26	0.0152296875
4.262	0.0152
4.264	0.015178125
4.266	0.015157812500000001
4.268	0.01515
4.27	0.0151609375
4.272	0.0152
4.274	0.0152734375
4.276	0.015360937500000001
4.2780000000000005	0.015453125000000002
4.28	0.015535937500000001
4.282	0.015600000000000001
4.284	0.0156421875
4.2860000000000005	0.01565625
4.288	0.01565
4.29	0.015628125
4.292	0.015600000000000001
4.2940000000000005	0.015578125
4.296	0.015568750000000001
4.298	0.0155703125
4.3	0.015582812500000001
4.3020000000000005	0.015600000000000001
4.304	0.015615625000000001
4.306	0.015625
4.308	0.0156265625
4.3100000000000005	0.0156171875
4.312	0.015600000000000001
4.314	0.015571875
4.316	0.015548437500000001
4.3180000000000005	0.0155390625
4.32	0.0155546875
4.322	0.015600000000000001
4.324	0.015659375
4.3260000000000005	0.0157359375
4.328	0.015826562500000002
4.33	0.0159171875
4.332	0.016
4.3340000000000005	0.016045312500000002
4.336	0.0160640625
4.338	0.016059375
4.340000000000001	0.0160375
4.3420000000000005	0.016
4.344	0.0159390625
4.346	0.01586875
4.348	0.015790625
4.35	0.015703125000000002
4.351999999999999	0.015600000000000001
4.353999999999999	0.0154796875
4.356	0.0153390625
4.358	0.0151796875
4.359999999999999	0.014998437500000001
4.361999999999999	0.0148
4.364	0.014609375
4.366	0.0144234375
4.367999999999999	0.0142546875
4.369999999999999	0.0141109375
4.372	0.014
4.374	0.0139515625
4.3759999999999994	0.013934375
4.377999999999999	0.013943750000000001
4.38	0.0139671875
4.382	0.014
4.3839999999999995	0.0140609375
4.385999999999999	0.014125
4.388	0.014198437500000001
4.39	0.0142875
4.3919999999999995	0.014400000000000001
4.393999999999999	0.014546875
4.396	0.014709375
4.398	0.014876562500000001
4.3999999999999995	0.015043750000000002
4.402	0.0152
4.404	0.015329687500000001
4.406	0.01543125
4.4079999999999995	0.015506250000000001
4.41	0.0155609375
4.412	0.015600000000000001
4.414	0.015615625000000001
4.4159999999999995	0.015621875
4.418	0.0156234375
4.42	0.0156171875
4.422	0.015600000000000001
4.4239999999999995	0.015553125000000001
4.426	0.01549375
4.428	0.015415625
4.43	0.01531875
4.4319999999999995	0.0152
4.434	0.01505625
4.436	0.0149
4.438	0.014734375000000001
4.4399999999999995	0.0145671875
4.442	0.014400000000000001
4.444	0.01425625
4.446	0.0141375
4.4479999999999995	0.014053125000000001
4.45	0.014006250000000001
4.452	0.014
4.454	0.0140484375
4.4559999999999995	0.014125
4.458	0.014215625
4.46	0.0143109375
4.462	0.014400000000000001
4.464	0.0144921875
4.466	0.014571875000000001
4.468	0.01464375
4.47	0.014718750000000001
4.472	0.0148
4.474	0.01489375
4.476	0.014985937500000001
4.478	0.0150734375
4.48	0.015146875
4.482	0.0152
4.484	0.015228125
4.486	0.015234375000000001
4.488	0.015225
4.49	0.0152109375
4.492	0.0152
4.494	0.015190625000000001
4.496	0.015190625000000001
4.498	0.0151984375
4.5	0.015204687500000001
4.502	0.0152
4.5040000000000004	0.015170312500000002
4.506	0.0151171875
4.508	0.0150375
4.51	0.0149296875
4.5120000000000005	0.0148
4.514	0.0146609375
4.516	0.0145359375
4.518000000000001	0.014440625
4.5200000000000005	0.01439375
4.522	0.014400000000000001
4.524	0.014462500000000001
4.526000000000001	0.014557812500000001
4.5280000000000005	0.0146609375
4.53	0.014746875000000001
4.532	0.0148
4.534000000000001	0.0148171875
4.5360000000000005	0.0148046875
4.538	0.014781250000000001
4.54	0.0147734375
4.542	0.0148
4.544	0.0148703125
4.545999999999999	0.014968750000000001
4.547999999999999	0.015075
4.55	0.015159375000000001
4.552	0.0152
4.553999999999999	0.0151828125
4.555999999999999	0.015112500000000001
4.558	0.015009375
4.56	0.014896875
4.561999999999999	0.0148
4.563999999999999	0.0147359375
4.566	0.0147125
4.568	0.014725
4.569999999999999	0.014759375
4.571999999999999	0.0148
4.574	0.014826562500000001
4.576	0.0148359375
4.577999999999999	0.01483125
4.58	0.0148171875
4.582	0.0148
4.584	0.0147828125
4.585999999999999	0.014771875
4.588	0.014771875
4.59	0.014781250000000001
4.592	0.0148
4.593999999999999	0.014815625
4.596	0.014828125000000001
4.598	0.01483125
4.6	0.014823437500000002
4.601999999999999	0.0148
4.604	0.0147515625
4.606	0.014682812500000001
4.608	0.014596875
4.609999999999999	0.0145015625
4.612	0.014400000000000001
4.614	0.0143
4.616	0.0142046875
4.617999999999999	0.014121875
4.62	0.014053125000000001
4.622	0.014
4.624	0.01396875
4.6259999999999994	0.0139546875
4.628	0.01395625
4.63	0.013971875
4.632	0.014
4.6339999999999995	0.01403125
4.636	0.0140515625
4.638	0.0140578125
4.64	0.014040625000000001
4.642	0.014
4.644	0.0139359375
4.646	0.013853125
4.648	0.0137609375
4.65	0.0136734375
4.652	0.013600000000000001
4.654	0.013553125000000001
4.656	0.01353125
4.658	0.013532812500000001
4.66	0.013559375
4.662	0.013600000000000001
4.664	0.013643750000000001
4.666	0.013675000000000001
4.668	0.01368125
4.67	0.01365625
4.672	0.013600000000000001
4.674	0.013515625
4.676	0.0134171875
4.678	0.013321875
4.68	0.013246875
4.682	0.0132
4.684	0.0131953125
4.686	0.0132109375
4.688	0.0132296875
4.69	0.01323125
4.692	0.0132
4.694	0.01315
4.696	0.01306875
4.698	0.012971875
4.7	0.0128765625
4.702	0.0128
4.704000000000001	0.0127734375
4.706	0.012775
4.708	0.012790625
4.71	0.012803125
4.712000000000001	0.0128
4.714	0.0128015625
4.716	0.012790625
4.718	0.012775
4.720000000000001	0.0127734375
4.722	0.0128
4.724	0.012890625000000001
4.726	0.0130234375
4.728000000000001	0.0131953125
4.73	0.013392187500000001
4.732	0.013600000000000001
4.734	0.013804687500000001
4.736	0.013990625000000001
4.7379999999999995	0.014151562500000001
4.739999999999999	0.0142875
4.741999999999999	0.014400000000000001
4.744	0.014484375
4.7459999999999996	0.014557812500000001
4.747999999999999	0.0146296875
4.749999999999999	0.0147109375
4.752	0.0148
4.754	0.01488125
4.755999999999999	0.014971875
4.757999999999999	0.015062500000000001
4.76	0.015142187500000001
4.762	0.0152
4.763999999999999	0.015201562500000002
4.766	0.0151640625
4.768	0.015084375
4.77	0.0149609375
4.771999999999999	0.0148
4.774	0.014604687500000001
4.776	0.0144125
4.778	0.0142390625
4.779999999999999	0.0140984375
4.782	0.014
4.784	0.013953125
4.786	0.013946875000000001
4.787999999999999	0.0139640625
4.79	0.0139859375
4.792	0.014
4.794	0.0140109375
4.795999999999999	0.014006250000000001
4.798	0.0139953125
4.8	0.013989062500000001
4.802	0.014
4.803999999999999	0.014053125000000001
4.806	0.0141296875
4.808	0.0142203125
4.81	0.0143140625
4.811999999999999	0.014400000000000001
4.814	0.014493750000000001
4.816	0.014575000000000001
4.818	0.0146484375
4.82	0.014721875
4.822	0.0148
4.824	0.0148984375
4.826	0.014998437500000001
4.828	0.015090625
4.83	0.0151609375
4.832	0.0152
4.834	0.0152125
4.836	0.015206250000000001
4.838	0.0151953125
4.84	0.015189062500000001
4.842	0.0152
4.844	0.015237500000000001
4.846	0.0153046875
4.848	0.015395312500000001
4.85	0.0154984375
4.852	0.015600000000000001
4.854	0.0156859375
4.856	0.015765625000000002
4.858	0.0158421875
4.86	0.015918750000000002
4.862	0.016
4.864	0.016079687500000002
4.866	0.0161640625
4.868	0.016253125
4.87	0.016334375
4.872	0.0164
4.874	0.0164390625
4.876	0.016459375000000002
4.878	0.016459375000000002
4.88	0.0164390625
4.882000000000001	0.0164
4.884	0.0163484375
4.886	0.016284375
4.888	0.016206250000000002
4.890000000000001	0.016110937500000002
4.892	0.016
4.894	0.015889062500000002
4.896	0.015784375
4.898000000000001	0.015696875
4.9	0.0156328125
4.902	0.015600000000000001
4.904	0.015621875
4.906000000000001	0.01568125
4.908	0.0157703125
4.91	0.0158796875
4.912	0.016
4.914000000000001	0.0161359375
4.916	0.0162796875
4.918	0.016434375
4.92	0.0166078125
4.922000000000001	0.016800000000000002
4.924	0.017
4.926	0.017196875
4.928	0.017371875000000002
4.93	0.017509375
4.9319999999999995	0.0176
4.933999999999999	0.0176328125
4.935999999999999	0.01763125
4.938	0.0176125
4.9399999999999995	0.0175984375
4.941999999999999	0.0176
4.944	0.0176140625
4.946	0.0176421875
4.9479999999999995	0.017665625
4.949999999999999	0.0176578125
4.952	0.0176
4.954	0.017471875
4.9559999999999995	0.017304687500000002
4.957999999999999	0.017120312500000002
4.96	0.01694375
4.962	0.016800000000000002
4.9639999999999995	0.016707812500000002
4.965999999999999	0.016673437500000002
4.968	0.0166890625
4.97	0.016737500000000002
4.9719999999999995	0.016800000000000002
4.973999999999999	0.016867187500000002
4.976	0.016934375
4.978	0.0170078125
4.9799999999999995	0.0170953125
4.981999999999999	0.0172
4.984	0.017321875
4.986	0.0174421875
4.9879999999999995	0.0175390625
4.989999999999999	0.017596875
4.992	0.0176
4.994	0.0175546875
4.9959999999999996	0.0174703125
4.997999999999999	0.017367187500000002
5.0	0.0172703125
5.002	0.0172
5.004	0.017178125000000002
5.006	0.0171890625
5.008	0.017209375000000002
5.01	0.0172203125
5.012	0.0172
5.014	0.017146875000000002
5.016	0.0170609375
5.018	0.016960937500000002
5.02	0.016867187500000002
5.022	0.016800000000000002
5.024	0.016784375
5.026	0.016821875
5.028	0.0169125
5.03	0.0170421875
5.032	0.0172
5.034	0.017368750000000002
5.036	0.0175359375
5.038	0.0176984375
5.04	0.017853125
5.042	0.018000000000000002
5.044	0.018126562500000002
5.046	0.0182328125
5.048	0.018317187500000002
5.05	0.018375000000000002
5.052	0.0184
5.054	0.018384375
5.056	0.0183359375
5.058	0.018254687500000002
5.0600000000000005	0.0181421875
5.062	0.018000000000000002
5.064	0.017840625000000002
5.066	0.017675
5.0680000000000005	0.017509375
5.07	0.01735
5.072	0.0172
5.074	0.0170796875
5.0760000000000005	0.01698125
5.078	0.016903125
5.08	0.01684375
5.082	0.016800000000000002
5.0840000000000005	0.0167953125
5.086	0.0168234375
5.088	0.016895312500000002
5.09	0.017020312500000002
5.0920000000000005	0.0172
5.094	0.0174375
5.096	0.0176984375
5.098	0.0179609375
5.1000000000000005	0.0182015625
5.102	0.0184
5.104	0.0185515625
5.106	0.0186546875
5.1080000000000005	0.01871875
5.11	0.0187640625
5.112	0.0188
5.114	0.0188375
5.1160000000000005	0.018871875
5.118	0.0188890625
5.12	0.0188703125
5.122	0.0188
5.124	0.0186828125
5.1259999999999994	0.018528125
5.127999999999999	0.01835
5.13	0.0181671875
5.132	0.018000000000000002
5.1339999999999995	0.0178828125
5.135999999999999	0.0178265625
5.138	0.0178328125
5.14	0.01789375
5.1419999999999995	0.018000000000000002
5.143999999999999	0.018146875
5.146	0.018310937500000003
5.148	0.01848125
5.1499999999999995	0.018646875
5.151999999999999	0.0188
5.154	0.018948437500000002
5.156	0.01909375
5.1579999999999995	0.0192453125
5.159999999999999	0.019414062500000002
5.162	0.0196
5.164	0.0198
5.1659999999999995	0.0199984375
5.167999999999999	0.020178125
5.17	0.02031875
5.172	0.0204
5.1739999999999995	0.0204109375
5.175999999999999	0.020360937500000002
5.178	0.020265625000000002
5.18	0.020139062500000002
5.1819999999999995	0.02
5.184	0.0198703125
5.186	0.01976875
5.188	0.0196953125
5.1899999999999995	0.0196421875
5.192	0.0196
5.194	0.019578125000000002
5.196	0.019570312500000003
5.1979999999999995	0.019573437500000002
5.2	0.0195828125
5.202	0.0196
5.204	0.0196453125
5.2059999999999995	0.0197078125
5.208	0.019790625000000003
5.21	0.019887500000000002
5.212	0.02
5.2139999999999995	0.020143750000000002
5.216	0.020300000000000002
5.218	0.020465625
5.22	0.020634375
5.2219999999999995	0.020800000000000003
5.224	0.0209796875
5.226	0.021153125000000002
5.228	0.0213171875
5.2299999999999995	0.021467187500000002
5.232	0.0216
5.234	0.0217234375
5.236	0.02183125
5.2379999999999995	0.0219171875
5.24	0.0219734375
5.242	0.022000000000000002
5.244	0.02200625
5.246	0.022003125000000002
5.248	0.021998437500000002
5.25	0.021995312500000003
5.252	0.022000000000000002
5.2540000000000004	0.022028125000000003
5.256	0.022084375
5.258	0.0221703125
5.26	0.022278125000000003
5.2620000000000005	0.0224
5.264	0.022540625
5.266	0.022696875000000002
5.268	0.0228625
5.2700000000000005	0.0230328125
5.272	0.023200000000000002
5.274	0.023365625
5.276	0.0235328125
5.2780000000000005	0.023698437500000002
5.28	0.023856250000000002
5.282	0.024
5.284	0.024128125
5.2860000000000005	0.024239062500000002
5.288	0.024325000000000003
5.29	0.0243796875
5.292	0.0244
5.2940000000000005	0.024395312500000002
5.296	0.0243828125
5.298	0.0243734375
5.3	0.0243765625
5.3020000000000005	0.0244
5.304	0.0244484375
5.306	0.0245265625
5.308000000000001	0.0246203125
5.3100000000000005	0.024715625
5.312	0.024800000000000003
5.314	0.024867187500000002
5.316	0.024931250000000002
5.318	0.0250015625
5.319999999999999	0.025089062500000002
5.321999999999999	0.0252
5.324	0.0253296875
5.326	0.0254859375
5.327999999999999	0.025659375
5.329999999999999	0.0258359375
5.332	0.026000000000000002
5.334	0.026125000000000002
5.335999999999999	0.026225000000000002
5.337999999999999	0.0263
5.34	0.0263578125
5.342	0.0264
5.343999999999999	0.0264171875
5.345999999999999	0.0264296875
5.348	0.026434375
5.35	0.0264265625
5.351999999999999	0.0264
5.353999999999999	0.026343750000000003
5.356	0.0262734375
5.358	0.026190625000000002
5.359999999999999	0.026098437500000002
5.362	0.026000000000000002
5.364	0.025901562500000003
5.366	0.025810937500000002
5.367999999999999	0.02573125
5.37	0.0256609375
5.372	0.0256
5.374	0.025560937500000002
5.3759999999999994	0.025540625
5.378	0.025540625
5.38	0.025560937500000002
5.382	0.0256
5.3839999999999995	0.025671875
5.386	0.02575625
5.388	0.025842187500000002
5.39	0.025925
5.3919999999999995	0.026000000000000002
5.394	0.0260796875
5.396	0.026153125000000003
5.398	0.026228125
5.3999999999999995	0.026309375000000003
5.402	0.0264
5.404	0.026501562500000003
5.406	0.026601562500000002
5.4079999999999995	0.026690625000000003
5.41	0.026759375000000002
5.412	0.0268
5.414	0.026809375
5.4159999999999995	0.0268015625
5.418	0.026787500000000002
5.42	0.026782812500000003
5.422	0.0268
5.424	0.02684375
5.426	0.026915625000000002
5.428	0.027009375000000002
5.43	0.0271109375
5.432	0.027200000000000002
5.434	0.027256250000000003
5.436	0.027284375
5.438	0.0272828125
5.44	0.027253125
5.442	0.027200000000000002
5.444	0.027125
5.446	0.027042187500000002
5.448	0.026959375
5.45	0.026876562500000003
5.452	0.0268
5.454	0.02674375
5.456	0.0267109375
5.458	0.0267078125
5.46	0.0267390625
5.462	0.0268
5.464	0.0268953125
5.466	0.0269984375
5.468	0.02709375
5.47	0.027164062500000002
5.472	0.027200000000000002
5.474	0.02720625
5.476	0.027193750000000003
5.478	0.0271765625
5.48	0.0271734375
5.482	0.027200000000000002
5.484	0.02726875
5.486000000000001	0.0273625
5.488	0.0274625
5.49	0.027546875000000002
5.492	0.027600000000000003
5.494000000000001	0.0276171875
5.496	0.027609375000000002
5.498	0.0275890625
5.5	0.02758125
5.502000000000001	0.027600000000000003
5.5040000000000004	0.0276546875
5.506	0.0277421875
5.508	0.02784375
5.51	0.0279359375
5.512	0.028
5.513999999999999	0.028021875
5.515999999999999	0.028017187500000002
5.518	0.0279984375
5.52	0.027987500000000002
5.521999999999999	0.028
5.523999999999999	0.028040625000000003
5.526	0.028115625
5.528	0.0282109375
5.529999999999999	0.0283125
5.531999999999999	0.0284
5.534	0.028446875
5.536	0.028465625
5.537999999999999	0.028456250000000002
5.539999999999999	0.02843125
5.542	0.0284
5.544	0.028367187500000002
5.545999999999999	0.0283515625
5.548	0.0283546875
5.55	0.028371875
5.552	0.0284
5.553999999999999	0.028426562500000002
5.556	0.0284484375
5.558	0.028454687500000003
5.56	0.028440625
5.561999999999999	0.0284
5.564	0.0283375
5.566	0.0282578125
5.568	0.028170312500000003
5.569999999999999	0.028079687500000002
5.572	0.028
5.574	0.02794375
5.576	0.027915625000000003
5.577999999999999	0.027917187500000003
5.58	0.0279453125
5.582	0.028
5.584	0.028075000000000003
5.585999999999999	0.028159375
5.588	0.02824375
5.59	0.0283234375
5.592	0.0284
5.593999999999999	0.0284703125
5.596	0.0285390625
5.598	0.028614062500000002
5.6	0.0287
5.602	0.028800000000000003
5.604	0.0289046875
5.606	0.0290109375
5.608	0.0291046875
5.61	0.0291703125
5.612	0.0292
5.614	0.029179687500000002
5.616	0.029118750000000002
5.618	0.029028125000000002
5.62	0.0289171875
5.622	0.028800000000000003
5.624	0.0286875
5.626	0.0285921875
5.628	0.028514062500000003
5.63	0.028451562500000003
5.632	0.0284
5.634	0.02836875
5.636	0.028353125
5.638	0.028353125
5.64	0.02836875
5.642	0.0284
5.644	0.028459375000000002
5.646	0.028534375
5.648	0.0286203125
5.65	0.028709375000000002
5.652	0.028800000000000003
5.654	0.028893750000000003
5.656	0.02898125
5.658	0.0290609375
5.66	0.0291328125
5.662	0.0292
5.664000000000001	0.029273437500000003
5.666	0.02935
5.668	0.029429687500000003
5.67	0.0295125
5.672000000000001	0.0296
5.674	0.0296953125
5.676	0.029790625
5.678	0.029878125000000002
5.680000000000001	0.02995
5.682	0.030000000000000002
5.684	0.0300234375
5.686	0.030032812500000002
5.688000000000001	0.030028125000000003
5.69	0.030015625
5.692	0.030000000000000002
5.694	0.0299796875
5.696000000000001	0.029971875000000002
5.698	0.029971875000000002
5.7	0.02998125
5.702	0.030000000000000002
5.704	0.030021875
5.7059999999999995	0.030067187500000002
5.707999999999999	0.0301421875
5.709999999999999	0.030253125000000002
5.712	0.0304
5.7139999999999995	0.030560937500000003
5.715999999999999	0.0307375
5.717999999999999	0.030914062500000002
5.72	0.031071875000000002
5.7219999999999995	0.031200000000000002
5.723999999999999	0.0312609375
5.726	0.031281250000000003
5.728	0.0312703125
5.7299999999999995	0.0312390625
5.731999999999999	0.031200000000000002
5.734	0.031137500000000002
5.736	0.031071875000000002
5.7379999999999995	0.031
5.739999999999999	0.030910937500000003
5.742	0.0308
5.744	0.030654687500000003
5.7459999999999996	0.0304921875
5.747999999999999	0.030321875
5.75	0.030154687500000003
5.752	0.030000000000000002
5.754	0.029870312500000003
5.755999999999999	0.0297703125
5.758	0.0296953125
5.76	0.029640625
5.762	0.0296
5.763999999999999	0.0295765625
5.766	0.029564062500000002
5.768	0.029560937500000002
5.77	0.0295703125
5.771999999999999	0.0296
5.774	0.029659375
5.776	0.0297328125
5.778	0.0298171875
5.779999999999999	0.029906250000000002
5.782	0.030000000000000002
5.784	0.030096875000000002
5.786	0.030187500000000003
5.788	0.0302671875
5.79	0.0303375
5.792	0.0304
5.794	0.03045
5.796	0.030478125000000002
5.798	0.0304828125
5.8	0.03045625
5.802	0.0304
5.804	0.030315625000000002
5.806	0.030221875000000002
5.808	0.030129687500000002
5.81	0.030053125
5.812	0.030000000000000002
5.814	0.029973437500000002
5.816	0.029971875000000002
5.818	0.029984375
5.82	0.029996875000000003
5.822	0.030000000000000002
5.824	0.0299875
5.826	0.029970312500000002
5.828	0.0299578125
5.83	0.029964062500000003
5.832	0.030000000000000002
5.834	0.030057812500000003
5.836	0.0301390625
5.838	0.0302328125
5.84	0.0303234375
5.842	0.0304
5.844	0.030439062500000003
5.846	0.03045
5.848	0.030439062500000003
5.8500000000000005	0.03041875
5.852	0.0304
5.854	0.030379687500000002
5.856	0.030373437500000003
5.8580000000000005	0.030378125000000002
5.86	0.030390625
5.862	0.0304
5.864	0.030384375
5.8660000000000005	0.030343750000000003
5.868	0.0302671875
5.87	0.030151562500000003
5.872	0.030000000000000002
5.8740000000000006	0.0298203125
5.876	0.029634375
5.878	0.029457812500000003
5.88	0.029307812500000002
5.882000000000001	0.0292
5.884	0.029148437500000002
5.886	0.0291375
5.888	0.029153125000000002
5.890000000000001	0.029179687500000002
5.892	0.0292
5.894	0.029215625000000002
5.896	0.029214062500000002
5.898	0.0292015625
5.8999999999999995	0.0291921875
5.901999999999999	0.0292
5.904	0.029239062500000003
5.906	0.029303125000000003
5.9079999999999995	0.0293890625
5.909999999999999	0.029490625000000003
5.912	0.0296
5.914	0.0297078125
5.9159999999999995	0.029803125
5.917999999999999	0.0298828125
5.92	0.0299484375
5.922	0.030000000000000002
5.9239999999999995	0.030029687500000003
5.925999999999999	0.0300453125
5.928	0.0300453125
5.93	0.030029687500000003
5.9319999999999995	0.030000000000000002
5.933999999999999	0.029942187500000002
5.936	0.029871875000000003
5.938	0.0297890625
5.9399999999999995	0.029696875
5.941999999999999	0.0296
5.944	0.029495312500000002
5.946	0.029396875000000003
5.9479999999999995	0.029312500000000002
5.949999999999999	0.029245312500000002
5.952	0.0292
5.954	0.0291734375
5.9559999999999995	0.0291671875
5.957999999999999	0.0291734375
5.96	0.029185937500000002
5.962	0.0292
5.9639999999999995	0.029207812500000003
5.966	0.029209375000000003
5.968	0.029206250000000003
5.97	0.0292015625
5.9719999999999995	0.0292
5.974	0.0292015625
5.976	0.0292046875
5.978	0.029206250000000003
5.9799999999999995	0.0292046875
5.982	0.0292
5.984	0.02919375
5.986	0.029184375000000002
5.9879999999999995	0.029179687500000002
5.99	0.029184375000000002
5.992	0.0292
5.994	0.029217187500000002
5.9959999999999996	0.029234375
5.998	0.029242187500000003
6.0	0.0292328125
6.002	0.0292
6.004	0.0291328125
6.006	0.029046875
6.008	0.028954687500000003
6.01	0.028867187500000002
6.012	0.028800000000000003
6.014	0.02875
6.016	0.0287296875
6.018	0.028734375000000003
6.02	0.0287609375
6.022	0.028800000000000003
6.024	0.028825
6.026	0.028839062500000002
6.0280000000000005	0.028840625
6.03	0.0288265625
6.032	0.028800000000000003
6.034	0.028743750000000002
6.0360000000000005	0.028671875000000003
6.038	0.028587500000000002
6.04	0.0284953125
6.042	0.0284
6.0440000000000005	0.028298437500000002
6.046	0.028201562500000003
6.048	0.0281171875
6.05	0.028050000000000002
6.0520000000000005	0.028
6.054	0.0279609375
6.056	0.027915625000000003
6.058	0.027846875
6.0600000000000005	0.0277421875
6.062	0.027600000000000003
6.064	0.0274296875
6.066	0.02724375
6.0680000000000005	0.0270625
6.07	0.026907812500000003
6.072	0.0268
6.074	0.0267640625
6.0760000000000005	0.026765625
6.078	0.026787500000000002
6.08	0.026803125
6.082	0.0268
6.0840000000000005	0.026785937500000002
6.086	0.026753125000000003
6.088	0.026728125000000002
6.09	0.0267359375
6.092	0.0268
6.093999999999999	0.0269296875
6.095999999999999	0.027100000000000003
6.098	0.027285937500000003
6.1	0.0274625
6.101999999999999	0.027600000000000003
6.103999999999999	0.027665625000000003
6.106	0.027673437500000002
6.108	0.0276484375
6.109999999999999	0.027615625
6.111999999999999	0.027600000000000003
6.114	0.0275953125
6.116	0.027610937500000002
6.117999999999999	0.027631250000000003
6.119999999999999	0.027634375000000003
6.122	0.027600000000000003
6.124	0.0275
6.1259999999999994	0.027354687500000002
6.127999999999999	0.027178125
6.13	0.0269875
6.132	0.0268
6.1339999999999995	0.026632812500000002
6.135999999999999	0.02648125
6.138	0.026334375
6.14	0.026178125
6.1419999999999995	0.026000000000000002
6.144	0.025821875
6.146	0.0256359375
6.148	0.02545625
6.1499999999999995	0.025304687500000003
6.152	0.0252
6.154	0.025181250000000002
6.156	0.0252203125
6.1579999999999995	0.025310937500000002
6.16	0.0254421875
6.162	0.0256
6.164	0.025778125000000002
6.1659999999999995	0.025946875
6.168	0.0261046875
6.17	0.026253125000000002
6.172	0.0264
6.1739999999999995	0.0265421875
6.176	0.0266859375
6.178	0.026840625
6.18	0.027012500000000002
6.1819999999999995	0.027200000000000002
6.184	0.027365625
6.186	0.027507812500000003
6.188	0.027606250000000002
6.1899999999999995	0.027640625000000002
6.192	0.027600000000000003
6.194	0.0274546875
6.196	0.0272421875
6.1979999999999995	0.0269828125
6.2	0.026693750000000002
6.202	0.0264
6.204	0.0261171875
6.206	0.0258625
6.208	0.02563125
6.21	0.0254140625
6.212	0.0252
6.214	0.025009375
6.216	0.0248265625
6.218	0.02465625
6.22	0.0245109375
6.222	0.0244
6.224	0.02436875
6.226	0.024393750000000002
6.228	0.0244765625
6.23	0.024614062500000002
6.232	0.024800000000000003
6.234	0.02504375
6.236	0.025296875
6.238	0.025546875
6.24	0.025784375000000002
6.242	0.026000000000000002
6.244	0.0261953125
6.246	0.0263625
6.248	0.0265109375
6.25	0.0266546875
6.252	0.0268
6.2540000000000004	0.026934375
6.256	0.02705625
6.258	0.0271515625
6.26	0.027203125
6.2620000000000005	0.027200000000000002
6.264	0.027115625
6.266	0.026979687500000002
6.268000000000001	0.0268046875
6.2700000000000005	0.02660625
6.272	0.0264
6.274	0.026196875
6.276000000000001	0.02601875
6.2780000000000005	0.025865625
6.28	0.025728125
6.282	0.0256
6.284	0.0254859375
6.286	0.025384375
6.287999999999999	0.0253
6.289999999999999	0.0252375
6.292	0.0252
6.294	0.025215625000000002
6.295999999999999	0.0252671875
6.297999999999999	0.0253515625
6.3	0.025465625000000002
6.302	0.0256
6.303999999999999	0.0257671875
6.305999999999999	0.025937500000000002
6.308	0.026103125
6.31	0.026259375
6.311999999999999	0.0264
6.313999999999999	0.026534375000000002
6.316	0.026640625
6.318	0.026720312500000003
6.319999999999999	0.0267734375
6.321999999999999	0.0268
6.324	0.0268109375
6.326	0.026809375
6.327999999999999	0.0268046875
6.33	0.0268
6.332	0.0268
6.334	0.0267984375
6.335999999999999	0.0268015625
6.338	0.02680625
6.34	0.0268078125
6.342	0.0268
6.343999999999999	0.0267765625
6.346	0.026756250000000002
6.348	0.0267484375
6.35	0.026760937500000002
6.351999999999999	0.0268
6.354	0.026853125000000002
6.356	0.026928125
6.358	0.02701875
6.359999999999999	0.0271140625
6.362	0.027200000000000002
6.364	0.0272515625
6.366	0.0272765625
6.367999999999999	0.027275
6.37	0.027246875
6.372	0.027200000000000002
6.374	0.0271265625
6.3759999999999994	0.027042187500000002
6.378	0.0269578125
6.38	0.026876562500000003
6.382	0.0268
6.3839999999999995	0.026723437500000002
6.386	0.026646875
6.388	0.026570312500000002
6.39	0.0264890625
6.392	0.0264
6.394	0.0263078125
6.396	0.026215625000000003
6.398	0.026128125000000002
6.4	0.0260546875
6.402	0.026000000000000002
6.404	0.025971875000000002
6.406	0.0259609375
6.408	0.025965625000000003
6.41	0.02598125
6.412	0.026000000000000002
6.414	0.02601875
6.416	0.026025
6.418	0.026021875
6.42	0.0260125
6.422	0.026000000000000002
6.424	0.0259921875
6.426	0.0259859375
6.428	0.0259828125
6.43	0.0259875
6.432	0.026000000000000002
6.434	0.0260125
6.436	0.026021875
6.438	0.026025
6.44	0.02601875
6.442	0.026000000000000002
6.444	0.02595625
6.446000000000001	0.025890625
6.448	0.025806250000000003
6.45	0.0257078125
6.452	0.0256
6.454000000000001	0.025484375
6.456	0.025378125
6.458	0.0252890625
6.46	0.0252296875
6.462000000000001	0.0252
6.464	0.0251953125
6.466	0.025203125
6.468	0.025214062500000002
6.470000000000001	0.025217187500000002
6.472	0.0252
6.474	0.02515625
6.476	0.025082812500000003
6.478	0.024993750000000002
6.4799999999999995	0.024895312500000003
6.481999999999999	0.024800000000000003
6.483999999999999	0.024712500000000002
6.486	0.02463125
6.4879999999999995	0.024554687500000002
6.489999999999999	0.024478125
6.491999999999999	0.0244
6.494	0.024315625
6.4959999999999996	0.024225
6.497999999999999	0.024134375
6.499999999999999	0.02405625
6.502	0.024
6.504	0.02396875
6.505999999999999	0.023954687500000002
6.508	0.023959375
6.51	0.023975
6.512	0.024
6.513999999999999	0.024017187500000002
6.516	0.024025
6.518	0.024021875
6.52	0.024014062500000002
6.521999999999999	0.024
6.524	0.023971875
6.526	0.023920312500000002
6.528	0.02384375
6.529999999999999	0.0237375
6.532	0.0236
6.534	0.0234421875
6.536	0.02326875
6.537999999999999	0.0230953125
6.54	0.0229359375
6.542	0.0228
6.544	0.0227046875
6.545999999999999	0.022626562500000003
6.548	0.022559375
6.55	0.0224859375
6.552	0.0224
6.553999999999999	0.022310937500000003
6.556	0.0222125
6.558	0.022115625
6.56	0.0220390625
6.561999999999999	0.022000000000000002
6.564	0.0220171875
6.566	0.0220734375
6.568	0.0221625
6.57	0.0222765625
6.572	0.0224
6.574	0.02251875
6.576	0.022615625
6.578	0.022692187500000002
6.58	0.022753125000000003
6.582	0.0228
6.584	0.0228265625
6.586	0.0228390625
6.588	0.0228375
6.59	0.022825
6.592	0.0228
6.594	0.022753125000000003
6.596	0.022690625000000002
6.598	0.0226109375
6.6	0.0225140625
6.602	0.0224
6.604	0.0222671875
6.606	0.02211875
6.608	0.0219578125
6.61	0.021784375
6.612	0.0216
6.614	0.021421875
6.616	0.021246875000000002
6.618	0.02108125
6.62	0.020929687500000002
6.622	0.020800000000000003
6.624	0.02071875
6.626	0.020673437500000003
6.628	0.0206703125
6.63	0.020712500000000002
6.632000000000001	0.020800000000000003
6.634	0.02094375
6.636	0.02110625
6.638	0.021278125000000002
6.640000000000001	0.021446875
6.642	0.0216
6.644	0.021734375
6.646	0.021837500000000003
6.648000000000001	0.0219109375
6.65	0.0219625
6.652	0.022000000000000002
6.654	0.0220234375
6.656000000000001	0.0220359375
6.658	0.0220375
6.66	0.022026562500000003
6.662	0.022000000000000002
6.664000000000001	0.021953125
6.666	0.0218875
6.668	0.0218046875
6.67	0.0217078125
6.672	0.0216
6.6739999999999995	0.0214875
6.675999999999999	0.021384375
6.677999999999999	0.0213
6.68	0.0212375
6.6819999999999995	0.0212
6.683999999999999	0.0211859375
6.685999999999999	0.0211890625
6.688	0.0212
6.6899999999999995	0.0212046875
6.691999999999999	0.0212
6.694	0.0211875
6.696	0.02116875
6.6979999999999995	0.0211578125
6.699999999999999	0.0211640625
6.702	0.0212
6.704	0.0212703125
6.7059999999999995	0.021359375
6.707999999999999	0.0214546875
6.71	0.0215390625
6.712	0.0216
6.7139999999999995	0.0216328125
6.715999999999999	0.0216359375
6.718	0.021623437500000002
6.72	0.0216078125
6.7219999999999995	0.0216
6.723999999999999	0.0216078125
6.726	0.021623437500000002
6.728	0.0216359375
6.7299999999999995	0.0216328125
6.731999999999999	0.0216
6.734	0.0215359375
6.736	0.0214484375
6.7379999999999995	0.021353125
6.739999999999999	0.021265625
6.742	0.0212
6.744	0.021171875
6.7459999999999996	0.0211703125
6.748	0.021184375000000002
6.75	0.0211984375
6.752	0.0212
6.754	0.02119375
6.756	0.021176562500000003
6.758	0.0211640625
6.76	0.0211671875
6.762	0.0212
6.764	0.0212703125
6.766	0.0213609375
6.768	0.0214578125
6.77	0.0215421875
6.772	0.0216
6.774	0.021623437500000002
6.776	0.021617187500000003
6.778	0.0216
6.78	0.021589062500000002
6.782	0.0216
6.784	0.0216390625
6.786	0.021709375
6.788	0.021803125
6.79	0.021904687500000002
6.792	0.022000000000000002
6.794	0.022059375000000003
6.796	0.0220875
6.798	0.022084375
6.8	0.022053125
6.802	0.022000000000000002
6.804	0.0219234375
6.806	0.021842187500000002
6.808	0.021759375
6.8100000000000005	0.0216796875
6.812	0.0216
6.814	0.02151875
6.816	0.021440625
6.8180000000000005	0.0213609375
6.82	0.0212828125
6.822	0.0212
6.824	0.021121875000000002
6.8260000000000005	0.0210421875
6.828	0.020959375000000002
6.83	0.020878125
6.832	0.020800000000000003
6.8340000000000005	0.0207484375
6.836	0.0207171875
6.838	0.0207140625
6.84	0.020742187500000002
6.8420000000000005	0.020800000000000003
6.844	0.020893750000000003
6.846	0.020992187500000002
6.848	0.021084375000000002
6.8500000000000005	0.02115625
6.852	0.0212
6.854	0.0212171875
6.856	0.021209375000000003
6.8580000000000005	0.0211921875
6.86	0.021184375000000002
6.862	0.0212
6.864	0.021245312500000002
6.866	0.0213171875
6.867999999999999	0.021409375
6.869999999999999	0.0215078125
6.872	0.0216
6.874	0.021653125000000002
6.8759999999999994	0.021675
6.877999999999999	0.0216703125
6.88	0.0216421875
6.882	0.0216
6.8839999999999995	0.021528125000000002
6.885999999999999	0.0214515625
6.888	0.021370312500000002
6.89	0.0212859375
6.8919999999999995	0.0212
6.893999999999999	0.021096875
6.896	0.0209984375
6.898	0.0209140625
6.8999999999999995	0.0208484375
6.901999999999999	0.020800000000000003
6.904	0.0207515625
6.906	0.0207
6.9079999999999995	0.0206296875
6.909999999999999	0.02053125
6.912	0.0204
6.914	0.020232812500000003
6.9159999999999995	0.020046875000000002
6.917999999999999	0.0198640625
6.92	0.019709375
6.922	0.0196
6.9239999999999995	0.0195484375
6.925999999999999	0.0195375
6.928	0.01955625
6.93	0.0195828125
6.9319999999999995	0.0196
6.934	0.019596875
6.936	0.01955
6.938	0.0194609375
6.9399999999999995	0.0193390625
6.942	0.019200000000000002
6.944	0.019073437500000002
6.946	0.0189578125
6.9479999999999995	0.0188703125
6.95	0.018817187500000002
6.952	0.0188
6.954	0.0188265625
6.9559999999999995	0.0188578125
6.958	0.0188734375
6.96	0.0188578125
6.962	0.0188
6.9639999999999995	0.018720312500000003
6.966	0.0186140625
6.968	0.018509375
6.97	0.01843125
6.9719999999999995	0.0184
6.974	0.018437500000000002
6.976	0.0185171875
6.978	0.018621875
6.9799999999999995	0.018723437500000002
6.982	0.0188
6.984	0.018840625
6.986	0.0188421875
6.988	0.018820312500000002
6.99	0.0188
6.992	0.0188
6.994	0.018834375
6.996	0.0189015625
6.998	0.0189953125
7.0	0.019101562500000002
7.002	0.019200000000000002
7.0040000000000004	0.0192640625
7.006	0.019293750000000002
7.008	0.019289062500000002
7.01	0.019256250000000003
7.0120000000000005	0.019200000000000002
7.014	0.0191203125
7.016	0.019035937500000003
7.018	0.018953125
7.0200000000000005	0.0188734375
7.022	0.0188
7.024	0.018720312500000003
7.026	0.0186421875
7.0280000000000005	0.018562500000000003
7.03	0.0184828125
7.032	0.0184
7.034	0.018312500000000002
7.0360000000000005	0.018221875000000002
7.038	0.0181375
7.04	0.018060937500000002
7.042	0.018000000000000002
7.0440000000000005	0.0179625
7.046	0.0179453125
7.048	0.0179484375
7.05	0.017968750000000002
7.0520000000000005	0.018000000000000002
7.054	0.0180390625
7.056	0.018065625000000002
7.058	0.0180703125
7.06	0.01805
7.061999999999999	0.018000000000000002
7.063999999999999	0.017935937500000002
7.066	0.0178515625
7.068	0.017759375
7.069999999999999	0.017671875
7.071999999999999	0.0176
7.074	0.0175640625
7.076	0.01755
7.077999999999999	0.017556250000000002
7.079999999999999	0.0175765625
7.082	0.0176
7.084	0.0176265625
7.085999999999999	0.017640625
7.087999999999999	0.0176390625
7.09	0.017625000000000002
7.092	0.0176
7.093999999999999	0.0175734375
7.095999999999999	0.0175515625
7.098	0.0175453125
7.1	0.017559375000000002
7.101999999999999	0.0176
7.103999999999999	0.017665625
7.106	0.017746875000000002
7.108	0.0178375
7.109999999999999	0.017925
7.112	0.018000000000000002
7.114	0.01805
7.116	0.0180703125
7.117999999999999	0.0180671875
7.12	0.0180421875
7.122	0.018000000000000002
7.124	0.017940625
7.1259999999999994	0.017870312500000003
7.128	0.017790625
7.13	0.0177
7.132	0.0176
7.1339999999999995	0.017496875000000002
7.136	0.017398437500000002
7.138	0.0173109375
7.14	0.017243750000000002
7.1419999999999995	0.0172
7.144	0.0171859375
7.146	0.0171890625
7.148	0.0172
7.1499999999999995	0.0172046875
7.152	0.0172
7.154	0.017190625
7.156	0.017175
7.1579999999999995	0.0171640625
7.16	0.0171703125
7.162	0.0172
7.164	0.0172671875
7.1659999999999995	0.017353125
7.168	0.0174453125
7.17	0.0175328125
7.172	0.0176
7.174	0.01764375
7.176	0.0176578125
7.178	0.0176484375
7.18	0.017625000000000002
7.182	0.0176
7.184	0.0175859375
7.186	0.01758125
7.188	0.0175859375
7.19	0.0175953125
7.192	0.0176
7.194	0.017603125
7.196	0.0176015625
7.198	0.0176
7.2	0.0175984375
7.202	0.0176
7.204	0.01760625
7.206	0.017615625
7.208	0.017620312500000002
7.21	0.017615625
7.212	0.0176
7.214	0.0175765625
7.216	0.017553125
7.218	0.01754375
7.22	0.017557812500000002
7.222	0.0176
7.224	0.01766875
7.226	0.01775625
7.228	0.0178484375
7.23	0.017934375000000002
7.232	0.018000000000000002
7.234	0.018025
7.236000000000001	0.018025
7.238	0.0180125
7.24	0.018000000000000002
7.242	0.018000000000000002
7.244	0.017998437500000002
7.246	0.0180046875
7.248	0.018015625
7.25	0.0180171875
7.252	0.018000000000000002
7.254	0.0179453125
7.255999999999999	0.01786875
7.257999999999999	0.017778125000000002
7.26	0.017685937500000002
7.262	0.0176
7.263999999999999	0.017525000000000002
7.265999999999999	0.01745625
7.268	0.0173875
7.27	0.017306250000000002
7.271999999999999	0.0172
7.273999999999999	0.0170734375
7.276	0.016921875
7.278	0.0167515625
7.279999999999999	0.0165734375
7.281999999999999	0.0164
7.284	0.016265625000000002
7.286	0.01615625
7.287999999999999	0.016076562500000002
7.29	0.0160234375
7.292	0.016
7.294	0.0160296875
7.295999999999999	0.016084375
7.298	0.0161640625
7.3	0.016270312500000002
7.302	0.0164
7.303999999999999	0.0165609375
7.306	0.0167265625
7.308	0.0168921875
7.31	0.017051562500000002
7.311999999999999	0.0172
7.314	0.017325
7.316	0.0174234375
7.318	0.017498437500000002
7.319999999999999	0.017556250000000002
7.322	0.0176
7.324	0.017620312500000002
7.326	0.0176296875
7.327999999999999	0.0176296875
7.33	0.017620312500000002
7.332	0.0176
7.334	0.017553125
7.335999999999999	0.017493750000000002
7.338	0.017415625
7.34	0.01731875
7.342	0.0172
7.343999999999999	0.017056250000000002
7.346	0.016900000000000002
7.348	0.016734375
7.35	0.0165671875
7.352	0.0164
7.354	0.016253125
7.356	0.01613125
7.358	0.016045312500000002
7.36	0.0160015625
7.362	0.016
7.364	0.016053125
7.366	0.0161328125
7.368	0.0162234375
7.37	0.0163171875
7.372	0.0164
7.374	0.016484375000000002
7.376	0.01655625
7.378	0.0166265625
7.38	0.016704687500000003
7.382	0.016800000000000002
7.384	0.0169171875
7.386	0.0170328125
7.388	0.017128125
7.39	0.0171890625
7.392	0.0172
7.394	0.0171671875
7.396	0.0170921875
7.398	0.016993750000000002
7.4	0.0168890625
7.402	0.016800000000000002
7.404	0.0167515625
7.406	0.016740625000000002
7.408	0.0167546875
7.41	0.0167796875
7.412	0.016800000000000002
7.414000000000001	0.0168171875
7.416	0.0168203125
7.418	0.0168140625
7.42	0.016804687500000002
7.422000000000001	0.016800000000000002
7.424	0.016825
7.426	0.0168765625
7.428	0.016959375000000002
7.430000000000001	0.01706875
7.432	0.0172
7.434	0.01735625
7.436	0.017523437500000003
7.438	0.017690625
7.44	0.017853125
7.442	0.018000000000000002
7.444	0.018126562500000002
7.446	0.0182296875
7.4479999999999995	0.018309375
7.449999999999999	0.018365625
7.451999999999999	0.0184
7.454	0.018409375000000002
7.455999999999999	0.018409375000000002
7.457999999999999	0.018407812500000002
7.46	0.018403125
7.461999999999999	0.0184
7.4639999999999995	0.018384375
7.466	0.018375000000000002
7.467999999999999	0.018375000000000002
7.47	0.018384375
7.472	0.0184
7.473999999999999	0.0183984375
7.476	0.0183984375
7.477999999999999	0.0184
7.4799999999999995	0.0184
7.482	0.0184
7.483999999999999	0.018378125000000002
7.486	0.0183609375
7.488	0.01835625
7.489999999999999	0.01836875
7.492	0.0184
7.493999999999999	0.018428125
7.4959999999999996	0.0184546875
7.498	0.0184671875
7.499999999999999	0.018453125
7.502	0.0184
7.5040000000000004	0.0183
7.505999999999999	0.018159375000000002
7.508	0.0179890625
7.509999999999999	0.0177984375
7.512	0.0176
7.514	0.0174171875
7.515999999999999	0.017246875000000002
7.518	0.017089062500000002
7.5200000000000005	0.016940625
7.521999999999999	0.016800000000000002
7.524	0.016690625
7.525999999999999	0.016590625
7.528	0.0165046875
7.53	0.0164390625
7.531999999999999	0.0164
7.534	0.01641875
7.5360000000000005	0.01646875
7.537999999999999	0.016551562500000002
7.54	0.0166625
7.542000000000001	0.016800000000000002
7.544	0.01696875
7.546	0.0171390625
7.547999999999999	0.017304687500000002
7.55	0.017460937500000002
7.5520000000000005	0.0176
7.553999999999999	0.0177234375
7.556	0.017821875
7.558000000000001	0.017896875
7.56	0.01795625
7.562	0.018000000000000002
7.563999999999999	0.018025
7.566	0.0180375
7.5680000000000005	0.0180390625
7.569999999999999	0.0180265625
7.572	0.018000000000000002
7.574000000000001	0.01794375
7.576	0.017875000000000002
7.578	0.0177921875
7.579999999999999	0.0177
7.582	0.0176
7.5840000000000005	0.0174875
7.585999999999999	0.0173859375
7.588	0.0173015625
7.590000000000001	0.0172390625
7.592	0.0172
7.594	0.0171765625
7.596000000000001	0.0171703125
7.598	0.0171765625
7.6000000000000005	0.0171890625
7.601999999999999	0.0172
7.604	0.0172046875
7.606000000000001	0.017203125
7.608	0.0171984375
7.61	0.017196875
7.612000000000001	0.0172
7.614	0.017209375000000002
7.6160000000000005	0.01721875
7.617999999999999	0.017225
7.62	0.0172203125
7.622000000000001	0.0172
7.624	0.0171640625
7.626	0.0171015625
7.628	0.0170171875
7.63	0.0169140625
7.632	0.016800000000000002
7.6339999999999995	0.01669375
7.636	0.0165953125
7.638	0.0165109375
7.64	0.0164453125
7.6419999999999995	0.0164
7.644	0.0163875
7.645999999999999	0.0163890625
7.648	0.016396875
7.65	0.0164015625
7.651999999999999	0.0164
7.654	0.0164015625
7.655999999999999	0.016396875
7.6579999999999995	0.0163890625
7.66	0.0163875
7.661999999999999	0.0164
7.664	0.0164421875
7.666	0.0165046875
7.667999999999999	0.0165890625
7.67	0.0166890625
7.671999999999999	0.016800000000000002
7.6739999999999995	0.016915625
7.676	0.01701875
7.677999999999999	0.017103125
7.68	0.0171640625
7.682	0.0172
7.683999999999999	0.01720625
7.686	0.0171984375
7.687999999999999	0.0171890625
7.6899999999999995	0.0171875
7.692	0.0172
7.693999999999999	0.017210937500000002
7.696	0.017228125
7.698	0.0172390625
7.699999999999999	0.0172328125
7.702	0.0172
7.703999999999999	0.0171265625
7.7059999999999995	0.0170359375
7.708	0.0169390625
7.709999999999999	0.0168578125
7.712	0.016800000000000002
7.714	0.0167671875
7.715999999999999	0.0167640625
7.718	0.016778125
7.720000000000001	0.016796875
7.7219999999999995	0.016800000000000002
7.724	0.0167765625
7.725999999999999	0.01671875
7.728	0.0166328125
7.73	0.0165234375
7.731999999999999	0.0164
7.734	0.0162875
7.736000000000001	0.0161875
7.7379999999999995	0.016103125
7.74	0.016040625
7.741999999999999	0.016
7.744	0.0159953125
7.746	0.0160015625
7.747999999999999	0.016009375
7.75	0.0160109375
7.752000000000001	0.016
7.754	0.0159984375
7.756	0.0159890625
7.757999999999999	0.015981250000000002
7.76	0.015981250000000002
7.7620000000000005	0.016
7.763999999999999	0.01605625
7.766	0.0161328125
7.768000000000001	0.0162203125
7.77	0.0163125
7.772	0.0164
7.774000000000001	0.0164921875
7.776	0.016575
7.7780000000000005	0.0166515625
7.779999999999999	0.016725
7.782	0.016800000000000002
7.784000000000001	0.016884375
7.786	0.016971875
7.788	0.017059375
7.790000000000001	0.0171375
7.792	0.0172
7.7940000000000005	0.017245312500000002
7.795999999999999	0.0172671875
7.798	0.0172671875
7.800000000000001	0.017243750000000002
7.802	0.0172
7.804	0.0171578125
7.806000000000001	0.0171265625
7.808	0.017120312500000002
7.8100000000000005	0.0171453125
7.811999999999999	0.0172
7.814	0.01729375
7.816000000000001	0.017403125000000002
7.818	0.017503125
7.82	0.017575
7.822	0.0176
7.824	0.017593750000000002
7.826	0.0175671875
7.827999999999999	0.01754375
7.83	0.0175484375
7.832	0.0176
7.834	0.017721875
7.835999999999999	0.017890625
7.838	0.0180796875
7.839999999999999	0.0182578125
7.842	0.0184
7.844	0.018503125000000002
7.845999999999999	0.018571875
7.848	0.018629687500000002
7.849999999999999	0.0186984375
7.851999999999999	0.0188
7.854	0.018946875000000002
7.855999999999999	0.019128125
7.858	0.019318750000000003
7.86	0.0194859375
7.861999999999999	0.0196
7.864	0.0196453125
7.865999999999999	0.01964375
7.867999999999999	0.01961875
7.87	0.019596875
7.871999999999999	0.0196
7.874	0.019639062500000002
7.876	0.0197203125
7.877999999999999	0.019825000000000002
7.88	0.0199265625
7.881999999999999	0.02
7.8839999999999995	0.020025
7.886	0.0200203125
7.887999999999999	0.0200015625
7.89	0.0199890625
7.892	0.02
7.893999999999999	0.0200421875
7.896	0.020121875
7.898000000000001	0.020221875
7.8999999999999995	0.020321875
7.902	0.0204
7.903999999999999	0.020440625
7.906	0.0204515625
7.908	0.020440625
7.909999999999999	0.020420312500000003
7.912	0.0204
7.914000000000001	0.020389062500000003
7.9159999999999995	0.020390625000000002
7.918	0.0203984375
7.919999999999999	0.0204046875
7.922	0.0204
7.924	0.0203859375
7.925999999999999	0.02036875
7.928	0.020357812500000003
7.930000000000001	0.0203671875
7.9319999999999995	0.0204
7.934	0.020459375000000002
7.935999999999999	0.020540625
7.938	0.020634375
7.94	0.020725
7.941999999999999	0.020800000000000003
7.944	0.0208421875
7.946000000000001	0.0208578125
7.9479999999999995	0.0208515625
7.95	0.020828125
7.952000000000001	0.020800000000000003
7.954	0.020775000000000002
7.956	0.0207609375
7.957999999999999	0.0207625
7.96	0.0207765625
7.962000000000001	0.020800000000000003
7.9639999999999995	0.020831250000000003
7.966	0.0208546875
7.968000000000001	0.020864062500000002
7.97	0.020846875
7.972	0.020800000000000003
7.973999999999999	0.020737500000000002
7.976	0.0206578125
7.978000000000001	0.0205703125
7.9799999999999995	0.02048125
7.982	0.0204
7.984000000000001	0.020359375000000002
7.986	0.0203421875
7.988	0.0203484375
7.989999999999999	0.0203703125
7.992	0.0204
7.994000000000001	0.0204609375
7.9959999999999996	0.02053125
7.998	0.020609375000000003
8.0	0.0206984375
8.001999999999999	0.020800000000000003
8.004	0.020932812500000002
8.005999999999998	0.02108125
8.008	0.021245312500000002
8.01	0.0214203125
8.011999999999999	0.0216
8.014	0.021778125000000002
8.016	0.02195
8.017999999999999	0.0221125
8.02	0.0222640625
8.022	0.0224
8.024	0.022507812500000002
8.026	0.022600000000000002
8.027999999999999	0.0226796875
8.03	0.022746875
8.032	0.0228
8.033999999999999	0.0228265625
8.036	0.02284375
8.038	0.022848437500000002
8.04	0.0228359375
8.042	0.0228
8.043999999999999	0.022734375
8.046	0.022657812500000003
8.048	0.0225765625
8.049999999999999	0.0224890625
8.052	0.0224
8.054	0.022312500000000002
8.056	0.0222328125
8.058	0.022156250000000002
8.059999999999999	0.0220796875
8.062	0.022000000000000002
8.064	0.021939062500000002
8.065999999999999	0.0219
8.068	0.021890625
8.07	0.0219234375
8.072	0.022000000000000002
8.074	0.0221359375
8.076	0.022303125
8.078	0.0224828125
8.08	0.022653125
8.081999999999999	0.0228
8.084	0.022925
8.086	0.0230171875
8.088	0.0230859375
8.09	0.0231421875
8.092	0.023200000000000002
8.094	0.023275
8.096	0.0233609375
8.097999999999999	0.023450000000000002
8.1	0.023534375
8.102	0.0236
8.104	0.02365
8.106	0.023675
8.108	0.023673437500000002
8.11	0.023646875
8.112	0.0236
8.113999999999999	0.023559375
8.116	0.023534375
8.118	0.02353125
8.12	0.023553125
8.122	0.0236
8.124	0.0236796875
8.126	0.0237765625
8.128	0.023871875
8.129999999999999	0.023948437500000003
8.132	0.024
8.134	0.024040625
8.136	0.024081250000000002
8.138	0.024142187500000002
8.14	0.02424375
8.142	0.0244
8.144	0.024617187500000002
8.146	0.0248734375
8.148	0.025143750000000003
8.15	0.0253953125
8.152	0.0256
8.154	0.0257375
8.156	0.025825
8.158	0.0258828125
8.16	0.025934375000000003
8.162	0.026000000000000002
8.164	0.02608125
8.166	0.026184375000000003
8.168	0.026290625
8.17	0.0263703125
8.172	0.0264
8.174	0.026365625
8.176	0.0262890625
8.178	0.026187500000000002
8.18	0.0260859375
8.182	0.026000000000000002
8.184	0.02595625
8.186	0.025953125
8.188	0.0259734375
8.19	0.025996875000000003
8.192	0.026000000000000002
8.194	0.025990625
8.196	0.025971875000000002
8.198	0.02595625
8.200000000000001	0.025959375
8.202	0.026000000000000002
8.204	0.0261
8.206	0.0262453125
8.208	0.0264234375
8.21	0.0266140625
8.212	0.0268
8.214	0.026978125000000002
8.216000000000001	0.0271390625
8.218	0.027289062500000003
8.22	0.027440625
8.222	0.027600000000000003
8.224	0.027765625000000002
8.226	0.027940625
8.228	0.028115625
8.23	0.028271875000000002
8.232000000000001	0.0284
8.234	0.0284765625
8.236	0.0285125
8.238	0.028509375
8.24	0.0284703125
8.242	0.0284
8.244	0.0283046875
8.246	0.0282109375
8.248000000000001	0.028128125
8.25	0.02805625
8.252	0.028
8.254000000000001	0.027959375
8.256	0.0279453125
8.258000000000001	0.027951562500000002
8.26	0.0279703125
8.262	0.028
8.264000000000001	0.0280390625
8.266	0.0280953125
8.268	0.028173437500000002
8.270000000000001	0.0282734375
8.272	0.0284
8.274000000000001	0.028548437500000003
8.276	0.028714062500000002
8.278	0.028884375
8.280000000000001	0.029050000000000003
8.282	0.0292
8.284	0.029321875
8.286000000000001	0.0294203125
8.288	0.029495312500000002
8.290000000000001	0.029554687500000003
8.292	0.0296
8.294	0.02963125
8.296000000000001	0.029654687500000002
8.298	0.0296609375
8.3	0.02964375
8.302	0.0296
8.304	0.029531250000000002
8.306000000000001	0.02945
8.308	0.0293625
8.31	0.029276562500000002
8.312	0.0292
8.314	0.029150000000000002
8.315999999999999	0.0291296875
8.318	0.0291359375
8.319999999999999	0.0291609375
8.322	0.0292
8.324	0.029259375
8.325999999999999	0.0293296875
8.328	0.0294109375
8.329999999999998	0.029500000000000002
8.331999999999999	0.0296
8.334	0.029718750000000002
8.335999999999999	0.029859375
8.338	0.03001875
8.34	0.0302015625
8.341999999999999	0.0304
8.344	0.030601562500000002
8.345999999999998	0.0307953125
8.347999999999999	0.03096875
8.35	0.031106250000000002
8.351999999999999	0.031200000000000002
8.354	0.031240625
8.356	0.0312484375
8.357999999999999	0.0312359375
8.36	0.031215625
8.361999999999998	0.031200000000000002
8.363999999999999	0.0311875
8.366	0.031192187500000003
8.367999999999999	0.03120625
8.37	0.0312125
8.372	0.031200000000000002
8.373999999999999	0.03115625
8.376	0.031090625
8.378	0.031003125000000003
8.379999999999999	0.030903125
8.382	0.0308
8.383999999999999	0.0307140625
8.386	0.030665625000000002
8.388	0.030662500000000002
8.389999999999999	0.03070625
8.392	0.0308
8.394	0.030937500000000003
8.395999999999999	0.031104687500000002
8.398	0.031281250000000003
8.399999999999999	0.03145
8.402	0.0316
8.404	0.031715625000000004
8.405999999999999	0.031804687500000005
8.408	0.031873437500000004
8.41	0.031934375
8.411999999999999	0.032
8.414	0.032067187500000004
8.415999999999999	0.032146875
8.418	0.032234375
8.42	0.032321875
8.421999999999999	0.0324
8.424	0.032445312500000004
8.426	0.032468750000000005
8.427999999999999	0.0324671875
8.43	0.03244375
8.431999999999999	0.0324
8.434	0.03233125
8.436	0.03225625
8.437999999999999	0.032175
8.44	0.032090625000000005
8.442	0.032
8.443999999999999	0.0319015625
8.446	0.031810937500000004
8.448	0.031728125
8.45	0.0316578125
8.452	0.0316
8.453999999999999	0.031564062500000004
8.456	0.031546875
8.458	0.0315484375
8.459999999999999	0.031565625
8.462	0.0316
8.464	0.031656250000000004
8.466	0.0317265625
8.468	0.031809375
8.469999999999999	0.0319015625
8.472	0.032
8.474	0.032103125
8.475999999999999	0.0322015625
8.478	0.0322859375
8.48	0.032353125
8.482	0.0324
8.484	0.032428125
8.485999999999999	0.0324375
8.488	0.0324328125
8.49	0.0324171875
8.491999999999999	0.0324
8.494	0.032382812500000004
8.496	0.032375
8.498	0.032376562500000004
8.5	0.0323859375
8.502	0.0324
8.504	0.0324140625
8.506	0.032428125
8.508	0.0324328125
8.51	0.0324234375
8.512	0.0324
8.514	0.032365625
8.516	0.0323375
8.518	0.032328125
8.52	0.032346875000000004
8.522	0.0324
8.524	0.032478125000000004
8.526	0.032575
8.528	0.032671875
8.53	0.032751562500000005
8.532	0.0328
8.534	0.0328046875
8.536	0.032787500000000004
8.538	0.0327671875
8.54	0.032765625
8.542	0.0328
8.544	0.0328625
8.546	0.03295625
8.548	0.0330578125
8.55	0.033146875
8.552	0.0332
8.554	0.033189062500000005
8.556000000000001	0.03313125
8.558	0.033034375000000005
8.56	0.0329171875
8.562	0.0328
8.564	0.03269375
8.566	0.032609375
8.568	0.0325390625
8.57	0.0324734375
8.572000000000001	0.0324
8.574	0.0323265625
8.576	0.032246875
8.578	0.0321609375
8.58	0.0320765625
8.582	0.032
8.584	0.0319609375
8.586	0.03194375
8.588000000000001	0.0319484375
8.59	0.0319671875
8.592	0.032
8.594	0.032059375
8.596	0.032129687500000004
8.598	0.0322078125
8.6	0.032296875
8.602	0.0324
8.604000000000001	0.032528125000000005
8.606	0.0326734375
8.608	0.032834375
8.61	0.033009375
8.612	0.0332
8.614	0.0333875
8.616	0.03356875
8.618	0.033737500000000004
8.620000000000001	0.033882812500000005
8.622	0.034
8.624	0.0340640625
8.626000000000001	0.0340921875
8.628	0.0340875
8.63	0.03405625
8.632	0.034
8.634	0.033915625000000005
8.636000000000001	0.03383125
8.638	0.03375
8.64	0.0336734375
8.642000000000001	0.033600000000000005
8.644	0.0335203125
8.646	0.033446875
8.648	0.033371875
8.65	0.033290625000000004
8.652000000000001	0.0332
8.654	0.033100000000000004
8.656	0.033001562500000005
8.658000000000001	0.032912500000000004
8.66	0.0328421875
8.662	0.0328
8.664	0.0327953125
8.666	0.03283125
8.668000000000001	0.032912500000000004
8.67	0.033037500000000004
8.672	0.0332
8.674000000000001	0.033382812500000004
8.676	0.033567187500000005
8.678	0.0337390625
8.680000000000001	0.033885937500000005
8.682	0.034
8.684000000000001	0.0340625
8.686	0.0340859375
8.688	0.034075
8.69	0.034043750000000005
8.692	0.034
8.694	0.0339390625
8.696	0.033871875
8.698	0.033796875000000004
8.7	0.0337078125
8.702	0.033600000000000005
8.703999999999999	0.0334625
8.706	0.0333078125
8.707999999999998	0.033140625
8.709999999999999	0.0329671875
8.712	0.0328
8.713999999999999	0.03265
8.716	0.0325296875
8.717999999999998	0.032446875
8.719999999999999	0.032403125000000005
8.722	0.0324
8.723999999999998	0.032434375
8.725999999999999	0.032498437500000005
8.728	0.032584375
8.729999999999999	0.032685937500000005
8.732	0.0328
8.733999999999998	0.032909375000000005
8.735999999999999	0.033004687500000005
8.738	0.033084375
8.739999999999998	0.03315
8.741999999999999	0.0332
8.744	0.0332265625
8.745999999999999	0.0332359375
8.748	0.0332328125
8.75	0.0332203125
8.751999999999999	0.0332
8.754	0.0331578125
8.755999999999998	0.0330984375
8.758	0.0330203125
8.76	0.0329203125
8.761999999999999	0.0328
8.764	0.032646875
8.766	0.0324796875
8.767999999999999	0.032309375
8.77	0.0321453125
8.771999999999998	0.032
8.774	0.03186875
8.776	0.031765625
8.777999999999999	0.0316875
8.78	0.0316328125
8.782	0.0316
8.783999999999999	0.0315796875
8.786	0.0315703125
8.787999999999998	0.0315703125
8.79	0.0315796875
8.792	0.0316
8.793999999999999	0.031626562500000004
8.796	0.031646875000000005
8.798	0.0316515625
8.799999999999999	0.0316375
8.802	0.0316
8.804	0.0315484375
8.806	0.031475
8.808	0.0313875
8.809999999999999	0.03129375
8.812	0.031200000000000002
8.814	0.031126562500000003
8.815999999999999	0.03105625
8.818	0.030981250000000002
8.82	0.030896875
8.822	0.0308
8.824	0.03070625
8.825999999999999	0.0306078125
8.828	0.030515625
8.83	0.030442187500000002
8.831999999999999	0.0304
8.834	0.030409375000000002
8.836	0.030459375
8.838	0.03054375
8.84	0.030660937500000002
8.841999999999999	0.0308
8.844	0.03095625
8.846	0.03111875
8.847999999999999	0.0312796875
8.85	0.0314421875
8.852	0.0316
8.854	0.031740625
8.856	0.031859375
8.858	0.031946875
8.86	0.031995312500000005
8.862	0.032
8.863999999999999	0.0319515625
8.866	0.031875
8.868	0.031781250000000004
8.87	0.031685937500000004
8.872	0.0316
8.874	0.03151875
8.876	0.03145
8.878	0.03138125
8.879999999999999	0.0313
8.882	0.031200000000000002
8.884	0.03108125
8.886	0.030965625
8.888	0.03086875
8.89	0.030809375
8.892	0.0308
8.894	0.030846875000000003
8.895999999999999	0.0309328125
8.898	0.031037500000000003
8.9	0.031132812500000002
8.902	0.031200000000000002
8.904	0.031232812500000002
8.906	0.031231250000000002
8.908	0.0312109375
8.91	0.031193750000000003
8.911999999999999	0.031200000000000002
8.914	0.031246875
8.916	0.0313265625
8.918	0.0314234375
8.92	0.0315203125
8.922	0.0316
8.924	0.0316421875
8.926	0.031653125000000004
8.928	0.031640625
8.93	0.031617187500000005
8.932	0.0316
8.934	0.031578125
8.936	0.0315703125
8.938	0.031575
8.94	0.031587500000000004
8.942	0.0316
8.944	0.031587500000000004
8.946	0.031575
8.948	0.0315671875
8.95	0.031575
8.952	0.0316
8.954	0.031621875
8.956	0.0316453125
8.958	0.031659375000000003
8.96	0.0316484375
8.962	0.0316
8.964	0.031498437500000004
8.966	0.0313578125
8.968	0.0311875
8.97	0.030996875
8.972	0.0308
8.974	0.030615625
8.976	0.030445312500000002
8.978	0.030287500000000002
8.98	0.0301390625
8.982000000000001	0.030000000000000002
8.984	0.0298890625
8.986	0.0297890625
8.988	0.029703125
8.99	0.0296375
8.992	0.0296
8.994	0.029620312500000003
8.996	0.0296734375
8.998000000000001	0.02975625
9.0	0.029867187500000003
9.002	0.030000000000000002
9.004	0.030162500000000002
9.006	0.0303296875
9.008000000000001	0.0304953125
9.01	0.030653125
9.012	0.0308
9.014000000000001	0.0309296875
9.016	0.031034375000000003
9.018	0.0311140625
9.02	0.031167187500000002
9.022	0.031200000000000002
9.024000000000001	0.03120625
9.026	0.031201562500000002
9.028	0.031195312500000003
9.030000000000001	0.031193750000000003
9.032	0.031200000000000002
9.034	0.031195312500000003
9.036000000000001	0.031198437500000002
9.038	0.0312046875
9.040000000000001	0.0312078125
9.042	0.031200000000000002
9.044	0.031153125
9.046000000000001	0.0310890625
9.048	0.031006250000000003
9.05	0.030909375000000003
9.052000000000001	0.0308
9.054	0.0306796875
9.056000000000001	0.0305734375
9.058	0.0304875
9.06	0.0304296875
9.062000000000001	0.0304
9.064	0.0304
9.066	0.030414062500000002
9.068000000000001	0.0304265625
9.07	0.0304265625
9.072000000000001	0.0304
9.074	0.030351562500000002
9.076	0.030275
9.078	0.030182812500000003
9.08	0.0300859375
9.082	0.030000000000000002
9.084	0.02995
9.086	0.029928125
9.088	0.029931250000000003
9.09	0.02995625
9.091999999999999	0.030000000000000002
9.094	0.030062500000000002
9.095999999999998	0.030131250000000002
9.097999999999999	0.030209375
9.1	0.0302984375
9.101999999999999	0.0304
9.104	0.030500000000000003
9.106	0.030596875000000003
9.107999999999999	0.0306828125
9.11	0.030751562500000003
9.111999999999998	0.0308
9.113999999999999	0.03080625
9.116	0.0307984375
9.117999999999999	0.030785937500000003
9.12	0.030784375000000003
9.122	0.0308
9.123999999999999	0.030809375
9.126	0.030825
9.127999999999998	0.0308375
9.129999999999999	0.0308328125
9.132	0.0308
9.133999999999999	0.0307015625
9.136	0.030562500000000003
9.138	0.0303921875
9.139999999999999	0.0302
9.142	0.030000000000000002
9.143999999999998	0.02979375
9.145999999999999	0.02960625
9.148	0.0294421875
9.149999999999999	0.029307812500000002
9.152	0.0292
9.154	0.02910625
9.155999999999999	0.029025000000000002
9.158	0.0289484375
9.16	0.0288734375
9.161999999999999	0.028800000000000003
9.164	0.028725
9.165999999999999	0.028642187500000003
9.168	0.028556250000000002
9.17	0.028471875
9.171999999999999	0.0284
9.174	0.0283546875
9.176	0.028328125000000003
9.177999999999999	0.028326562500000003
9.18	0.0283515625
9.181999999999999	0.0284
9.184	0.0284640625
9.186	0.0285125
9.187999999999999	0.028525000000000002
9.19	0.028489062500000002
9.192	0.0284
9.193999999999999	0.028267187500000002
9.196	0.028096875
9.197999999999999	0.0279109375
9.2	0.027737500000000002
9.202	0.027600000000000003
9.203999999999999	0.0275203125
9.206	0.0274921875
9.208	0.027506250000000003
9.209999999999999	0.027548437500000002
9.212	0.027600000000000003
9.213999999999999	0.027646875
9.216	0.027671875000000002
9.218	0.027668750000000002
9.219999999999999	0.027640625000000002
9.222	0.027600000000000003
9.224	0.0275578125
9.225999999999999	0.0275265625
9.228	0.02751875
9.23	0.027540625000000003
9.232	0.027600000000000003
9.234	0.0276875
9.235999999999999	0.0277875
9.238	0.0278828125
9.24	0.027957812500000002
9.241999999999999	0.028
9.244	0.0279921875
9.246	0.0279375
9.248	0.02784375
9.25	0.027726562500000003
9.251999999999999	0.027600000000000003
9.254	0.027476562500000003
9.256	0.0273703125
9.258	0.027290625000000002
9.26	0.027232812500000002
9.262	0.027200000000000002
9.264	0.02718125
9.266	0.027171875
9.267999999999999	0.0271734375
9.27	0.027184375
9.272	0.027200000000000002
9.274	0.0272109375
9.276	0.0272171875
9.278	0.0272171875
9.28	0.0272109375
9.282	0.027200000000000002
9.284	0.027178125
9.286	0.0271578125
9.288	0.0271515625
9.29	0.027165625000000002
9.292	0.027200000000000002
9.294	0.02724375
9.296	0.02728125
9.298	0.027295312500000002
9.3	0.027271875
9.302	0.027200000000000002
9.304	0.027078125
9.306	0.02691875
9.308	0.0267390625
9.31	0.026559375
9.312	0.0264
9.314	0.026285937500000002
9.316	0.0262015625
9.318	0.0261359375
9.32	0.0260734375
9.322	0.026000000000000002
9.324	0.025925
9.326	0.025834375
9.328	0.0257390625
9.33	0.025654687500000002
9.332	0.0256
9.334	0.0256015625
9.336	0.0256453125
9.338000000000001	0.02573125
9.34	0.025853125
9.342	0.026000000000000002
9.344	0.0261671875
9.346	0.026334375
9.348	0.026496875
9.35	0.026653125
9.352	0.0268
9.354000000000001	0.026925
9.356	0.027028125
9.358	0.027109375
9.36	0.027167187500000002
9.362	0.027200000000000002
9.364	0.0271828125
9.366	0.027132812500000002
9.368	0.02705
9.370000000000001	0.026939062500000003
9.372	0.0268
9.374	0.026631250000000002
9.376	0.02645625
9.378	0.026285937500000002
9.38	0.0261328125
9.382	0.026000000000000002
9.384	0.0258890625
9.386000000000001	0.0258
9.388	0.0257296875
9.39	0.025665625
9.392	0.0256
9.394	0.025534375
9.396	0.0254578125
9.398	0.025373437500000002
9.4	0.025284375
9.402000000000001	0.0252
9.404	0.025146875000000003
9.406	0.025115625000000003
9.408000000000001	0.025112500000000003
9.41	0.025140625
9.412	0.0252
9.414	0.0252984375
9.416	0.025400000000000002
9.418000000000001	0.025490625000000003
9.42	0.025559375000000002
9.422	0.0256
9.424000000000001	0.025620312500000002
9.426	0.025615625
9.428	0.0256
9.43	0.025589062500000002
9.432	0.0256
9.434000000000001	0.025640625
9.436	0.025709375
9.438	0.0258
9.440000000000001	0.025901562500000003
9.442	0.026000000000000002
9.444	0.026067187500000002
9.446	0.026103125
9.448	0.0261015625
9.450000000000001	0.026065625000000002
9.452	0.026000000000000002
9.454	0.025903125000000003
9.456000000000001	0.0258015625
9.458	0.025710937500000003
9.46	0.0256421875
9.462	0.0256
9.464	0.0255828125
9.466000000000001	0.025585937500000003
9.468	0.0255984375
9.47	0.0256078125
9.472	0.0256
9.474	0.0255671875
9.475999999999999	0.0255046875
9.478	0.0254171875
9.479999999999999	0.0253140625
9.482	0.0252
9.483999999999998	0.025096875
9.485999999999999	0.025003125
9.488	0.024921875
9.489999999999998	0.0248546875
9.491999999999999	0.024800000000000003
9.494	0.024771875000000002
9.495999999999999	0.02475625
9.498	0.0247546875
9.499999999999998	0.024768750000000003
9.501999999999999	0.024800000000000003
9.504	0.024859375
9.505999999999998	0.024929687500000002
9.508	0.0250125
9.51	0.025103125
9.511999999999999	0.0252
9.514	0.0252921875
9.515999999999998	0.0253765625
9.517999999999999	0.0254578125
9.52	0.0255328125
9.521999999999998	0.0256
9.524	0.0256453125
9.526	0.02566875
9.527999999999999	0.0256703125
9.53	0.025646875
9.532	0.0256
9.533999999999999	0.0255203125
9.536	0.025429687500000003
9.537999999999998	0.025340625000000002
9.54	0.0252625
9.542	0.0252
9.543999999999999	0.0251421875
9.546	0.025087500000000002
9.548	0.025021875000000002
9.549999999999999	0.024928125000000002
9.552	0.024800000000000003
9.553999999999998	0.0246375
9.556	0.024454687500000002
9.558	0.0242734375
9.559999999999999	0.024115625
9.562	0.024
9.564	0.023946875000000003
9.565999999999999	0.0239375
9.568	0.023956250000000002
9.569999999999999	0.023982812500000002
9.572	0.024
9.574	0.0240078125
9.575999999999999	0.0239953125
9.578	0.023978125
9.58	0.0239734375
9.581999999999999	0.024
9.584	0.024065625
9.586	0.024153125
9.588	0.0242484375
9.59	0.0243359375
9.591999999999999	0.0244
9.594	0.024428125000000002
9.596	0.024423437500000002
9.597999999999999	0.02440625
9.6	0.024393750000000002
9.602	0.0244
9.604	0.024421875000000003
9.606	0.024451562500000003
9.607999999999999	0.0244703125
9.61	0.024459375000000002
9.612	0.0244
9.613999999999999	0.02428125
9.616	0.024121875
9.618	0.0239390625
9.62	0.0237578125
9.622	0.0236
9.623999999999999	0.023484375000000002
9.626	0.0234015625
9.628	0.0233390625
9.629999999999999	0.0232765625
9.632	0.023200000000000002
9.634	0.0231140625
9.636	0.0230125
9.638	0.022914062500000002
9.64	0.0228375
9.642	0.0228
9.644	0.0228265625
9.645999999999999	0.02289375
9.648	0.0229890625
9.65	0.0230953125
9.652	0.023200000000000002
9.654	0.023293750000000002
9.656	0.0233671875
9.658	0.023434375
9.66	0.023507812500000003
9.661999999999999	0.0236
9.664	0.02370625
9.666	0.0238125
9.668	0.0239078125
9.67	0.023975
9.672	0.024
9.674	0.0239703125
9.676	0.0238984375
9.677999999999999	0.023803125
9.68	0.023698437500000002
9.682	0.0236
9.684	0.0235203125
9.686	0.0234546875
9.688	0.023389062500000002
9.69	0.0233109375
9.692	0.023200000000000002
9.693999999999999	0.0230609375
9.696	0.022896875
9.698	0.022721875000000002
9.7	0.02255
9.702	0.0224
9.704	0.0223046875
9.706	0.0222578125
9.708	0.0222609375
9.71	0.022310937500000003
9.712	0.0224
9.714	0.022525
9.716	0.0226703125
9.718	0.02283125
9.72	0.023007812500000002
9.722	0.023200000000000002
9.724	0.023390625
9.726	0.023571875000000003
9.728	0.0237375
9.73	0.0238828125
9.732	0.024
9.734	0.02406875
9.736	0.0240984375
9.738	0.0240953125
9.74	0.0240609375
9.742	0.024
9.744	0.0238984375
9.746	0.02376875
9.748	0.0236109375
9.75	0.023421875
9.752	0.023200000000000002
9.754	0.022953125
9.756	0.022696875000000002
9.758000000000001	0.0224453125
9.76	0.022209375
9.762	0.022000000000000002
9.764000000000001	0.0218359375
9.766	0.021714062500000002
9.768	0.0216375
9.77	0.0216
9.772	0.0216
9.774000000000001	0.021640625
9.776	0.021703125
9.778	0.021782812500000002
9.780000000000001	0.02188125
9.782	0.022000000000000002
9.784	0.022140625
9.786	0.0222890625
9.788	0.02245
9.790000000000001	0.022621875
9.792	0.0228
9.794	0.0229609375
9.796000000000001	0.0230921875
9.798	0.0231796875
9.8	0.02321875
9.802	0.023200000000000002
9.804	0.023104687500000002
9.806000000000001	0.0229578125
9.808	0.0227796875
9.81	0.0225875
9.812000000000001	0.0224
9.814	0.0222109375
9.816	0.022040625
9.818	0.0218875
9.82	0.021743750000000003
9.822000000000001	0.0216
9.824	0.02144375
9.826	0.0212796875
9.828000000000001	0.0211125
9.83	0.02095
9.832	0.020800000000000003
9.834000000000001	0.020671875
9.836	0.0205671875
9.838000000000001	0.020485937500000002
9.84	0.02043125
9.842	0.0204
9.844000000000001	0.020396875000000002
9.846	0.0203984375
9.848	0.0204
9.85	0.0204015625
9.852	0.0204
9.854000000000001	0.02040625
9.856	0.020403125
9.858	0.020395312500000002
9.86	0.020393750000000002
9.862	0.0204
9.863999999999999	0.02041875
9.866	0.020434375
9.867999999999999	0.0204390625
9.87	0.0204296875
9.871999999999998	0.0204
9.873999999999999	0.0203484375
9.876	0.020275
9.877999999999998	0.0201859375
9.879999999999999	0.020090625
9.882	0.02
9.883999999999999	0.0199140625
9.886	0.0198328125
9.888	0.01975625
9.889999999999999	0.0196796875
9.892	0.0196
9.893999999999998	0.019514062500000002
9.895999999999999	0.0194234375
9.898	0.0193359375
9.899999999999999	0.019259375000000002
9.902	0.019200000000000002
9.904	0.019164062500000002
9.905999999999999	0.019146875
9.908	0.01915
9.909999999999998	0.0191703125
9.911999999999999	0.019200000000000002
9.914	0.019231250000000002
9.915999999999999	0.0192515625
9.918	0.0192546875
9.92	0.0192375
9.921999999999999	0.019200000000000002
9.924	0.0191421875
9.925999999999998	0.019065625
9.927999999999999	0.018978125000000002
9.93	0.0188875
9.931999999999999	0.0188
9.934	0.018725000000000002
9.936	0.0186515625
9.937999999999999	0.018575
9.94	0.0184921875
9.942	0.0184
9.943999999999999	0.018312500000000002
9.946	0.018220312500000002
9.947999999999999	0.0181328125
9.95	0.01805625
9.952	0.018000000000000002
9.953999999999999	0.01798125
9.956	0.01798125
9.958	0.0179890625
9.959999999999999	0.017998437500000002
9.962	0.018000000000000002
9.963999999999999	0.0180078125
9.966	0.018003125000000002
9.968	0.0179953125
9.969999999999999	0.017990625
9.972	0.018000000000000002
9.974	0.0180421875
9.975999999999999	0.0181046875
9.978	0.018189062500000002
9.979999999999999	0.0182890625
9.982	0.0184
9.984	0.018515625
9.985999999999999	0.01861875
9.988	0.018703125
9.99	0.0187640625
9.991999999999999	0.0188
9.994	0.018809375
9.995999999999999	0.0188046875
9.998	0.018796875
10.0	0.01879375
10.001999999999999	0.0188
10.004	0.0188140625
10.006	0.0188328125
10.008	0.01884375
10.01	0.0188375
10.012	0.0188
10.014	0.01873125
10.016	0.0186421875
10.017999999999999	0.018546875
10.02	0.0184625
10.022	0.0184
10.024	0.01836875
10.026	0.018365625
10.028	0.018378125000000002
10.03	0.01839375
10.032	0.0184
10.033999999999999	0.018396875
10.036	0.018384375
10.038	0.018371875
10.04	0.018373437500000003
10.042	0.0184
10.044	0.018459375
10.046	0.0185390625
10.048	0.018632812500000002
10.049999999999999	0.018725000000000002
10.052	0.0188
10.054	0.018848437500000002
10.056	0.018865625
10.058	0.01885625
10.06	0.01883125
10.062	0.0188
10.064	0.018771875
10.066	0.018754687500000002
10.068	0.018754687500000002
10.07	0.018771875
10.072	0.0188
10.074	0.018828125
10.076	0.018851562500000002
10.078	0.0188578125
10.08	0.0188421875
10.082	0.0188
10.084	0.018728125
10.086	0.018640625
10.088	0.0185484375
10.09	0.018465625
10.092	0.0184
10.094	0.0183625
10.096	0.0183515625
10.098	0.018359375
10.1	0.018379687500000002
10.102	0.0184
10.104	0.018421875
10.106	0.01843125
10.108	0.0184296875
10.11	0.0184171875
10.112	0.0184
10.114	0.018390625
10.116	0.018384375
10.118	0.018384375
10.120000000000001	0.018390625
10.122	0.0184
10.124	0.0184171875
10.126	0.0184296875
10.128	0.01843125
10.13	0.018421875
10.132	0.0184
10.134	0.018376562500000002
10.136000000000001	0.018353125
10.138	0.018343750000000002
10.14	0.0183578125
10.142	0.0184
10.144	0.018468750000000003
10.146	0.01855625
10.148	0.0186484375
10.15	0.018734375
10.152000000000001	0.0188
10.154	0.018828125
10.156	0.01883125
10.158	0.018818750000000002
10.16	0.01880625
10.162	0.0188
10.164	0.018796875
10.166	0.018803125
10.168000000000001	0.0188140625
10.17	0.018815625000000002
10.172	0.0188
10.174	0.018753125000000002
10.176	0.0186828125
10.178	0.01859375
10.18	0.018496875
10.182	0.0184
10.184000000000001	0.0183078125
10.186	0.018225
10.188	0.0181484375
10.190000000000001	0.018075
10.192	0.018000000000000002
10.194	0.017921875
10.196	0.0178375
10.198	0.0177515625
10.200000000000001	0.0176703125
10.202	0.0176
10.204	0.01755
10.206000000000001	0.0175203125
10.208	0.0175171875
10.21	0.01754375
10.212	0.0176
10.214	0.017675
10.216000000000001	0.017759375
10.218	0.017845312500000002
10.22	0.017928125
10.222000000000001	0.018000000000000002
10.224	0.0180390625
10.226	0.0180515625
10.228	0.01804375
10.23	0.0180265625
10.232000000000001	0.018000000000000002
10.234	0.01795
10.236	0.017884375
10.238	0.01780625
10.24	0.017712500000000003
10.242	0.0176
10.244	0.0174578125
10.246	0.0172984375
10.248	0.01713125
10.25	0.0169640625
10.251999999999999	0.016800000000000002
10.254	0.016645312500000002
10.255999999999998	0.0164921875
10.258	0.0163390625
10.26	0.016175000000000002
10.261999999999999	0.016
10.264	0.015829687500000002
10.265999999999998	0.0156546875
10.267999999999999	0.0154828125
10.27	0.015328125000000001
10.271999999999998	0.0152
10.274	0.015139062500000001
10.276	0.015112500000000001
10.277999999999999	0.0151171875
10.28	0.0151484375
10.281999999999998	0.0152
10.283999999999999	0.0152921875
10.286	0.015379687500000001
10.287999999999998	0.0154609375
10.29	0.015534375000000001
10.292	0.015600000000000001
10.293999999999999	0.0156828125
10.296	0.015759375
10.297999999999998	0.0158359375
10.299999999999999	0.015915625
10.302	0.016
10.303999999999998	0.0160984375
10.306	0.01619375
10.308	0.0162796875
10.309999999999999	0.01635
10.312	0.0164
10.314	0.016426562500000002
10.315999999999999	0.016434375
10.318	0.016428125000000002
10.319999999999999	0.016415625
10.322	0.0164
10.324	0.01638125
10.325999999999999	0.016371875
10.328	0.0163734375
10.33	0.0163859375
10.331999999999999	0.0164
10.334	0.016403125
10.335999999999999	0.0164046875
10.338	0.0164046875
10.34	0.016403125
10.341999999999999	0.0164
10.344	0.0163859375
10.346	0.0163734375
10.347999999999999	0.016371875
10.35	0.01638125
10.351999999999999	0.0164
10.354	0.016415625
10.356	0.016428125000000002
10.357999999999999	0.016434375
10.36	0.016426562500000002
10.362	0.0164
10.363999999999999	0.016346875
10.366	0.0162734375
10.368	0.0161859375
10.37	0.01609375
10.372	0.016
10.373999999999999	0.015915625
10.376	0.0158375
10.378	0.015760937500000002
10.379999999999999	0.0156828125
10.382	0.015600000000000001
10.384	0.015520312500000001
10.386	0.0154359375
10.388	0.01535
10.389999999999999	0.015268750000000001
10.392	0.0152
10.394	0.0151609375
10.395999999999999	0.015140625000000001
10.398	0.015140625000000001
10.4	0.0151609375
10.402	0.0152
10.404	0.015264062500000002
10.405999999999999	0.0153375
10.408	0.01541875
10.41	0.015506250000000001
10.411999999999999	0.015600000000000001
10.414	0.0156953125
10.416	0.0157828125
10.418	0.0158640625
10.42	0.0159375
10.422	0.016
10.424	0.016043750000000002
10.426	0.0160671875
10.427999999999999	0.0160671875
10.43	0.016045312500000002
10.432	0.016
10.434	0.01593125
10.436	0.01585
10.438	0.015764062500000002
10.44	0.0156796875
10.442	0.015600000000000001
10.443999999999999	0.015528125
10.446	0.015459375000000001
10.448	0.0153875
10.45	0.015303125
10.452	0.0152
10.454	0.015093750000000001
10.456	0.0149875
10.458	0.01489375
10.459999999999999	0.014828125000000001
10.462	0.0148
10.464	0.01483125
10.466	0.0149
10.468	0.01499375
10.47	0.0150984375
10.472	0.0152
10.474	0.015298437500000001
10.475999999999999	0.015379687500000001
10.478	0.0154515625
10.48	0.015521875000000001
10.482	0.015600000000000001
10.484	0.015690625
10.486	0.0157859375
10.488	0.015875
10.49	0.0159484375
10.492	0.016
10.494	0.0160234375
10.496	0.0160265625
10.498	0.016017187500000002
10.5	0.01600625
10.502	0.016
10.504	0.0160078125
10.506	0.0160234375
10.508000000000001	0.0160359375
10.51	0.0160328125
10.512	0.016
10.514	0.015940625
10.516	0.015860937500000002
10.518	0.0157703125
10.52	0.0156796875
10.522	0.015600000000000001
10.524000000000001	0.0155578125
10.526	0.01554375
10.528	0.015551562500000001
10.53	0.0155734375
10.532	0.015600000000000001
10.534	0.015646875
10.536	0.015703125000000002
10.538	0.015778125
10.540000000000001	0.015875
10.542	0.016
10.544	0.0161546875
10.546000000000001	0.016325
10.548	0.016496875
10.55	0.016659375
10.552	0.016800000000000002
10.554	0.016903125
10.556000000000001	0.0169828125
10.558	0.01705
10.56	0.017120312500000002
10.562000000000001	0.0172
10.564	0.0172828125
10.566	0.0173765625
10.568	0.0174703125
10.57	0.01755
10.572000000000001	0.0176
10.574	0.017592187500000002
10.576	0.0175421875
10.578000000000001	0.0174578125
10.58	0.017340625000000002
10.582	0.0172
10.584	0.017034375
10.586	0.016868750000000002
10.588000000000001	0.016706250000000002
10.59	0.016550000000000002
10.592	0.0164
10.594000000000001	0.016265625000000002
10.596	0.016153125
10.598	0.01606875
10.6	0.016017187500000002
10.602	0.016
10.604000000000001	0.0160296875
10.606	0.016090625
10.608	0.016178125
10.610000000000001	0.016284375
10.612	0.0164
10.614	0.016517187500000002
10.616000000000001	0.0166203125
10.618	0.016703125
10.620000000000001	0.0167625
10.622	0.016800000000000002
10.624	0.0168171875
10.626	0.0168171875
10.628	0.016809375
10.63	0.016801562500000002
10.632	0.016800000000000002
10.634	0.016804687500000002
10.636	0.0168125
10.638	0.01681875
10.639999999999999	0.0168171875
10.642	0.016800000000000002
10.643999999999998	0.01675625
10.645999999999999	0.016690625
10.648	0.01660625
10.649999999999999	0.0165078125
10.652	0.0164
10.653999999999998	0.016290625
10.655999999999999	0.016190625
10.658	0.01610625
10.659999999999998	0.016043750000000002
10.661999999999999	0.016
10.664	0.015978125
10.665999999999999	0.0159703125
10.668	0.0159734375
10.67	0.015985937500000002
10.671999999999999	0.016
10.674	0.016017187500000002
10.675999999999998	0.016025
10.677999999999999	0.0160234375
10.68	0.016014062500000002
10.681999999999999	0.016
10.684	0.0159921875
10.686	0.015984375000000002
10.687999999999999	0.015981250000000002
10.69	0.0159875
10.691999999999998	0.016
10.693999999999999	0.0160265625
10.696	0.016048437500000002
10.697999999999999	0.0160546875
10.7	0.016040625
10.702	0.016
10.703999999999999	0.015940625
10.706	0.015860937500000002
10.707999999999998	0.0157703125
10.709999999999999	0.0156796875
10.712	0.015600000000000001
10.713999999999999	0.015551562500000001
10.716	0.01553125
10.718	0.015534375000000001
10.719999999999999	0.015559375
10.722	0.015600000000000001
10.724	0.0156578125
10.725999999999999	0.015725
10.728	0.0158046875
10.729999999999999	0.015896875
10.732	0.016
10.734	0.0161015625
10.735999999999999	0.0161984375
10.738	0.016284375
10.74	0.016353125
10.741999999999999	0.0164
10.744	0.0164078125
10.745999999999999	0.0164
10.748	0.0163875
10.75	0.0163859375
10.751999999999999	0.0164
10.754	0.0164140625
10.756	0.0164328125
10.758	0.016446875
10.76	0.016440625
10.761999999999999	0.0164
10.764	0.0163046875
10.766	0.01616875
10.767999999999999	0.0159984375
10.77	0.0158046875
10.772	0.015600000000000001
10.774	0.0154015625
10.776	0.015218750000000001
10.777999999999999	0.0150578125
10.78	0.014920312500000001
10.782	0.0148
10.783999999999999	0.014717187500000001
10.786	0.01464375
10.788	0.01456875
10.79	0.0144875
10.792	0.014400000000000001
10.794	0.0143421875
10.796	0.0143
10.798	0.0142875
10.799999999999999	0.0143171875
10.802	0.014400000000000001
10.804	0.014553125
10.806	0.014731250000000001
10.808	0.0149125
10.81	0.015075
10.812	0.0152
10.814	0.015298437500000001
10.815999999999999	0.015362500000000001
10.818	0.01541875
10.82	0.015490625000000001
10.822	0.015600000000000001
10.824	0.015753125
10.826	0.0159359375
10.828	0.0161234375
10.83	0.0162890625
10.831999999999999	0.0164
10.834	0.0164296875
10.836	0.0163875
10.838	0.0162875
10.84	0.0161515625
10.842	0.016
10.844	0.015854687500000002
10.846	0.015740625
10.848	0.0156640625
10.85	0.0156203125
10.852	0.015600000000000001
10.854	0.015598437500000001
10.856	0.01560625
10.858	0.015612500000000001
10.86	0.015612500000000001
10.862	0.015600000000000001
10.864	0.015584375000000001
10.866	0.015568750000000001
10.868	0.0155609375
10.87	0.0155703125
10.872	0.015600000000000001
10.874	0.0156578125
10.876	0.015734375000000002
10.878	0.015821875
10.88	0.0159140625
10.882	0.016
10.884	0.016079687500000002
10.886	0.01615
10.888	0.016221875
10.89	0.016303125
10.892	0.0164
10.894	0.016503125
10.896	0.0166078125
10.898	0.0167015625
10.9	0.016770312500000002
10.902	0.016800000000000002
10.904	0.016770312500000002
10.906	0.0167015625
10.908	0.0166078125
10.91	0.016503125
10.912	0.0164
10.914	0.016303125
10.916	0.016221875
10.918000000000001	0.01615
10.92	0.016079687500000002
10.922	0.016
10.924	0.0159171875
10.926	0.015828125000000002
10.928	0.015740625
10.93	0.0156625
10.932	0.015600000000000001
10.934000000000001	0.015575
10.936	0.015571875
10.938	0.015581250000000001
10.94	0.01559375
10.942	0.015600000000000001
10.944	0.015614062500000001
10.946	0.0156171875
10.948	0.015610937500000002
10.950000000000001	0.015603125
10.952	0.015600000000000001
10.954	0.01563125
10.956	0.015684375
10.958	0.015764062500000002
10.96	0.01586875
10.962	0.016
10.964	0.0161578125
10.966000000000001	0.016325
10.968	0.0164921875
10.97	0.016653125
10.972000000000001	0.016800000000000002
10.974	0.016915625
10.976	0.017009375
10.978	0.017085937500000002
10.98	0.017148437500000002
10.982000000000001	0.0172
10.984	0.0172234375
10.986	0.0172375
10.988000000000001	0.017240625000000002
10.99	0.0172296875
10.992	0.0172
10.994	0.0171390625
10.996	0.017065625
10.998000000000001	0.01698125
11.0	0.0168921875
11.002	0.016800000000000002
11.004000000000001	0.016710937500000002
11.006	0.0166296875
11.008000000000001	0.0165546875
11.01	0.0164796875
11.012	0.0164
11.014	0.016328125000000002
11.016	0.0162546875
11.018	0.016175000000000002
11.02	0.0160890625
11.022	0.016
11.024	0.015951562500000002
11.026	0.015923437500000002
11.027999999999999	0.015918750000000002
11.03	0.01594375
11.031999999999998	0.016
11.033999999999999	0.0161234375
11.036	0.016275
11.037999999999998	0.0164453125
11.04	0.0166234375
11.042	0.016800000000000002
11.043999999999999	0.0169875
11.046	0.017159375
11.047999999999998	0.0173171875
11.049999999999999	0.017462500000000002
11.052	0.0176
11.053999999999998	0.0177421875
11.056	0.017890625
11.058	0.0180484375
11.059999999999999	0.018220312500000002
11.062	0.0184
11.063999999999998	0.0185828125
11.065999999999999	0.018765625
11.068	0.0189390625
11.069999999999999	0.0190875
11.072	0.019200000000000002
11.074	0.019262500000000002
11.075999999999999	0.019292187500000002
11.078	0.019290625000000002
11.079999999999998	0.019259375000000002
11.081999999999999	0.019200000000000002
11.084	0.0191203125
11.085999999999999	0.019040625000000002
11.088	0.0189609375
11.09	0.018881250000000002
11.091999999999999	0.0188
11.094	0.0187390625
11.096	0.0187046875
11.097999999999999	0.0187015625
11.1	0.0187328125
11.101999999999999	0.0188
11.104	0.01891875
11.106	0.019070312500000002
11.107999999999999	0.01924375
11.11	0.019425
11.112	0.0196
11.113999999999999	0.0197734375
11.116	0.0199375
11.117999999999999	0.02009375
11.12	0.020246875
11.122	0.0204
11.123999999999999	0.020559375
11.126	0.0207234375
11.128	0.020890625
11.129999999999999	0.021051562500000003
11.132	0.0212
11.133999999999999	0.0213234375
11.136	0.021428125000000003
11.138	0.021509375
11.139999999999999	0.0215671875
11.142	0.0216
11.144	0.0216046875
11.145999999999999	0.021603125
11.148	0.0216015625
11.15	0.0216
11.152	0.0216
11.154	0.0215953125
11.155999999999999	0.0215984375
11.158	0.02160625
11.16	0.0216078125
11.161999999999999	0.0216
11.164	0.0215828125
11.166	0.0215671875
11.168	0.021562500000000002
11.17	0.021571875
11.171999999999999	0.0216
11.174	0.021653125000000002
11.176	0.0217265625
11.177999999999999	0.021815625
11.18	0.0219109375
11.182	0.022000000000000002
11.184	0.0220875
11.186	0.02216875
11.187999999999999	0.0222453125
11.19	0.022321875
11.192	0.0224
11.193999999999999	0.0224875
11.196	0.022578125
11.198	0.022665625000000002
11.2	0.0227421875
11.202	0.0228
11.204	0.022840625
11.206	0.0228609375
11.208	0.022859375
11.209999999999999	0.0228375
11.212	0.0228
11.214	0.02276875
11.216	0.0227484375
11.218	0.0227453125
11.22	0.0227625
11.222	0.0228
11.224	0.022865625
11.225999999999999	0.02295
11.228	0.023039062500000002
11.23	0.0231265625
11.232	0.023200000000000002
11.234	0.02326875
11.236	0.0233359375
11.238	0.0234078125
11.24	0.02349375
11.241999999999999	0.0236
11.244	0.023734375000000002
11.246	0.023892187500000002
11.248	0.0240640625
11.25	0.024239062500000002
11.252	0.0244
11.254	0.0245390625
11.256	0.024650000000000002
11.258	0.02473125
11.26	0.0247796875
11.262	0.024800000000000003
11.264	0.024798437500000003
11.266	0.02479375
11.268	0.024790625
11.27	0.02479375
11.272	0.024800000000000003
11.274000000000001	0.0248125
11.276	0.0248265625
11.278	0.024835937500000002
11.28	0.024829687500000003
11.282	0.024800000000000003
11.284	0.024767187500000003
11.286	0.024737500000000003
11.288	0.0247265625
11.290000000000001	0.024743750000000002
11.292	0.024800000000000003
11.294	0.024915625
11.296	0.025071875
11.298	0.0252515625
11.3	0.025435937500000002
11.302	0.0256
11.304	0.025746875000000002
11.306000000000001	0.025859375
11.308	0.025934375000000003
11.31	0.025978125
11.312	0.026000000000000002
11.314	0.026032812500000002
11.316	0.026084375
11.318	0.026160937500000002
11.32	0.0262671875
11.322000000000001	0.0264
11.324	0.026568750000000002
11.326	0.026750000000000003
11.328000000000001	0.0269265625
11.33	0.02708125
11.332	0.027200000000000002
11.334	0.02728125
11.336	0.027346875
11.338000000000001	0.027412500000000003
11.34	0.0274921875
11.342	0.027600000000000003
11.344000000000001	0.027731250000000002
11.346	0.0278953125
11.348	0.028076562500000003
11.35	0.02825
11.352	0.0284
11.354000000000001	0.0285015625
11.356	0.028581250000000002
11.358	0.028648437500000002
11.360000000000001	0.02871875
11.362	0.028800000000000003
11.364	0.0288859375
11.366	0.028987500000000003
11.368	0.029089062500000002
11.370000000000001	0.029165625
11.372	0.0292
11.374	0.0291734375
11.376000000000001	0.02910625
11.378	0.0290125
11.38	0.028903125
11.382	0.028800000000000003
11.384	0.0287234375
11.386000000000001	0.0286890625
11.388	0.028696875
11.39	0.028735937500000003
11.392000000000001	0.028800000000000003
11.394	0.0288828125
11.396	0.028971875
11.398	0.029059375000000002
11.4	0.0291359375
11.402	0.0292
11.404	0.0292578125
11.406	0.02931875
11.408	0.0293921875
11.41	0.0294828125
11.411999999999999	0.0296
11.414	0.029745312500000003
11.415999999999999	0.029910937500000002
11.418	0.030084375
11.419999999999998	0.030251562500000002
11.421999999999999	0.0304
11.424	0.03051875
11.425999999999998	0.0306140625
11.427999999999999	0.030689062500000003
11.43	0.030748437500000003
11.431999999999999	0.0308
11.434	0.030840625
11.435999999999998	0.030875000000000003
11.437999999999999	0.030887500000000002
11.44	0.0308640625
11.441999999999998	0.0308
11.443999999999999	0.0307046875
11.446	0.030600000000000002
11.447999999999999	0.030503125000000002
11.45	0.03043125
11.452	0.0304
11.453999999999999	0.03043125
11.456	0.0305109375
11.457999999999998	0.0306140625
11.459999999999999	0.030717187500000003
11.462	0.0308
11.463999999999999	0.03086875
11.466	0.030925
11.468	0.0309859375
11.469999999999999	0.031071875000000002
11.472	0.031200000000000002
11.473999999999998	0.0313875
11.475999999999999	0.031621875
11.478	0.031884375
11.479999999999999	0.0321515625
11.482	0.0324
11.484	0.032609375
11.485999999999999	0.032784375000000004
11.488	0.032934375
11.489999999999998	0.03306875
11.491999999999999	0.0332
11.494	0.033315625
11.495999999999999	0.033428125
11.498	0.0335234375
11.5	0.0335859375
11.501999999999999	0.033600000000000005
11.504	0.033546875000000004
11.506	0.0334640625
11.508	0.0333671875
11.51	0.0332734375
11.511999999999999	0.0332
11.514	0.03315
11.516	0.033140625
11.517999999999999	0.03315625
11.52	0.03318125
11.522	0.0332
11.524	0.033201562500000004
11.526	0.033196875
11.527999999999999	0.033189062500000005
11.53	0.0331875
11.532	0.0332
11.533999999999999	0.033240625
11.536	0.033309375
11.538	0.0333984375
11.54	0.0334984375
11.542	0.033600000000000005
11.543999999999999	0.0337
11.546	0.0337890625
11.548	0.0338671875
11.549999999999999	0.0339359375
11.552	0.034
11.554	0.03406875
11.556	0.034142187500000004
11.558	0.0342234375
11.559999999999999	0.034309375
11.562	0.0344
11.564	0.0344953125
11.565999999999999	0.034590625
11.568	0.034678125000000004
11.57	0.03475
11.572	0.034800000000000005
11.574	0.034829687500000005
11.576	0.03484375
11.578	0.0348421875
11.58	0.034826562500000005
11.581999999999999	0.034800000000000005
11.584	0.03478125
11.586	0.034773437500000004
11.588	0.034775
11.59	0.034784375
11.592	0.034800000000000005
11.594	0.0348421875
11.596	0.0349046875
11.597999999999999	0.0349859375
11.6	0.035084375
11.602	0.0352
11.604	0.035342187500000004
11.606	0.0355015625
11.608	0.03566875
11.61	0.035835937500000005
11.612	0.036000000000000004
11.613999999999999	0.036157812500000004
11.616	0.0363140625
11.618	0.036471875
11.62	0.0366328125
11.622	0.0368
11.624	0.036959375
11.626	0.037125000000000005
11.628	0.037292187500000004
11.63	0.0374515625
11.632	0.0376
11.634	0.037703125000000004
11.636	0.03779375
11.638	0.037871875
11.64	0.037940625
11.642	0.038
11.644	0.038021875000000004
11.646	0.0380375
11.648	0.038042187500000005
11.65	0.03803125
11.652	0.038
11.654	0.037928125
11.656	0.0378484375
11.658	0.037765625000000004
11.66	0.03768125
11.662	0.0376
11.664	0.0375203125
11.666	0.037450000000000004
11.668	0.037378125000000005
11.67	0.037296875
11.672	0.037200000000000004
11.674	0.037096875
11.676	0.03699375
11.678	0.0369015625
11.68	0.0368328125
11.682	0.0368
11.684	0.0368171875
11.686	0.0368734375
11.688	0.0369625
11.69	0.0370734375
11.692	0.037200000000000004
11.694	0.0373359375
11.696	0.037478125
11.698	0.037631250000000005
11.700000000000001	0.0378046875
11.702	0.038
11.704	0.0381953125
11.706	0.038387500000000005
11.708	0.0385625
11.71	0.0387046875
11.712	0.0388
11.714	0.0388109375
11.716000000000001	0.038765625000000005
11.718	0.038673437500000005
11.72	0.038546875
11.722	0.038400000000000004
11.724	0.038229687500000005
11.726	0.0380625
11.728	0.0379046875
11.73	0.0377515625
11.732000000000001	0.0376
11.734	0.037440625000000005
11.736	0.03728125
11.738	0.0371203125
11.74	0.036959375
11.742	0.0368
11.744	0.036664062500000004
11.746	0.03655
11.748000000000001	0.036465625
11.75	0.036414062500000004
11.752	0.0364
11.754000000000001	0.0364421875
11.756	0.0365140625
11.758000000000001	0.036603125
11.76	0.0367015625
11.762	0.0368
11.764000000000001	0.036909375
11.766	0.037003125000000005
11.768	0.0370796875
11.770000000000001	0.0371421875
11.772	0.037200000000000004
11.774000000000001	0.037271875
11.776	0.037348437500000005
11.778	0.037428125
11.780000000000001	0.0375109375
11.782	0.0376
11.784	0.037690625
11.786	0.0377796875
11.788	0.037864062500000004
11.79	0.0379375
11.792	0.038
11.794	0.0380328125
11.796	0.038048437500000004
11.798	0.038046875
11.799999999999999	0.0380296875
11.802	0.038
11.803999999999998	0.037946875000000005
11.806	0.037909375
11.808	0.0379
11.809999999999999	0.037928125
11.812	0.038
11.813999999999998	0.0380890625
11.815999999999999	0.0381953125
11.818	0.038296875
11.819999999999999	0.0383703125
11.822	0.038400000000000004
11.824	0.038365625
11.825999999999999	0.038292187500000005
11.828	0.03819375
11.829999999999998	0.0380921875
11.831999999999999	0.038
11.834	0.037928125
11.835999999999999	0.037871875
11.838	0.0378109375
11.84	0.037725
11.841999999999999	0.0376
11.844	0.037446875000000004
11.845999999999998	0.0372671875
11.847999999999999	0.0370828125
11.85	0.036917187500000004
11.851999999999999	0.0368
11.854	0.036765625
11.856	0.0368015625
11.857999999999999	0.036896875
11.86	0.037035937500000005
11.861999999999998	0.037200000000000004
11.863999999999999	0.0373765625
11.866	0.037545312500000004
11.867999999999999	0.037703125000000004
11.87	0.037851562500000005
11.872	0.038
11.873999999999999	0.0381453125
11.876	0.038296875
11.878	0.038456250000000004
11.879999999999999	0.038625
11.882	0.0388
11.883999999999999	0.0389484375
11.886	0.0390734375
11.888	0.0391640625
11.889999999999999	0.039209375000000005
11.892	0.0392
11.894	0.039109375
11.895999999999999	0.0389703125
11.898	0.038796875
11.899999999999999	0.0386015625
11.902	0.038400000000000004
11.904	0.038190625
11.905999999999999	0.0380046875
11.908	0.037846875
11.91	0.0377125
11.911999999999999	0.0376
11.914	0.0374984375
11.915999999999999	0.037410937500000005
11.918	0.0373328125
11.92	0.0372609375
11.921999999999999	0.037200000000000004
11.924	0.037157812500000005
11.926	0.0371328125
11.927999999999999	0.0371296875
11.93	0.0371515625
11.932	0.037200000000000004
11.934	0.037285937500000005
11.936	0.0373796875
11.937999999999999	0.0374703125
11.94	0.037546875
11.942	0.0376
11.943999999999999	0.037637500000000004
11.946	0.037646875
11.948	0.0376359375
11.95	0.0376171875
11.952	0.0376
11.953999999999999	0.0375953125
11.956	0.037596875
11.958	0.037601562500000005
11.959999999999999	0.037603125
11.962	0.0376
11.964	0.037584375
11.966	0.037568750000000005
11.968	0.0375578125
11.969999999999999	0.037565625000000005
11.972	0.0376
11.974	0.0376484375
11.975999999999999	0.0377203125
11.978	0.037809375
11.98	0.03790625
11.982	0.038
11.984	0.03805625
11.985999999999999	0.038084375000000004
11.988	0.0380828125
11.99	0.038053125
11.991999999999999	0.038
11.994	0.037915625
11.996	0.0378265625
11.998	0.037739062500000004
12.0	0.0376625
12.002	0.0376
12.004	0.037539062500000005
12.006	0.037479687500000004
12.008	0.037409375
12.01	0.037318750000000005
12.012	0.037200000000000004
12.014	0.037046875
12.016	0.036875000000000005
12.018	0.0366984375
12.02	0.036532812500000005
12.022	0.0364
12.024	0.0363109375
12.026	0.0362703125
12.028	0.036275
12.03	0.0363203125
12.032	0.0364
12.034	0.0364953125
12.036	0.0365890625
12.038	0.036671875
12.04	0.0367421875
12.042	0.0368
12.044	0.0368359375
12.046	0.036851562500000004
12.048	0.036848437500000004
12.05	0.0368296875
12.052	0.0368
12.054	0.0367546875
12.056000000000001	0.0366953125
12.058	0.0366171875
12.06	0.03651875
12.062	0.0364
12.064	0.0362640625
12.066	0.0361125
12.068	0.0359453125
12.07	0.035771875
12.072000000000001	0.0356
12.074	0.0354484375
12.076	0.0353234375
12.078	0.035237500000000005
12.08	0.0351953125
12.082	0.0352
12.084	0.035250000000000004
12.086	0.0353265625
12.088000000000001	0.0354171875
12.09	0.0355109375
12.092	0.0356
12.094	0.0356734375
12.096	0.0357359375
12.098	0.035803125000000005
12.1	0.0358875
12.102	0.036000000000000004
12.104000000000001	0.0361140625
12.106	0.036226562500000004
12.108	0.0363234375
12.110000000000001	0.0363875
12.112	0.0364
12.114	0.036321875
12.116	0.0361828125
12.118	0.036000000000000004
12.120000000000001	0.0357984375
12.122	0.0356
12.124	0.03539375
12.126000000000001	0.035210937500000004
12.128	0.035056250000000004
12.13	0.034921875000000005
12.132	0.034800000000000005
12.134	0.0346546875
12.136000000000001	0.0345
12.138	0.0343375
12.14	0.034168750000000005
12.142000000000001	0.034
12.144	0.033821875
12.146	0.033646875
12.148	0.0334796875
12.15	0.0333296875
12.152000000000001	0.0332
12.154	0.0330953125
12.156	0.033004687500000005
12.158000000000001	0.032925
12.16	0.0328578125
12.162	0.0328
12.164	0.032760937500000004
12.166	0.0327078125
12.168000000000001	0.03263125
12.17	0.032528125000000005
12.172	0.0324
12.174	0.0322734375
12.176	0.032123437500000004
12.177999999999999	0.0319546875
12.18	0.031775000000000005
12.182	0.0316
12.184	0.0314671875
12.186	0.03135625
12.187999999999999	0.0312703125
12.19	0.0312171875
12.191999999999998	0.031200000000000002
12.193999999999999	0.031240625
12.196	0.03130625
12.197999999999999	0.0313890625
12.2	0.0314875
12.201999999999998	0.0316
12.203999999999999	0.0317296875
12.206	0.031870312500000005
12.207999999999998	0.032025000000000005
12.209999999999999	0.0322
12.212	0.0324
12.213999999999999	0.032600000000000004
12.216	0.0327953125
12.217999999999998	0.032968750000000005
12.219999999999999	0.0331078125
12.222	0.0332
12.223999999999998	0.0332109375
12.225999999999999	0.033165625000000004
12.228	0.033073437500000004
12.229999999999999	0.032946875
12.232	0.0328
12.234	0.032629687500000004
12.235999999999999	0.0324625
12.238	0.0323046875
12.239999999999998	0.0321515625
12.241999999999999	0.032
12.244	0.031837500000000005
12.245999999999999	0.031675
12.248	0.0315140625
12.25	0.031353125
12.251999999999999	0.031200000000000002
12.254	0.0310609375
12.255999999999998	0.030946875000000002
12.258	0.0308609375
12.26	0.0308109375
12.261999999999999	0.0308
12.264	0.0308390625
12.266	0.030907812500000003
12.267999999999999	0.030996875
12.27	0.031095312500000003
12.271999999999998	0.031200000000000002
12.274	0.031309375
12.276	0.031403125000000004
12.277999999999999	0.03148125
12.28	0.0315453125
12.282	0.0316
12.283999999999999	0.0316484375
12.286	0.0316765625
12.288	0.03168125
12.29	0.0316546875
12.292	0.0316
12.293999999999999	0.031521875000000005
12.296	0.031429687500000004
12.298	0.0313359375
12.299999999999999	0.03125625
12.302	0.031200000000000002
12.304	0.0311734375
12.306	0.031171875
12.308	0.031184375
12.309999999999999	0.031196875000000002
12.312	0.031200000000000002
12.314	0.0311875
12.315999999999999	0.031170312500000002
12.318	0.031157812500000003
12.32	0.031164062500000003
12.322	0.031200000000000002
12.324	0.0312640625
12.325999999999999	0.0313515625
12.328	0.031446875
12.33	0.031534375
12.331999999999999	0.0316
12.334	0.03163125
12.336	0.031634375
12.338	0.031621875
12.34	0.03160625
12.341999999999999	0.0316
12.344	0.031603125
12.346	0.031615625
12.347999999999999	0.031628125
12.35	0.031626562500000004
12.352	0.0316
12.354	0.0315375
12.356	0.0314546875
12.358	0.0313609375
12.36	0.0312703125
12.362	0.031200000000000002
12.363999999999999	0.031153125
12.366	0.031135937500000002
12.368	0.0311453125
12.37	0.031168750000000002
12.372	0.031200000000000002
12.374	0.03121875
12.376	0.031225000000000003
12.378	0.031221875000000003
12.379999999999999	0.0312109375
12.382	0.031200000000000002
12.384	0.0311828125
12.386	0.031170312500000002
12.388	0.031168750000000002
12.39	0.031178125
12.392	0.031200000000000002
12.394	0.03121875
12.395999999999999	0.031234375
12.398	0.0312390625
12.4	0.031228125000000002
12.402	0.031200000000000002
12.404	0.0311421875
12.406	0.031065625000000003
12.408	0.030978125000000002
12.41	0.030887500000000002
12.412	0.0308
12.414	0.030715625
12.416	0.0306375
12.418	0.030560937500000003
12.42	0.0304828125
12.422	0.0304
12.424	0.030310937500000003
12.426	0.030220312500000002
12.428	0.0301328125
12.43	0.030056250000000003
12.432	0.030000000000000002
12.434	0.029970312500000002
12.436	0.029959375
12.438	0.029964062500000003
12.44	0.0299796875
12.442	0.030000000000000002
12.444	0.0300203125
12.446	0.030029687500000003
12.448	0.030028125000000003
12.45	0.030015625
12.452	0.030000000000000002
12.454	0.029984375
12.456	0.029970312500000002
12.458	0.029965625000000003
12.46	0.029975
12.462	0.030000000000000002
12.464	0.030026562500000003
12.466	0.03005
12.468	0.030056250000000003
12.47	0.0300421875
12.472	0.030000000000000002
12.474	0.02991875
12.476	0.0298203125
12.478	0.029721875000000002
12.48	0.02964375
12.482000000000001	0.0296
12.484	0.0295765625
12.486	0.029578125
12.488	0.029593750000000002
12.49	0.0296046875
12.492	0.0296
12.494	0.029553125000000003
12.496	0.0294765625
12.498000000000001	0.0293828125
12.5	0.0292859375
12.502	0.0292
12.504	0.029120312500000002
12.506	0.029048437500000003
12.508000000000001	0.0289796875
12.51	0.028900000000000002
12.512	0.028800000000000003
12.514000000000001	0.028671875000000003
12.516	0.028515625000000003
12.518	0.0283421875
12.52	0.0281640625
12.522	0.028
12.524000000000001	0.0278640625
12.526	0.02775625
12.528	0.0276765625
12.530000000000001	0.027625
12.532	0.027600000000000003
12.534	0.027596875
12.536000000000001	0.0275984375
12.538	0.027600000000000003
12.540000000000001	0.027600000000000003
12.542	0.027600000000000003
12.544	0.027600000000000003
12.546000000000001	0.02759375
12.548	0.0275875
12.55	0.0275890625
12.552000000000001	0.027600000000000003
12.554	0.0276171875
12.556000000000001	0.027632812500000003
12.558	0.027637500000000002
12.56	0.027628125
12.562	0.027600000000000003
12.564	0.027543750000000002
12.565999999999999	0.0274671875
12.568	0.0273765625
12.57	0.027284375
12.572	0.027200000000000002
12.574	0.0271171875
12.575999999999999	0.027040625000000002
12.578	0.0269640625
12.579999999999998	0.026885937500000002
12.581999999999999	0.0268
12.584	0.02670625
12.585999999999999	0.0266078125
12.588	0.02651875
12.59	0.026445312500000002
12.591999999999999	0.0264
12.594	0.026384375
12.595999999999998	0.0263875
12.597999999999999	0.0263984375
12.6	0.026406250000000003
12.601999999999999	0.0264
12.604	0.026371875000000003
12.606	0.026312500000000003
12.607999999999999	0.026223437500000002
12.61	0.0261171875
12.611999999999998	0.026000000000000002
12.613999999999999	0.025890625
12.616	0.0257890625
12.617999999999999	0.0257046875
12.62	0.025640625
12.622	0.0256
12.623999999999999	0.025585937500000003
12.626	0.025584375000000003
12.627999999999998	0.025587500000000003
12.629999999999999	0.025595312500000002
12.632	0.0256
12.633999999999999	0.0256046875
12.636	0.025603125
12.638	0.0255984375
12.639999999999999	0.025596875
12.642	0.0256
12.643999999999998	0.025609375
12.645999999999999	0.025618750000000003
12.648	0.025625000000000002
12.649999999999999	0.025620312500000002
12.652	0.0256
12.654	0.0255640625
12.655999999999999	0.0255015625
12.658	0.0254171875
12.66	0.0253140625
12.661999999999999	0.0252
12.664	0.025096875
12.665999999999999	0.0250015625
12.668	0.02491875
12.67	0.02485
12.671999999999999	0.024800000000000003
12.674	0.024784375
12.676	0.02478125
12.677999999999999	0.0247875
12.68	0.0247953125
12.681999999999999	0.024800000000000003
12.684	0.0248140625
12.686	0.0248171875
12.687999999999999	0.0248140625
12.69	0.024806250000000002
12.692	0.024800000000000003
12.693999999999999	0.0248171875
12.696	0.0248578125
12.697999999999999	0.024931250000000002
12.7	0.0250453125
12.702	0.0252
12.703999999999999	0.025384375
12.706	0.0255734375
12.708	0.025751562500000002
12.709999999999999	0.0258984375
12.712	0.026000000000000002
12.714	0.0260375
12.716	0.026035937500000002
12.718	0.0260140625
12.719999999999999	0.025998437500000002
12.722	0.026000000000000002
12.724	0.0260140625
12.725999999999999	0.026040625
12.728	0.026064062500000002
12.73	0.026057812500000003
12.732	0.026000000000000002
12.734	0.025878125000000002
12.735999999999999	0.025715625000000002
12.738	0.025531250000000002
12.74	0.025353125
12.741999999999999	0.0252
12.744	0.025090625000000002
12.746	0.025015625
12.748	0.024957812500000003
12.75	0.024892187500000003
12.751999999999999	0.024800000000000003
12.754	0.0246921875
12.756	0.024571875
12.758	0.0244640625
12.76	0.0244
12.762	0.0244
12.764	0.024490625000000002
12.766	0.024640625000000003
12.767999999999999	0.024828125
12.77	0.025023437500000002
12.772	0.0252
12.774	0.025339062500000002
12.776	0.025431250000000002
12.778	0.025490625000000003
12.78	0.0255421875
12.782	0.0256
12.784	0.025671875
12.786	0.025759375
12.788	0.0258546875
12.79	0.025940625000000002
12.792	0.026000000000000002
12.794	0.02600625
12.796	0.025964062500000003
12.798	0.025878125000000002
12.8	0.025753125
12.802	0.0256
12.804	0.0254234375
12.806	0.025248437500000002
12.808	0.025081250000000003
12.81	0.024932812500000002
12.812	0.024800000000000003
12.814	0.0246875
12.816	0.0245953125
12.818	0.024518750000000002
12.82	0.024454687500000002
12.822	0.0244
12.824	0.024359375000000003
12.826	0.024331250000000002
12.828	0.024325000000000003
12.83	0.024346875
12.832	0.0244
12.834	0.02448125
12.836	0.024571875
12.838000000000001	0.0246625
12.84	0.024742187500000002
12.842	0.024800000000000003
12.844	0.024828125
12.846	0.024828125
12.848	0.0248140625
12.85	0.024801562500000002
12.852	0.024800000000000003
12.854000000000001	0.0248125
12.856	0.024829687500000003
12.858	0.02484375
12.86	0.024837500000000002
12.862	0.024800000000000003
12.864	0.0247203125
12.866	0.0245953125
12.868	0.024428125000000002
12.870000000000001	0.024225
12.872	0.024
12.874	0.0237875
12.876	0.0235921875
12.878	0.023425
12.88	0.023293750000000002
12.882	0.023200000000000002
12.884	0.023165625000000002
12.886000000000001	0.023159375
12.888	0.023168750000000002
12.89	0.023184375
12.892000000000001	0.023200000000000002
12.894	0.0232328125
12.896	0.0232734375
12.898	0.0233375
12.9	0.0234421875
12.902000000000001	0.0236
12.904	0.0238078125
12.906	0.024050000000000002
12.908000000000001	0.024309375
12.91	0.024565625
12.912	0.024800000000000003
12.914	0.024971875
12.916	0.025087500000000002
12.918000000000001	0.0251578125
12.92	0.025190625
12.922	0.0252
12.924000000000001	0.025159375
12.926	0.0251
12.928	0.025023437500000002
12.93	0.024926562500000003
12.932	0.024800000000000003
12.934000000000001	0.024612500000000002
12.936	0.024393750000000002
12.938	0.024146875
12.940000000000001	0.0238796875
12.942	0.0236
12.944	0.0233109375
12.946	0.023035937500000003
12.948	0.022789062500000002
12.95	0.022575
12.952	0.0224
12.953999999999999	0.0222734375
12.956	0.0221765625
12.958	0.0221046875
12.959999999999999	0.0220484375
12.962	0.022000000000000002
12.963999999999999	0.021978125
12.966	0.0219578125
12.967999999999998	0.02195
12.969999999999999	0.0219609375
12.972	0.022000000000000002
12.973999999999998	0.022084375
12.975999999999999	0.022175
12.978	0.022265625
12.979999999999999	0.022343750000000002
12.982	0.0224
12.983999999999998	0.022440625000000002
12.985999999999999	0.02245
12.988	0.022435937500000003
12.989999999999998	0.022415625
12.991999999999999	0.0224
12.994	0.0223953125
12.995999999999999	0.022396875
12.998	0.022403125
12.999999999999998	0.022407812500000002
13.001999999999999	0.0224
13.004	0.022365625
13.005999999999998	0.0223046875
13.008	0.022220312500000002
13.01	0.0221171875
13.011999999999999	0.022000000000000002
13.014	0.021876562500000002
13.016	0.0217625
13.017999999999999	0.021675
13.02	0.021620312500000002
13.021999999999998	0.0216
13.024	0.021609375
13.026	0.0216296875
13.027999999999999	0.021646875
13.03	0.021640625
13.032	0.0216
13.033999999999999	0.021529687500000002
13.036	0.021434375000000002
13.037999999999998	0.021334375000000003
13.04	0.0212515625
13.042	0.0212
13.043999999999999	0.021196875
13.046	0.0212171875
13.048	0.021239062500000003
13.049999999999999	0.021239062500000003
13.052	0.0212
13.053999999999998	0.02113125
13.056	0.0210296875
13.058	0.0209234375
13.059999999999999	0.020837500000000002
13.062	0.020800000000000003
13.064	0.020828125
13.065999999999999	0.0209046875
13.068	0.021009375
13.069999999999999	0.021115625000000002
13.072	0.0212
13.074	0.021242187500000002
13.075999999999999	0.021243750000000002
13.078	0.0212234375
13.08	0.0212
13.081999999999999	0.0212
13.084	0.0212265625
13.086	0.0212875
13.088	0.0213796875
13.09	0.0214890625
13.091999999999999	0.0216
13.094	0.02166875
13.096	0.021703125
13.097999999999999	0.0217015625
13.1	0.021665625
13.102	0.0216
13.104	0.0214828125
13.106	0.021339062500000002
13.107999999999999	0.0211734375
13.11	0.020992187500000002
13.112	0.020800000000000003
13.113999999999999	0.0205984375
13.116	0.0204078125
13.118	0.020240625
13.12	0.020103125
13.122	0.02
13.123999999999999	0.0199296875
13.126	0.0198703125
13.128	0.01980625
13.129999999999999	0.0197203125
13.132	0.0196
13.134	0.0194625
13.136	0.0192953125
13.138	0.0191171875
13.14	0.018945312500000002
13.142	0.0188
13.144	0.018726562500000002
13.145999999999999	0.018693750000000002
13.148	0.0187015625
13.15	0.018740625
13.152	0.0188
13.154	0.0188921875
13.156	0.018976562500000002
13.158	0.0190546875
13.16	0.019128125
13.161999999999999	0.019200000000000002
13.164	0.0192828125
13.166	0.0193609375
13.168	0.019440625
13.17	0.01951875
13.172	0.0196
13.174	0.0196765625
13.176	0.019753125
13.177999999999999	0.01983125
13.18	0.019915625
13.182	0.02
13.184	0.020059375
13.186	0.0200984375
13.188	0.0201046875
13.19	0.020075000000000003
13.192	0.02
13.194	0.0198640625
13.196	0.019698437500000002
13.198	0.019521875
13.2	0.019351562500000002
13.202	0.019200000000000002
13.204	0.019068750000000002
13.206	0.01896875
13.208	0.0188984375
13.21	0.0188453125
13.212	0.0188
13.214	0.01875
13.216	0.0186875
13.218	0.01860625
13.22	0.018509375
13.222	0.0184
13.224	0.018296875
13.226	0.018196875
13.228	0.0181109375
13.23	0.01804375
13.232	0.018000000000000002
13.234	0.017998437500000002
13.236	0.0180078125
13.238	0.0180171875
13.24	0.018015625
13.242	0.018000000000000002
13.244	0.0179921875
13.246	0.017975
13.248	0.0179625
13.25	0.017967187500000002
13.252	0.018000000000000002
13.254	0.018075
13.256	0.0181671875
13.258000000000001	0.0182640625
13.26	0.018345312500000002
13.262	0.0184
13.264000000000001	0.0184234375
13.266	0.0184171875
13.268	0.0184
13.27	0.0183890625
13.272	0.0184
13.274000000000001	0.018442187500000002
13.276	0.018515625
13.278	0.018609375
13.280000000000001	0.0187109375
13.282	0.0188
13.284	0.0188578125
13.286	0.0188859375
13.288	0.018881250000000002
13.290000000000001	0.018851562500000002
13.292	0.0188
13.294	0.018728125
13.296000000000001	0.01865
13.298	0.018568750000000002
13.3	0.0184859375
13.302	0.0184
13.304	0.018312500000000002
13.306000000000001	0.0182265625
13.308	0.0181453125
13.31	0.01806875
13.312000000000001	0.018000000000000002
13.314	0.017953125
13.316	0.0179265625
13.318000000000001	0.017925
13.32	0.01795
13.322000000000001	0.018000000000000002
13.324	0.0180796875
13.326	0.0181703125
13.328000000000001	0.0182609375
13.33	0.018340625
13.332	0.0184
13.334	0.018437500000000002
13.336	0.0184484375
13.338	0.018440625000000002
13.34	0.018421875
13.341999999999999	0.0184
13.344	0.018390625
13.346	0.0183890625
13.347999999999999	0.0183921875
13.35	0.0183984375
13.351999999999999	0.0184
13.354	0.018403125
13.355999999999998	0.0184015625
13.357999999999999	0.0184
13.36	0.0183984375
13.361999999999998	0.0184
13.363999999999999	0.018406250000000002
13.366	0.018415625
13.367999999999999	0.0184203125
13.37	0.018415625
13.371999999999998	0.0184
13.373999999999999	0.018376562500000002
13.376	0.018353125
13.377999999999998	0.018343750000000002
13.379999999999999	0.0183578125
13.382	0.0184
13.383999999999999	0.018471875000000002
13.386	0.018562500000000003
13.388	0.01865625
13.389999999999999	0.0187390625
13.392	0.0188
13.393999999999998	0.018828125
13.395999999999999	0.0188296875
13.398	0.018817187500000002
13.399999999999999	0.0188046875
13.402	0.0188
13.404	0.0188078125
13.405999999999999	0.0188234375
13.408	0.0188359375
13.409999999999998	0.0188328125
13.411999999999999	0.0188
13.414	0.0187390625
13.415999999999999	0.0186546875
13.418	0.018559375
13.42	0.018470312500000002
13.421999999999999	0.0184
13.424	0.0183640625
13.425999999999998	0.0183578125
13.427999999999999	0.01836875
13.43	0.0183875
13.431999999999999	0.0184
13.434	0.0184046875
13.436	0.0184
13.437999999999999	0.0183890625
13.44	0.0183859375
13.442	0.0184
13.443999999999999	0.018443750000000002
13.446	0.0185109375
13.447999999999999	0.018598437500000002
13.45	0.018696875
13.452	0.0188
13.453999999999999	0.018896875
13.456	0.018984375
13.458	0.0190625
13.459999999999999	0.019135937500000002
13.462	0.019200000000000002
13.463999999999999	0.019246875
13.466	0.019275
13.468	0.0192796875
13.469999999999999	0.0192546875
13.472	0.019200000000000002
13.474	0.0191078125
13.475999999999999	0.019004687500000002
13.478	0.018909375000000003
13.479999999999999	0.0188375
13.482	0.0188
13.484	0.018785937500000002
13.485999999999999	0.0187953125
13.488	0.0188125
13.49	0.018818750000000002
13.491999999999999	0.0188
13.494	0.0187390625
13.496	0.0186515625
13.498	0.018553125
13.5	0.0184640625
13.501999999999999	0.0184
13.504	0.0183703125
13.506	0.01836875
13.508	0.018384375
13.51	0.0184
13.512	0.0184
13.514	0.018373437500000003
13.516	0.018312500000000002
13.517999999999999	0.018223437500000002
13.52	0.0181140625
13.522	0.018000000000000002
13.524	0.017903125000000002
13.526	0.017815625
13.528	0.0177375
13.53	0.017665625
13.532	0.0176
13.533999999999999	0.017559375000000002
13.536	0.017534375
13.538	0.017528125000000002
13.54	0.0175484375
13.542	0.0176
13.544	0.017690625
13.546	0.0177921875
13.548	0.0178859375
13.549999999999999	0.017959375
13.552	0.018000000000000002
13.554	0.0180125
13.556	0.018001562500000002
13.558	0.017984375
13.56	0.017978125
13.562	0.018000000000000002
13.564	0.01805625
13.566	0.0181375
13.568	0.018234375
13.57	0.0183265625
13.572	0.0184
13.574	0.01843125
13.576	0.018434375
13.578	0.0184203125
13.58	0.0184046875
13.582	0.0184
13.584	0.01839375
13.586	0.0183984375
13.588	0.018409375000000002
13.59	0.0184140625
13.592	0.0184
13.594	0.0183359375
13.596	0.018250000000000002
13.598	0.018156250000000002
13.6	0.0180703125
13.602	0.018000000000000002
13.604	0.0179234375
13.606	0.0178546875
13.608	0.0177859375
13.61	0.017703125
13.612	0.0176
13.614	0.017453125
13.616	0.0172828125
13.618	0.0171046875
13.620000000000001	0.0169390625
13.622	0.016800000000000002
13.624	0.0166890625
13.626	0.016603125
13.628	0.0165359375
13.63	0.016471875
13.632	0.0164
13.634	0.016309375
13.636000000000001	0.0161796875
13.638	0.016014062500000002
13.64	0.0158171875
13.642	0.015600000000000001
13.644	0.015396875
13.646	0.0152
13.648	0.015028125000000002
13.65	0.014892187500000001
13.652000000000001	0.0148
13.654	0.014771875
13.656	0.0147703125
13.658	0.0147828125
13.66	0.014795312500000001
13.662	0.0148
13.664	0.014809375000000001
13.666	0.0148
13.668000000000001	0.0147859375
13.67	0.014781250000000001
13.672	0.0148
13.674000000000001	0.014856250000000001
13.676	0.01493125
13.678	0.0150203125
13.68	0.0151140625
13.682	0.0152
13.684000000000001	0.015270312500000001
13.686	0.0153046875
13.688	0.015301562500000001
13.690000000000001	0.015265625000000001
13.692	0.0152
13.694	0.0151296875
13.696	0.0150515625
13.698	0.014968750000000001
13.700000000000001	0.0148859375
13.702	0.0148
13.704	0.014732812500000001
13.706000000000001	0.014665625
13.708	0.014592187500000001
13.71	0.0145046875
13.712	0.014400000000000001
13.714	0.014306250000000001
13.716000000000001	0.014209375000000002
13.718	0.014118750000000001
13.72	0.01404375
13.722	0.014
13.724	0.014028125
13.725999999999999	0.014117187500000001
13.728	0.014276562500000001
13.729999999999999	0.01450625
13.732	0.0148
13.734	0.015143750000000001
13.735999999999999	0.0155
13.738	0.0158421875
13.739999999999998	0.01615
13.741999999999999	0.0164
13.744	0.016571875
13.745999999999999	0.01668125
13.748	0.01674375
13.749999999999998	0.016778125
13.751999999999999	0.016800000000000002
13.754	0.0168109375
13.755999999999998	0.0168265625
13.758	0.016840625
13.76	0.016837500000000002
13.761999999999999	0.016800000000000002
13.764	0.0167140625
13.765999999999998	0.0165890625
13.767999999999999	0.016425000000000002
13.77	0.016225
13.771999999999998	0.016
13.774	0.015775
13.776	0.0155734375
13.777999999999999	0.015406250000000002
13.78	0.015281250000000001
13.781999999999998	0.0152
13.783999999999999	0.0151921875
13.786	0.015235937500000001
13.787999999999998	0.015325
13.79	0.0154484375
13.792	0.015600000000000001
13.793999999999999	0.015796875000000002
13.796	0.016012500000000002
13.798	0.0162515625
13.799999999999999	0.016515625000000003
13.802	0.016800000000000002
13.803999999999998	0.0171046875
13.806	0.017396875
13.808	0.017656250000000002
13.809999999999999	0.0178625
13.812	0.018000000000000002
13.814	0.01806875
13.815999999999999	0.0180828125
13.818	0.018060937500000002
13.819999999999999	0.018028125000000002
13.822	0.018000000000000002
13.824	0.0179921875
13.825999999999999	0.0180046875
13.828	0.018025
13.83	0.018029687500000002
13.831999999999999	0.018000000000000002
13.834	0.017932812500000003
13.835999999999999	0.017843750000000002
13.838	0.017748437500000002
13.84	0.0176609375
13.841999999999999	0.0176
13.844	0.017589062500000002
13.846	0.0176359375
13.847999999999999	0.017728125
13.85	0.01785625
13.851999999999999	0.018000000000000002
13.854	0.018159375000000002
13.856	0.0183203125
13.857999999999999	0.01848125
13.86	0.018640625
13.862	0.0188
13.863999999999999	0.01896875
13.866	0.0191390625
13.868	0.0193046875
13.87	0.0194609375
13.872	0.0196
13.873999999999999	0.01971875
13.876	0.01981875
13.878	0.0199
13.879999999999999	0.0199609375
13.882	0.02
13.884	0.020017187500000002
13.886	0.020025
13.888	0.020025
13.889999999999999	0.020017187500000002
13.892	0.02
13.894	0.019978125
13.895999999999999	0.019965625
13.898	0.0199640625
13.9	0.0199765625
13.902	0.02
13.904	0.0200390625
13.905999999999999	0.0201
13.908	0.020184375
13.91	0.0202875
13.911999999999999	0.0204
13.914	0.020515625000000003
13.916	0.020625
13.918	0.0207140625
13.92	0.020775000000000002
13.922	0.020800000000000003
13.924	0.020798437500000003
13.926	0.0207828125
13.927999999999999	0.020768750000000002
13.93	0.020771875000000002
13.932	0.020800000000000003
13.934	0.020867187500000002
13.936	0.020957812500000002
13.938	0.021056250000000002
13.94	0.02114375
13.942	0.0212
13.943999999999999	0.021225
13.946	0.021225
13.948	0.021209375000000003
13.95	0.021196875
13.952	0.0212
13.954	0.02123125
13.956	0.021296875
13.958	0.0213875
13.959999999999999	0.021493750000000002
13.962	0.0216
13.964	0.0216921875
13.966	0.0217734375
13.968	0.0218484375
13.97	0.021921875
13.972	0.022000000000000002
13.974	0.0220703125
13.976	0.022146875
13.978	0.02223125
13.98	0.022318750000000002
13.982	0.0224
13.984	0.022442187500000002
13.986	0.0224640625
13.988	0.0224640625
13.99	0.022442187500000002
13.992	0.0224
13.994	0.0223203125
13.996	0.02223125
13.998	0.02214375
14.0	0.022065625000000002
14.002	0.022000000000000002
14.004	0.02193125
14.006	0.0218671875
14.008000000000001	0.021796875
14.01	0.0217109375
14.012	0.0216
14.014	0.021464062500000002
14.016	0.021307812500000002
14.018	0.0211375
14.02	0.020964062500000002
14.022	0.020800000000000003
14.024000000000001	0.020675000000000002
14.026	0.020575
14.028	0.0205
14.03	0.0204421875
14.032	0.0204
14.034	0.020393750000000002
14.036	0.020392187500000002
14.038	0.020390625000000002
14.040000000000001	0.020392187500000002
14.042	0.0204
14.044	0.020446875
14.046000000000001	0.02050625
14.048	0.020584375000000002
14.05	0.02068125
14.052	0.020800000000000003
14.054	0.020956250000000003
14.056000000000001	0.021121875000000002
14.058	0.0212890625
14.06	0.0214515625
14.062000000000001	0.0216
14.064	0.02173125
14.066	0.0218359375
14.068	0.021915625
14.07	0.021968750000000002
14.072000000000001	0.022000000000000002
14.074	0.0220125
14.076	0.022015625
14.078000000000001	0.0220140625
14.08	0.022009375
14.082	0.022000000000000002
14.084	0.0219859375
14.086	0.021978125
14.088000000000001	0.0219796875
14.09	0.0219875
14.092	0.022000000000000002
14.094000000000001	0.0220046875
14.096	0.0220109375
14.098	0.0220140625
14.1	0.0220109375
14.102	0.022000000000000002
14.104000000000001	0.021978125
14.106	0.021959375
14.108	0.021953125
14.11	0.021965625000000003
14.112	0.022000000000000002
14.113999999999999	0.02205625
14.116	0.0221328125
14.117999999999999	0.022221875000000002
14.12	0.022315625000000002
14.122	0.0224
14.123999999999999	0.0224640625
14.126	0.022498437500000003
14.127999999999998	0.022500000000000003
14.129999999999999	0.022465625
14.132	0.0224
14.133999999999999	0.022314062500000002
14.136	0.022220312500000002
14.137999999999998	0.02213125
14.139999999999999	0.02205625
14.142	0.022000000000000002
14.143999999999998	0.0219796875
14.145999999999999	0.0219796875
14.148	0.021990625
14.149999999999999	0.022000000000000002
14.152	0.022000000000000002
14.153999999999998	0.022001562500000002
14.155999999999999	0.021996875000000003
14.158	0.0219890625
14.159999999999998	0.0219875
14.161999999999999	0.022000000000000002
14.164	0.02205
14.165999999999999	0.022123437500000002
14.168	0.0222125
14.17	0.0223078125
14.171999999999999	0.0224
14.174	0.022500000000000003
14.175999999999998	0.0225890625
14.177999999999999	0.0226671875
14.18	0.0227375
14.181999999999999	0.0228
14.184	0.022876562500000003
14.186	0.0229578125
14.187999999999999	0.023040625000000002
14.19	0.023121875
14.191999999999998	0.023200000000000002
14.193999999999999	0.0232828125
14.196	0.023365625
14.197999999999999	0.023448437500000002
14.2	0.0235265625
14.202	0.0236
14.203999999999999	0.023675
14.206	0.023753125
14.207999999999998	0.0238359375
14.209999999999999	0.023918750000000003
14.212	0.024
14.213999999999999	0.024082812500000002
14.216	0.0241671875
14.218	0.0242515625
14.219999999999999	0.024329687500000002
14.222	0.0244
14.224	0.0244671875
14.225999999999999	0.0245375
14.228	0.024617187500000002
14.229999999999999	0.024706250000000003
14.232	0.024800000000000003
14.234	0.024900000000000002
14.235999999999999	0.025
14.238	0.0250921875
14.24	0.0251609375
14.241999999999999	0.0252
14.244	0.025214062500000002
14.245999999999999	0.025212500000000002
14.248	0.025203125
14.25	0.0251953125
14.251999999999999	0.0252
14.254	0.0252359375
14.256	0.025301562500000003
14.258	0.0253921875
14.26	0.025495312500000002
14.261999999999999	0.0256
14.264	0.0257046875
14.266	0.0258
14.267999999999999	0.02588125
14.27	0.025946875
14.272	0.026000000000000002
14.274	0.0260546875
14.276	0.0261171875
14.278	0.026193750000000002
14.28	0.026287500000000002
14.282	0.0264
14.283999999999999	0.026539062500000002
14.286	0.0266984375
14.288	0.0268703125
14.29	0.027040625000000002
14.292	0.027200000000000002
14.294	0.0273390625
14.296	0.0274546875
14.298	0.027539062500000003
14.299999999999999	0.0275875
14.302	0.027600000000000003
14.304	0.027590625
14.306	0.027578125000000002
14.308	0.027571875000000003
14.31	0.027576562500000002
14.312	0.027600000000000003
14.314	0.0276484375
14.315999999999999	0.027725
14.318	0.027815625
14.32	0.0279109375
14.322	0.028
14.324	0.028076562500000003
14.326	0.0281515625
14.328	0.028225
14.33	0.02830625
14.331999999999999	0.0284
14.334	0.02850625
14.336	0.028643750000000003
14.338	0.028807812500000002
14.34	0.028996875000000002
14.342	0.0292
14.344	0.02939375
14.346	0.0295828125
14.348	0.029753125000000002
14.35	0.02989375
14.352	0.030000000000000002
14.354	0.030056250000000003
14.356	0.03008125
14.358	0.0300796875
14.36	0.03005
14.362	0.030000000000000002
14.364	0.029932812500000003
14.366	0.0298640625
14.368	0.0297890625
14.37	0.0297015625
14.372	0.0296
14.374	0.029498437500000002
14.376	0.029404687500000002
14.378	0.0293203125
14.38	0.029248437500000002
14.382	0.0292
14.384	0.0292046875
14.386	0.0292515625
14.388	0.029335937500000003
14.39	0.029453125
14.392	0.0296
14.394	0.029796875
14.396	0.0300203125
14.398	0.0302671875
14.4	0.030528125000000003
14.402000000000001	0.0308
14.404	0.0310859375
14.406	0.0313609375
14.408	0.0316140625
14.41	0.031828125
14.412	0.032
14.414	0.032125
14.416	0.0322171875
14.418000000000001	0.0322859375
14.42	0.032343750000000004
14.422	0.0324
14.424	0.0324546875
14.426	0.0325265625
14.428	0.032615625
14.43	0.0327078125
14.432	0.0328
14.434000000000001	0.0328625
14.436	0.0329296875
14.438	0.03300625
14.44	0.033096875000000005
14.442	0.0332
14.444	0.0332828125
14.446	0.033375
14.448	0.033465625
14.450000000000001	0.033543750000000004
14.452	0.033600000000000005
14.454	0.0336046875
14.456	0.033596875
14.458	0.0335875
14.46	0.0335859375
14.462	0.033600000000000005
14.464	0.0336171875
14.466000000000001	0.033642187500000004
14.468	0.0336609375
14.47	0.0336515625
14.472000000000001	0.033600000000000005
14.474	0.03349375
14.476	0.033346875000000005
14.478	0.033171875
14.48	0.0329828125
14.482000000000001	0.0328
14.484	0.032646875
14.486	0.0325328125
14.488	0.0324546875
14.49	0.0324109375
14.492	0.0324
14.494	0.0324265625
14.496	0.032478125000000004
14.498	0.0325578125
14.5	0.0326640625
14.501999999999999	0.0328
14.504	0.0329609375
14.505999999999998	0.03313125
14.508	0.0333
14.51	0.033459375
14.511999999999999	0.033600000000000005
14.514	0.0337171875
14.515999999999998	0.0338109375
14.517999999999999	0.033884375
14.52	0.033946875
14.521999999999998	0.034
14.524	0.034043750000000005
14.526	0.034073437500000005
14.527999999999999	0.034084375
14.53	0.0340609375
14.531999999999998	0.034
14.533999999999999	0.033896875
14.536	0.033757812500000005
14.537999999999998	0.033590625
14.54	0.0334
14.542	0.0332
14.543999999999999	0.0330203125
14.546	0.032879687500000004
14.547999999999998	0.032790625000000004
14.549999999999999	0.0327625
14.552	0.0328
14.553999999999998	0.032903125
14.556	0.033053125
14.558	0.033231250000000004
14.559999999999999	0.0334171875
14.562	0.033600000000000005
14.563999999999998	0.033765625
14.565999999999999	0.033918750000000004
14.568	0.0340671875
14.569999999999999	0.034225
14.572	0.0344
14.574	0.034584375
14.575999999999999	0.034775
14.578	0.034953125
14.58	0.0351015625
14.581999999999999	0.0352
14.584	0.0352234375
14.585999999999999	0.0351859375
14.588	0.0350953125
14.59	0.034960937500000004
14.591999999999999	0.034800000000000005
14.594	0.0346203125
14.596	0.03445
14.597999999999999	0.0342890625
14.6	0.034140625
14.601999999999999	0.034
14.604	0.033875
14.606	0.0337734375
14.607999999999999	0.0336921875
14.61	0.033632812500000005
14.612	0.033600000000000005
14.613999999999999	0.0336078125
14.616	0.0336546875
14.617999999999999	0.0337359375
14.62	0.033853125000000005
14.622	0.034
14.623999999999999	0.0341734375
14.626	0.0343515625
14.628	0.034521875
14.629999999999999	0.0346734375
14.632	0.034800000000000005
14.633999999999999	0.0349
14.636	0.034978125
14.638	0.0350453125
14.639999999999999	0.035115625000000004
14.642	0.0352
14.644	0.035290625
14.645999999999999	0.0353890625
14.648	0.0354828125
14.65	0.0355578125
14.652	0.0356
14.654	0.03558125
14.655999999999999	0.035523437500000005
14.658	0.035431250000000004
14.66	0.0353203125
14.661999999999999	0.0352
14.664	0.03506875
14.666	0.034959375
14.668	0.034878125
14.67	0.034826562500000005
14.671999999999999	0.034800000000000005
14.674	0.0347875
14.676	0.0347890625
14.677999999999999	0.034796875000000005
14.68	0.0348015625
14.682	0.034800000000000005
14.684	0.03479375
14.686	0.0347859375
14.687999999999999	0.03478125
14.69	0.034784375
14.692	0.034800000000000005
14.693999999999999	0.034832812500000004
14.696	0.0348640625
14.698	0.034878125
14.7	0.0348578125
14.702	0.034800000000000005
14.704	0.034721875
14.706	0.0346234375
14.708	0.034523437500000004
14.709999999999999	0.0344421875
14.712	0.0344
14.714	0.034421875000000005
14.716	0.034490625000000004
14.718	0.0345875
14.72	0.034696875
14.722	0.034800000000000005
14.724	0.034892187500000005
14.725999999999999	0.034967187500000003
14.728	0.035034375
14.73	0.0351078125
14.732	0.0352
14.734	0.03531875
14.736	0.035467187500000004
14.738	0.0356390625
14.74	0.035821875
14.741999999999999	0.036000000000000004
14.744	0.03615
14.746	0.0362703125
14.748	0.036353125
14.75	0.036396875
14.752	0.0364
14.754	0.036353125
14.756	0.03628125
14.758000000000001	0.0361953125
14.76	0.036098437500000004
14.762	0.036000000000000004
14.764	0.035890625
14.766	0.035796875
14.768	0.035717187500000004
14.77	0.035651562500000004
14.772	0.0356
14.774000000000001	0.0355515625
14.776	0.035523437500000005
14.778	0.03551875
14.78	0.03554375
14.782	0.0356
14.784	0.0356671875
14.786	0.035750000000000004
14.788	0.035839062500000005
14.790000000000001	0.035925
14.792	0.036000000000000004
14.794	0.0360390625
14.796	0.0360546875
14.798	0.0360484375
14.8	0.036028125
14.802	0.036000000000000004
14.804	0.0359578125
14.806000000000001	0.035901562500000005
14.808	0.0358265625
14.81	0.0357265625
14.812	0.0356
14.814	0.03545
14.816	0.0352828125
14.818	0.035112500000000005
14.82	0.034946875
14.822000000000001	0.034800000000000005
14.824	0.034690625
14.826	0.0346046875
14.828000000000001	0.0345328125
14.83	0.034465625
14.832	0.0344
14.834	0.0343515625
14.836	0.034315625
14.838000000000001	0.0343015625
14.84	0.034326562500000005
14.842	0.0344
14.844000000000001	0.034534375
14.846	0.034701562500000005
14.848	0.03488125
14.85	0.0350515625
14.852	0.0352
14.854000000000001	0.03531875
14.856	0.035403125
14.858	0.035467187500000004
14.860000000000001	0.035528125
14.862	0.0356
14.864	0.035687500000000004
14.866	0.035785937500000004
14.868	0.0358828125
14.870000000000001	0.035959375
14.872	0.036000000000000004
14.874	0.0359890625
14.876	0.035934375000000005
14.878	0.03584375
14.88	0.0357265625
14.882	0.0356
14.884	0.035475
14.886	0.035371875000000004
14.888	0.03529375
14.889999999999999	0.035237500000000005
14.892	0.0352
14.893999999999998	0.035181250000000004
14.895999999999999	0.0351765625
14.898	0.0351796875
14.899999999999999	0.035187500000000003
14.902	0.0352
14.903999999999998	0.0352265625
14.906	0.035273437500000004
14.908	0.035346875
14.909999999999998	0.0354546875
14.911999999999997	0.0356
14.914	0.035771875
14.915999999999999	0.03595625
14.917999999999997	0.036134375
14.92	0.036285937500000004
14.921999999999999	0.0364
14.923999999999998	0.03645625
14.926	0.036467187500000005
14.927999999999999	0.03645
14.929999999999998	0.036421875
14.932	0.0364
14.934	0.0363828125
14.935999999999998	0.036384375000000004
14.938	0.036396875
14.94	0.03640625
14.941999999999998	0.0364
14.944	0.036359375
14.946	0.0362953125
14.947999999999999	0.036209375
14.949999999999998	0.0361078125
14.952	0.036000000000000004
14.953999999999999	0.03589375
14.955999999999998	0.0358015625
14.958	0.035721875
14.959999999999999	0.03565625
14.961999999999998	0.0356
14.964	0.0355640625
14.966	0.035546875
14.967999999999998	0.0355453125
14.97	0.035562500000000004
14.972	0.0356
14.973999999999998	0.0356609375
14.976	0.0357359375
14.978	0.0358203125
14.979999999999999	0.035909375
14.981999999999998	0.036000000000000004
14.984	0.036084375
14.985999999999999	0.0361625
14.987999999999998	0.0362390625
14.99	0.0363171875
14.991999999999999	0.0364
14.993999999999998	0.036475
14.996	0.0365515625
14.998	0.0366328125
14.999999999999998	0.036717187500000005
15.002	0.0368
15.004	0.03685
15.005999999999998	0.036881250000000004
15.008000000000001	0.0368859375
15.01	0.0368609375
15.011999999999999	0.0368
15.014000000000001	0.0366765625
15.016	0.036525
15.017999999999999	0.0363546875
15.019999999999998	0.0361765625
15.022	0.036000000000000004
15.024	0.035815625000000004
15.025999999999998	0.0356421875
15.028	0.0354828125
15.03	0.035335937500000004
15.031999999999998	0.0352
15.034	0.035071875
15.036	0.034960937500000004
15.037999999999998	0.034875
15.040000000000001	0.0348203125
15.042	0.034800000000000005
15.043999999999999	0.0348078125
15.046000000000001	0.034825
15.048	0.0348375
15.049999999999999	0.03483125
15.051999999999998	0.034800000000000005
15.054	0.034740625000000004
15.056	0.034653125
15.057999999999998	0.0345546875
15.06	0.0344640625
15.062	0.0344
15.063999999999998	0.034375
15.066	0.034375
15.068	0.0343875
15.069999999999999	0.0344
15.072000000000001	0.0344
15.074	0.0343765625
15.075999999999999	0.03431875
15.078000000000001	0.0342296875
15.08	0.03411875
15.081999999999999	0.034
15.084000000000001	0.033884375
15.086	0.03378125
15.088	0.033696875
15.089999999999998	0.033635937500000004
15.092	0.033600000000000005
15.094	0.03358125
15.095999999999998	0.033576562500000004
15.098	0.033579687500000004
15.1	0.0335875
15.101999999999999	0.033600000000000005
15.104000000000001	0.0336046875
15.106	0.033603125000000005
15.107999999999999	0.0335984375
15.110000000000001	0.0335953125
15.112	0.033600000000000005
15.113999999999999	0.0335984375
15.116000000000001	0.0335984375
15.118	0.033600000000000005
15.12	0.0336015625
15.122000000000002	0.033600000000000005
15.124	0.033573437500000004
15.126	0.033521875
15.127999999999998	0.033442187500000005
15.13	0.033334375
15.132	0.0332
15.133999999999999	0.033037500000000004
15.136000000000001	0.0328625
15.138	0.032690625
15.139999999999999	0.0325328125
15.142000000000001	0.0324
15.144	0.0322921875
15.145999999999999	0.03220625
15.148000000000001	0.032134375
15.15	0.032067187500000004
15.152	0.032
15.154000000000002	0.031925
15.156	0.031837500000000005
15.158	0.031748437500000004
15.159999999999998	0.0316640625
15.162	0.0316
15.164	0.031560937500000004
15.165999999999999	0.03154375
15.168000000000001	0.031546875
15.17	0.0315671875
15.171999999999999	0.0316
15.174000000000001	0.0316328125
15.176	0.0316515625
15.177999999999999	0.0316515625
15.180000000000001	0.031634375
15.182	0.0316
15.184	0.0315453125
15.186000000000002	0.031471875
15.188	0.031384375
15.19	0.0312921875
15.192000000000002	0.031200000000000002
15.194	0.031109375
15.196	0.0310234375
15.197999999999999	0.030942187500000003
15.200000000000001	0.03086875
15.202	0.0308
15.203999999999999	0.0307328125
15.206000000000001	0.030662500000000002
15.208	0.0305828125
15.209999999999999	0.03049375
15.212000000000002	0.0304
15.214	0.03030625
15.216	0.0302125
15.218000000000002	0.030125000000000002
15.22	0.0300515625
15.222	0.030000000000000002
15.224000000000002	0.029978125
15.226	0.029971875000000002
15.228	0.029978125
15.229999999999999	0.0299875
15.232000000000001	0.030000000000000002
15.234	0.030015625
15.235999999999999	0.030021875
15.238000000000001	0.03001875
15.24	0.030009375
15.241999999999999	0.030000000000000002
15.244000000000002	0.029998437500000003
15.246	0.029996875000000003
15.248	0.029996875000000003
15.250000000000002	0.029998437500000003
15.252	0.030000000000000002
15.254	0.0300078125
15.256	0.0300125
15.258000000000001	0.0300125
15.26	0.0300078125
15.262	0.030000000000000002
15.264	0.029995312500000003
15.266	0.0299921875
15.267999999999999	0.029990625
15.27	0.029993750000000003
15.272	0.030000000000000002
15.274	0.0300109375
15.276	0.0300203125
15.277999999999999	0.0300234375
15.28	0.0300171875
15.282	0.030000000000000002
15.283999999999999	0.029975
15.286	0.0299515625
15.288	0.029942187500000002
15.29	0.02995625
15.291999999999998	0.030000000000000002
15.294	0.0300703125
15.296	0.030160937500000002
15.297999999999998	0.030254687500000002
15.3	0.0303375
15.302	0.0304
15.303999999999998	0.0304265625
15.305999999999997	0.030428125
15.308	0.030415625
15.309999999999999	0.030403125000000003
15.311999999999998	0.0304
15.314	0.030403125000000003
15.315999999999999	0.030415625
15.317999999999998	0.030428125
15.32	0.0304265625
15.322	0.0304
15.323999999999998	0.030340625000000003
15.326	0.0302609375
15.328	0.0301671875
15.329999999999998	0.030075
15.332	0.030000000000000002
15.334	0.0299515625
15.335999999999999	0.029934375000000003
15.337999999999997	0.02994375
15.34	0.029968750000000002
15.341999999999999	0.030000000000000002
15.343999999999998	0.030025000000000003
15.346	0.0300390625
15.347999999999999	0.0300375
15.349999999999998	0.0300234375
15.352	0.030000000000000002
15.354	0.029968750000000002
15.355999999999998	0.0299453125
15.358	0.029935937500000002
15.36	0.029953125
15.361999999999998	0.030000000000000002
15.364	0.030065625000000002
15.366	0.030146875
15.367999999999999	0.0302375
15.370000000000001	0.030325
15.372	0.0304
15.373999999999999	0.030440625000000002
15.375999999999998	0.03045625
15.378	0.03045
15.379999999999999	0.0304296875
15.381999999999998	0.0304
15.384	0.030345312500000002
15.386	0.030282812500000002
15.387999999999998	0.03020625
15.39	0.0301140625
15.392	0.030000000000000002
15.393999999999998	0.0298546875
15.396	0.0296921875
15.398	0.029521875000000003
15.399999999999999	0.0293546875
15.402000000000001	0.0292
15.404	0.029071875
15.405999999999999	0.02896875
15.407999999999998	0.028892187500000003
15.41	0.028835937500000002
15.411999999999999	0.028800000000000003
15.413999999999998	0.0287859375
15.416	0.0287828125
15.418	0.028784375
15.419999999999998	0.028790625
15.422	0.028800000000000003
15.424	0.028821875
15.425999999999998	0.028834375000000002
15.428	0.028835937500000002
15.43	0.0288234375
15.431999999999999	0.028800000000000003
15.434000000000001	0.028775000000000002
15.436	0.0287515625
15.437999999999999	0.028739062500000002
15.440000000000001	0.028753125
15.442	0.028800000000000003
15.443999999999999	0.0288734375
15.445999999999998	0.028962500000000002
15.448	0.029054687500000002
15.45	0.0291375
15.451999999999998	0.0292
15.454	0.029217187500000002
15.456	0.029209375000000003
15.457999999999998	0.02919375
15.46	0.0291875
15.462	0.0292
15.463999999999999	0.029206250000000003
15.466000000000001	0.0292234375
15.468	0.029239062500000003
15.469999999999999	0.0292359375
15.472000000000001	0.0292
15.474	0.0290984375
15.475999999999999	0.028954687500000003
15.477999999999998	0.0287796875
15.48	0.0285890625
15.482	0.0284
15.483999999999998	0.0282140625
15.486	0.028045312500000003
15.488	0.027890625000000002
15.489999999999998	0.0277453125
15.492	0.027600000000000003
15.494	0.027453125000000002
15.495999999999999	0.027296875
15.498000000000001	0.027132812500000002
15.5	0.0269640625
15.501999999999999	0.0268
15.504000000000001	0.026664062500000002
15.506	0.026546875
15.508	0.026459375
15.510000000000002	0.026409375000000002
15.512	0.0264
15.514	0.026443750000000002
15.515999999999998	0.0265125
15.518	0.026598437500000002
15.52	0.026696875000000002
15.521999999999998	0.0268
15.524000000000001	0.026907812500000003
15.526	0.0269984375
15.527999999999999	0.027075000000000002
15.530000000000001	0.027140625
15.532	0.027200000000000002
15.533999999999999	0.02724375
15.536000000000001	0.0272703125
15.538	0.027275
15.54	0.0272515625
15.542000000000002	0.027200000000000002
15.544	0.027106250000000002
15.546	0.026973437500000003
15.548000000000002	0.02680625
15.55	0.0266125
15.552	0.0264
15.553999999999998	0.026187500000000002
15.556000000000001	0.0259875
15.558	0.0258171875
15.559999999999999	0.025687500000000002
15.562000000000001	0.0256
15.564	0.025560937500000002
15.565999999999999	0.025553125000000003
15.568000000000001	0.025565625
15.57	0.025584375000000003
15.572	0.0256
15.574000000000002	0.0256078125
15.576	0.0256
15.578	0.025589062500000002
15.580000000000002	0.025584375000000003
15.582	0.0256
15.584	0.025646875
15.585999999999999	0.025715625000000002
15.588000000000001	0.025803125
15.59	0.025901562500000003
15.591999999999999	0.026000000000000002
15.594000000000001	0.026084375
15.596	0.0261328125
15.597999999999999	0.0261359375
15.600000000000001	0.026092187500000003
15.602	0.026000000000000002
15.604	0.025868750000000003
15.606000000000002	0.025709375
15.608	0.025534375
15.61	0.0253609375
15.612000000000002	0.0252
15.614	0.0250703125
15.616	0.0249703125
15.618000000000002	0.024895312500000003
15.620000000000001	0.024840625
15.622	0.024800000000000003
15.623999999999999	0.0247796875
15.626000000000001	0.024767187500000003
15.628	0.0247640625
15.629999999999999	0.024773437500000002
15.632000000000001	0.024800000000000003
15.634	0.024853125
15.636	0.024921875
15.638000000000002	0.0250046875
15.64	0.0251
15.642	0.0252
15.644	0.025303125000000003
15.646	0.0253953125
15.648	0.0254765625
15.65	0.0255453125
15.652	0.0256
15.654	0.0256359375
15.655999999999999	0.025653125000000002
15.658	0.025651562500000002
15.66	0.025634375
15.661999999999999	0.0256
15.664	0.02555
15.665999999999999	0.025484375
15.668	0.025404687500000002
15.67	0.025309375000000002
15.671999999999999	0.0252
15.674	0.025089062500000002
15.676	0.024984375
15.677999999999999	0.024896875000000002
15.679999999999998	0.024834375000000002
15.682	0.024800000000000003
15.684	0.024798437500000003
15.685999999999998	0.0248109375
15.688	0.0248234375
15.69	0.0248234375
15.691999999999998	0.024800000000000003
15.693999999999997	0.024765625000000003
15.696	0.024728125
15.697999999999999	0.024707812500000002
15.699999999999998	0.0247265625
15.702	0.024800000000000003
15.703999999999999	0.0249359375
15.705999999999998	0.0251078125
15.708	0.02529375
15.709999999999999	0.025465625000000002
15.711999999999998	0.0256
15.714	0.025675
15.716	0.02569375
15.717999999999998	0.0256734375
15.72	0.0256359375
15.722	0.0256
15.723999999999998	0.025575
15.726	0.025571875
15.728	0.025584375000000003
15.729999999999999	0.0255984375
15.731999999999998	0.0256
15.734	0.0255671875
15.735999999999999	0.02550625
15.737999999999998	0.02541875
15.74	0.0253140625
15.741999999999999	0.0252
15.743999999999998	0.025081250000000003
15.746	0.024978125
15.748	0.024893750000000003
15.749999999999998	0.024834375000000002
15.752	0.024800000000000003
15.754	0.024784375
15.755999999999998	0.0247828125
15.758000000000001	0.0247890625
15.76	0.024796875
15.761999999999999	0.024800000000000003
15.763999999999998	0.024801562500000002
15.766	0.0247953125
15.767999999999999	0.0247890625
15.769999999999998	0.024790625
15.772	0.024800000000000003
15.774	0.024821875
15.775999999999998	0.024840625
15.778	0.0248484375
15.78	0.024837500000000002
15.781999999999998	0.024800000000000003
15.784	0.024739062500000002
15.786	0.0246546875
15.787999999999998	0.0245609375
15.790000000000001	0.024471875
15.792	0.0244
15.793999999999999	0.024362500000000002
15.796000000000001	0.0243515625
15.798	0.024359375000000003
15.799999999999999	0.0243796875
15.801999999999998	0.0244
15.804	0.024415625
15.806	0.024420312500000003
15.807999999999998	0.024415625
15.81	0.02440625
15.812	0.0244
15.813999999999998	0.024395312500000002
15.816	0.024393750000000002
15.818	0.024395312500000002
15.819999999999999	0.0243984375
15.822000000000001	0.0244
15.824	0.024395312500000002
15.825999999999999	0.0243875
15.828000000000001	0.024384375
15.83	0.0243875
15.831999999999999	0.0244
15.833999999999998	0.024415625
15.836	0.024428125000000002
15.838	0.024434375
15.839999999999998	0.024426562500000002
15.842	0.0244
15.844	0.024346875
15.845999999999998	0.0242734375
15.848	0.0241859375
15.85	0.02409375
15.851999999999999	0.024
15.854000000000001	0.023909375
15.856	0.023825000000000002
15.857999999999999	0.023746875
15.860000000000001	0.023673437500000002
15.862	0.0236
15.863999999999999	0.023528125
15.866000000000001	0.023451562500000002
15.868	0.0233671875
15.87	0.02328125
15.871999999999998	0.023200000000000002
15.874	0.0231390625
15.876	0.023098437500000003
15.877999999999998	0.023090625
15.88	0.023125
15.882	0.023200000000000002
15.883999999999999	0.0233078125
15.886000000000001	0.023420312500000002
15.888	0.02351875
15.889999999999999	0.0235828125
15.892000000000001	0.0236
15.894	0.0235609375
15.895999999999999	0.023476562500000003
15.898000000000001	0.0233703125
15.9	0.023271875
15.902	0.023200000000000002
15.904000000000002	0.023164062500000002
15.906	0.023160937500000003
15.908	0.023178125
15.909999999999998	0.023196875000000002
15.912	0.023200000000000002
15.914	0.023167187500000002
15.915999999999999	0.023101562500000002
15.918000000000001	0.023007812500000002
15.92	0.022903125
15.921999999999999	0.0228
15.924000000000001	0.022703125
15.926	0.0226171875
15.927999999999999	0.0225421875
15.930000000000001	0.022471875000000002
15.932	0.0224
15.934	0.022318750000000002
15.936000000000002	0.02223125
15.938	0.0221421875
15.94	0.022062500000000002
15.941999999999998	0.022000000000000002
15.944	0.021967187500000002
15.946	0.021953125
15.947999999999999	0.02195625
15.950000000000001	0.021975
15.952	0.022000000000000002
15.953999999999999	0.022031250000000002
15.956000000000001	0.02205
15.958	0.022053125
15.959999999999999	0.0220359375
15.962000000000002	0.022000000000000002
15.964	0.021953125
15.966	0.0218859375
15.968000000000002	0.0218015625
15.97	0.0217046875
15.972	0.0216
15.974000000000002	0.0215109375
15.976	0.0214234375
15.978	0.021342187500000002
15.979999999999999	0.021265625
15.982000000000001	0.0212
15.984	0.021165625
15.985999999999999	0.021148437500000002
15.988000000000001	0.021146875000000002
15.99	0.0211640625
15.991999999999999	0.0212
15.994000000000002	0.0212625
15.996	0.021337500000000002
15.998	0.021421875
16.0	0.0215109375
16.002	0.0216
16.003999999999998	0.021685937500000002
16.006	0.0217640625
16.008	0.021840625000000002
16.009999999999998	0.02191875
16.011999999999997	0.022000000000000002
16.014	0.0220765625
16.016	0.022153125000000003
16.017999999999997	0.022234375
16.02	0.022318750000000002
16.022	0.0224
16.023999999999997	0.0224578125
16.026	0.0224953125
16.028	0.022501562500000002
16.029999999999998	0.022471875000000002
16.032	0.0224
16.034	0.022279687500000003
16.035999999999998	0.022129687500000002
16.038	0.021959375
16.04	0.021781250000000002
16.041999999999998	0.0216
16.044	0.021432812500000002
16.046	0.021276562500000002
16.048	0.021121875000000002
16.049999999999997	0.020965625
16.052	0.020800000000000003
16.054	0.02065625
16.055999999999997	0.020528125
16.058	0.0204328125
16.06	0.0203859375
16.061999999999998	0.0204
16.064	0.0204953125
16.066	0.0206390625
16.067999999999998	0.0208171875
16.07	0.021009375
16.072	0.0212
16.073999999999998	0.021378125
16.076	0.0215359375
16.078	0.021682812500000002
16.08	0.0218328125
16.081999999999997	0.022000000000000002
16.084	0.022171875
16.086	0.022350000000000002
16.087999999999997	0.022525
16.09	0.02268125
16.092	0.0228
16.093999999999998	0.02284375
16.096	0.0228234375
16.098	0.0227390625
16.099999999999998	0.022595312500000003
16.102	0.0224
16.104	0.022157812500000002
16.105999999999998	0.021903125000000002
16.108	0.021653125000000002
16.11	0.0214171875
16.112	0.0212
16.114	0.0210078125
16.116	0.020840625
16.118	0.020690625
16.119999999999997	0.0205453125
16.122	0.0204
16.124	0.0202734375
16.125999999999998	0.0201578125
16.128	0.020065625
16.13	0.0200078125
16.131999999999998	0.02
16.134	0.0200703125
16.136	0.02019375
16.137999999999998	0.020364062500000002
16.14	0.020571875
16.142	0.020800000000000003
16.144	0.021040625
16.146	0.0212515625
16.148	0.02141875
16.15	0.021534375
16.152	0.0216
16.154	0.021620312500000002
16.156	0.0216078125
16.157999999999998	0.021589062500000002
16.16	0.0215828125
16.162	0.0216
16.163999999999998	0.0216296875
16.166	0.021665625
16.168	0.021687500000000002
16.169999999999998	0.021671875
16.172	0.0216
16.174	0.0214546875
16.176	0.0212703125
16.178	0.0210796875
16.18	0.0209140625
16.182	0.020800000000000003
16.184	0.020737500000000002
16.186	0.0207296875
16.188	0.0207578125
16.189999999999998	0.020790625
16.192	0.020800000000000003
16.194	0.0207625
16.195999999999998	0.0206828125
16.198	0.020581250000000002
16.2	0.0204796875
16.201999999999998	0.0204
16.204	0.020364062500000002
16.206	0.020359375000000002
16.208	0.0203765625
16.21	0.020396875000000002
16.212	0.0204
16.214	0.0203828125
16.216	0.020326562500000003
16.218	0.020235937500000002
16.22	0.020121875
16.222	0.02
16.224	0.019896875
16.226	0.019803125
16.227999999999998	0.019721875
16.23	0.0196546875
16.232	0.0196
16.233999999999998	0.019571875000000002
16.236	0.01955625
16.238	0.0195546875
16.24	0.01956875
16.242	0.0196
16.244	0.01965625
16.246	0.019725
16.248	0.01980625
16.25	0.0198984375
16.252	0.02
16.254	0.0200984375
16.256	0.020190625
16.258	0.0202734375
16.259999999999998	0.02034375
16.262	0.0204
16.264	0.0204296875
16.266	0.0204390625
16.268	0.0204359375
16.27	0.020423437500000002
16.272	0.0204
16.274	0.02035625
16.276	0.020298437500000002
16.278	0.0202234375
16.28	0.020125
16.282	0.02
16.284	0.019846875
16.286	0.0196796875
16.288	0.019509375000000002
16.29	0.019346875
16.292	0.019200000000000002
16.294	0.01908125
16.296	0.0189859375
16.298	0.018910937500000002
16.3	0.018851562500000002
16.302	0.0188
16.304	0.0187671875
16.306	0.01874375
16.308	0.0187375
16.31	0.018754687500000002
16.312	0.0188
16.314	0.018882812500000002
16.316	0.018976562500000002
16.318	0.019068750000000002
16.32	0.0191453125
16.322	0.019200000000000002
16.324	0.019231250000000002
16.326	0.019234375
16.328	0.019221875
16.330000000000002	0.01920625
16.332	0.019200000000000002
16.334	0.019209375
16.336	0.019225000000000003
16.338	0.0192359375
16.34	0.019231250000000002
16.342	0.019200000000000002
16.344	0.0191390625
16.346	0.01905625
16.348	0.0189625
16.35	0.018871875
16.352	0.0188
16.354	0.018754687500000002
16.356	0.0187375
16.358	0.018746875
16.36	0.0187703125
16.362000000000002	0.0188
16.364	0.0188265625
16.366	0.0188390625
16.368	0.0188375
16.37	0.0188234375
16.372	0.0188
16.374	0.0187796875
16.376	0.0187640625
16.378	0.018759375000000002
16.38	0.018771875
16.382	0.0188
16.384	0.0188421875
16.386	0.0188765625
16.388	0.0188890625
16.39	0.018865625
16.392	0.0188
16.394000000000002	0.0187046875
16.396	0.0185921875
16.398	0.0184890625
16.400000000000002	0.01841875
16.402	0.0184
16.404	0.0184453125
16.406	0.018532812500000002
16.408	0.0186390625
16.41	0.0187359375
16.412	0.0188
16.414	0.018817187500000002
16.416	0.0188015625
16.418	0.018775
16.42	0.0187671875
16.422	0.0188
16.424	0.0188703125
16.426000000000002	0.018971875000000003
16.428	0.019078125
16.43	0.019164062500000002
16.432000000000002	0.019200000000000002
16.434	0.019160937500000003
16.436	0.019071875000000002
16.438	0.0189609375
16.44	0.0188625
16.442	0.0188
16.444	0.018778125
16.446	0.01879375
16.448	0.0188234375
16.45	0.018834375
16.452	0.0188
16.454	0.018696875
16.456	0.018540625
16.458000000000002	0.018353125
16.46	0.0181640625
16.462	0.018000000000000002
16.464000000000002	0.01788125
16.466	0.0178
16.468	0.0177390625
16.470000000000002	0.017678125
16.472	0.0176
16.474	0.0175140625
16.476	0.0174109375
16.478	0.017309375000000002
16.48	0.0172328125
16.482	0.0172
16.484	0.017242187500000002
16.486	0.017325
16.488	0.017428125
16.490000000000002	0.017526562500000002
16.492	0.0176
16.494	0.017646875
16.496000000000002	0.017654687500000002
16.498	0.0176359375
16.5	0.0176109375
16.502000000000002	0.0176
16.504	0.01763125
16.506	0.01769375
16.508000000000003	0.017782812500000002
16.51	0.0178890625
16.512	0.018000000000000002
16.514	0.018109375
16.516000000000002	0.0182046875
16.518	0.018284375000000002
16.52	0.01835
16.522000000000002	0.0184
16.524	0.0184328125
16.526	0.018453125
16.528000000000002	0.01845625
16.53	0.018440625000000002
16.532	0.0184
16.534000000000002	0.0183359375
16.536	0.0182578125
16.538	0.018171875
16.540000000000003	0.018084375
16.542	0.018000000000000002
16.544	0.017937500000000002
16.546	0.017903125000000002
16.548000000000002	0.017901562500000003
16.55	0.017935937500000002
16.552	0.018000000000000002
16.554000000000002	0.018092187500000002
16.556	0.01819375
16.558	0.0182875
16.560000000000002	0.018359375
16.562	0.0184
16.564	0.018410937500000002
16.566000000000003	0.0184
16.568	0.018384375
16.57	0.018379687500000002
16.572000000000003	0.0184
16.574	0.0184546875
16.576	0.018535937500000002
16.578000000000003	0.018631250000000002
16.580000000000002	0.018725000000000002
16.582	0.0188
16.584	0.0188421875
16.586000000000002	0.018853125000000002
16.588	0.0188421875
16.59	0.018821875000000002
16.592000000000002	0.0188
16.594	0.018778125
16.596	0.0187703125
16.598000000000003	0.018775
16.6	0.018787500000000002
16.602	0.0188
16.604	0.018796875
16.606	0.018789062500000002
16.608	0.018785937500000002
16.61	0.018787500000000002
16.612000000000002	0.0188
16.614	0.018809375
16.616	0.018821875000000002
16.618	0.018828125
16.62	0.0188234375
16.622	0.0188
16.624	0.01874375
16.626	0.0186671875
16.628	0.0185796875
16.63	0.0184890625
16.631999999999998	0.0184
16.634	0.0183203125
16.636	0.0182453125
16.637999999999998	0.0181703125
16.639999999999997	0.0180890625
16.642	0.018000000000000002
16.644	0.0179125
16.645999999999997	0.0178203125
16.648	0.0177328125
16.65	0.017656250000000002
16.651999999999997	0.0176
16.653999999999996	0.01758125
16.656	0.01758125
16.657999999999998	0.017589062500000002
16.659999999999997	0.0175984375
16.662	0.0176
16.663999999999998	0.0176109375
16.665999999999997	0.017609375
16.668	0.0176015625
16.669999999999998	0.0175953125
16.671999999999997	0.0176
16.674	0.01764375
16.676	0.017709375
16.677999999999997	0.01779375
16.68	0.01789375
16.682	0.018000000000000002
16.683999999999997	0.018121875000000003
16.686	0.01823125
16.688	0.018317187500000002
16.689999999999998	0.018375000000000002
16.691999999999997	0.0184
16.694	0.018409375000000002
16.695999999999998	0.0184046875
16.697999999999997	0.01839375
16.7	0.0183890625
16.701999999999998	0.0184
16.703999999999997	0.0184453125
16.706	0.018515625
16.708	0.01860625
16.709999999999997	0.0187046875
16.712	0.0188
16.714	0.0188921875
16.715999999999998	0.018978125000000002
16.718	0.01905625
16.72	0.019129687500000003
16.721999999999998	0.019200000000000002
16.723999999999997	0.0192703125
16.726	0.019346875
16.727999999999998	0.0194296875
16.729999999999997	0.019515625
16.732	0.0196
16.733999999999998	0.0196765625
16.735999999999997	0.0197546875
16.738	0.019834375
16.74	0.019915625
16.741999999999997	0.02
16.744	0.020078125000000002
16.746	0.020159375
16.747999999999998	0.02024375
16.75	0.020326562500000003
16.752	0.0204
16.753999999999998	0.020446875
16.756	0.020475
16.758	0.0204796875
16.759999999999998	0.020454687500000002
16.761999999999997	0.0204
16.764	0.020315625
16.766	0.020221875
16.767999999999997	0.0201328125
16.77	0.02005625
16.772	0.02
16.773999999999997	0.0199703125
16.776	0.019965625
16.778	0.0199765625
16.779999999999998	0.0199921875
16.782	0.02
16.784	0.020003125
16.785999999999998	0.0199984375
16.788	0.019990625
16.79	0.0199890625
16.791999999999998	0.02
16.793999999999997	0.020040625
16.796	0.0201046875
16.798	0.0201890625
16.799999999999997	0.020290625
16.802	0.0204
16.804	0.0205140625
16.805999999999997	0.020617187500000002
16.808	0.0207015625
16.81	0.0207640625
16.811999999999998	0.020800000000000003
16.814	0.0208203125
16.816	0.020825
16.817999999999998	0.02081875
16.82	0.020809375
16.822	0.020800000000000003
16.823999999999998	0.020800000000000003
16.826	0.020804687500000002
16.828	0.020809375
16.83	0.0208109375
16.831999999999997	0.020800000000000003
16.834	0.020790625
16.836	0.02078125
16.837999999999997	0.020775000000000002
16.84	0.0207796875
16.842	0.020800000000000003
16.843999999999998	0.0208515625
16.846	0.020925000000000003
16.848	0.0210140625
16.849999999999998	0.021109375
16.852	0.0212
16.854	0.0212953125
16.855999999999998	0.0213828125
16.858	0.021462500000000002
16.86	0.021534375
16.862	0.0216
16.863999999999997	0.0216765625
16.866	0.0217578125
16.868	0.021840625000000002
16.869999999999997	0.021921875
16.872	0.022000000000000002
16.874	0.0220796875
16.875999999999998	0.022160937500000002
16.878	0.022240625
16.88	0.022321875
16.881999999999998	0.0224
16.884	0.022476562500000002
16.886	0.0225546875
16.887999999999998	0.0226375
16.89	0.02271875
16.892	0.0228
16.894	0.02286875
16.896	0.022940625000000003
16.898	0.0230203125
16.9	0.0231078125
16.901999999999997	0.023200000000000002
16.904	0.0232796875
16.906	0.0233609375
16.907999999999998	0.023445312500000003
16.91	0.023528125
16.912	0.0236
16.913999999999998	0.023639062500000002
16.916	0.0236609375
16.918	0.023664062500000003
16.919999999999998	0.02364375
16.922	0.0236
16.924	0.0235296875
16.926	0.023448437500000002
16.928	0.023365625
16.93	0.0232828125
16.932	0.023200000000000002
16.934	0.023131250000000003
16.936	0.0230640625
16.938	0.0229921875
16.939999999999998	0.02290625
16.942	0.0228
16.944	0.0227
16.945999999999998	0.022600000000000002
16.948	0.022507812500000002
16.95	0.022439062500000002
16.951999999999998	0.0224
16.954	0.022425
16.956	0.0224875
16.958	0.022578125
16.96	0.0226859375
16.962	0.0228
16.964	0.0229375
16.966	0.0230796875
16.968	0.023231250000000002
16.97	0.023403125
16.971999999999998	0.0236
16.974	0.023831250000000002
16.976	0.024079687500000002
16.977999999999998	0.024334375000000002
16.98	0.024579687500000003
16.982	0.024800000000000003
16.983999999999998	0.02496875
16.986	0.025090625000000002
16.988	0.0251671875
16.99	0.025203125
16.992	0.0252
16.994	0.025150000000000002
16.996	0.025081250000000003
16.998	0.0249984375
17.0	0.0249046875
17.002	0.024800000000000003
17.004	0.024684375
17.006	0.024582812500000002
17.008	0.0245
17.009999999999998	0.024440625
17.012	0.0244
17.014	0.024378125
17.016	0.0243765625
17.018	0.0243859375
17.02	0.024396875000000002
17.022	0.0244
17.024	0.0244
17.026	0.024395312500000002
17.028	0.024390625000000003
17.03	0.024390625000000003
17.032	0.0244
17.034	0.02444375
17.036	0.024509375
17.038	0.02459375
17.04	0.02469375
17.041999999999998	0.024800000000000003
17.044	0.024921875
17.046	0.02503125
17.048	0.025117187500000002
17.05	0.025175000000000003
17.052	0.0252
17.054	0.02520625
17.056	0.0251984375
17.058	0.0251875
17.06	0.025184375000000002
17.062	0.0252
17.064	0.025245312500000002
17.066	0.02531875
17.068	0.0254078125
17.07	0.02550625
17.072	0.0256
17.074	0.025682812500000003
17.076	0.0257578125
17.078	0.0258328125
17.08	0.0259125
17.082	0.026000000000000002
17.084	0.026090625000000003
17.086	0.026185937500000003
17.088	0.0262765625
17.09	0.0263515625
17.092	0.0264
17.094	0.02641875
17.096	0.0264171875
17.098	0.026409375000000002
17.1	0.0264015625
17.102	0.0264
17.104	0.02641875
17.106	0.026443750000000002
17.108	0.026459375
17.11	0.02645
17.112000000000002	0.0264
17.114	0.0263296875
17.116	0.0262390625
17.118	0.02614375
17.12	0.026057812500000003
17.122	0.026000000000000002
17.124	0.026004687500000002
17.126	0.026057812500000003
17.128	0.02615
17.13	0.02626875
17.132	0.0264
17.134	0.02655
17.136	0.0267015625
17.138	0.0268578125
17.14	0.027021875
17.142	0.027200000000000002
17.144000000000002	0.027403125
17.146	0.0276296875
17.148	0.0278765625
17.15	0.028137500000000003
17.152	0.0284
17.154	0.028640625000000003
17.156	0.0288546875
17.158	0.029026562500000002
17.16	0.029145312500000003
17.162	0.0292
17.164	0.029181250000000002
17.166	0.029120312500000002
17.168	0.029028125000000002
17.17	0.0289171875
17.172	0.028800000000000003
17.174	0.028690625
17.176000000000002	0.028603125
17.178	0.0285328125
17.18	0.0284671875
17.182000000000002	0.0284
17.184	0.02834375
17.186	0.0283078125
17.188	0.028300000000000002
17.19	0.028328125000000003
17.192	0.0284
17.194	0.0285265625
17.196	0.0286890625
17.198	0.028868750000000002
17.2	0.02904375
17.202	0.0292
17.204	0.029340625000000002
17.206	0.0294734375
17.208000000000002	0.029617187500000003
17.21	0.0297875
17.212	0.030000000000000002
17.214000000000002	0.030253125000000002
17.216	0.030531250000000003
17.218	0.0308015625
17.22	0.031032812500000003
17.222	0.031200000000000002
17.224	0.031281250000000003
17.226	0.0313
17.228	0.0312765625
17.23	0.0312359375
17.232	0.031200000000000002
17.234	0.031178125
17.236	0.0311875
17.238	0.031209375
17.240000000000002	0.031221875000000003
17.242	0.031200000000000002
17.244	0.031132812500000002
17.246000000000002	0.031043750000000002
17.248	0.030945312500000002
17.25	0.0308578125
17.252000000000002	0.0308
17.254	0.030785937500000003
17.256	0.0308296875
17.258	0.030921875
17.26	0.03105
17.262	0.031200000000000002
17.264	0.0313484375
17.266000000000002	0.031501562500000004
17.268	0.0316578125
17.27	0.0318234375
17.272000000000002	0.032
17.274	0.03216875
17.276	0.0323390625
17.278000000000002	0.032507812500000004
17.28	0.0326640625
17.282	0.0328
17.284000000000002	0.032878125
17.286	0.032918750000000004
17.288	0.032918750000000004
17.290000000000003	0.032878125
17.292	0.0328
17.294	0.0326703125
17.296	0.03251875
17.298000000000002	0.032353125
17.3	0.032178125
17.302	0.032
17.304000000000002	0.03181875
17.306	0.0316484375
17.308	0.031490625
17.310000000000002	0.031340625000000004
17.312	0.031200000000000002
17.314	0.031075000000000002
17.316000000000003	0.03096875
17.318	0.030884375000000002
17.32	0.0308265625
17.322000000000003	0.0308
17.324	0.030820312500000002
17.326	0.030875000000000003
17.328	0.0309578125
17.330000000000002	0.031067187500000003
17.332	0.031200000000000002
17.334	0.03135625
17.336000000000002	0.0315171875
17.338	0.031678125
17.34	0.031840625000000004
17.342000000000002	0.032
17.344	0.032146875
17.346	0.0322671875
17.348000000000003	0.032353125
17.35	0.032396875
17.352	0.0324
17.354000000000003	0.0323546875
17.356	0.032281250000000004
17.358	0.032189062500000004
17.360000000000003	0.0320921875
17.362000000000002	0.032
17.364	0.0319125
17.366	0.0318359375
17.368000000000002	0.031765625
17.37	0.031689062500000004
17.372	0.0316
17.374000000000002	0.031490625
17.376	0.0313828125
17.378	0.0312890625
17.38	0.031223437500000003
17.382	0.031200000000000002
17.384	0.03121875
17.386	0.0312796875
17.388	0.031371875
17.39	0.031484375
17.392	0.0316
17.394	0.03170625
17.396	0.031796875
17.398	0.031873437500000004
17.4	0.031939062500000004
17.402	0.032
17.404	0.03205
17.406	0.0320828125
17.407999999999998	0.0320921875
17.41	0.032065625
17.412	0.032
17.413999999999998	0.031896875
17.415999999999997	0.03175625
17.418	0.0315859375
17.419999999999998	0.0313953125
17.421999999999997	0.031200000000000002
17.424	0.031037500000000003
17.426	0.030910937500000003
17.427999999999997	0.0308265625
17.43	0.030790625000000002
17.432	0.0308
17.433999999999997	0.0308640625
17.435999999999996	0.030953125
17.438	0.03105
17.439999999999998	0.031134375000000002
17.441999999999997	0.031200000000000002
17.444	0.0312578125
17.445999999999998	0.031307812500000004
17.447999999999997	0.031370312500000004
17.45	0.0314609375
17.451999999999998	0.0316
17.453999999999997	0.03179375
17.456	0.0320296875
17.458	0.032290625
17.459999999999997	0.0325546875
17.462	0.0328
17.464	0.0329921875
17.465999999999998	0.033126562500000005
17.467999999999996	0.033203125
17.47	0.033225000000000005
17.471999999999998	0.0332
17.473999999999997	0.0331234375
17.476	0.0330359375
17.477999999999998	0.032948437500000004
17.479999999999997	0.03286875
17.482	0.0328
17.483999999999998	0.032725000000000004
17.485999999999997	0.032659375000000004
17.488	0.0325890625
17.49	0.032503125
17.491999999999997	0.0324
17.494	0.0322734375
17.496	0.032153125000000005
17.497999999999998	0.03205625
17.5	0.032001562500000004
17.502	0.032
17.503999999999998	0.03205
17.505999999999997	0.032140625
17.508	0.032245312500000005
17.509999999999998	0.0323390625
17.511999999999997	0.0324
17.514	0.032421875
17.516	0.032409375000000004
17.517999999999997	0.0323859375
17.52	0.032375
17.522	0.0324
17.523999999999997	0.032468750000000005
17.526	0.032567187500000004
17.528	0.0326734375
17.529999999999998	0.032757812500000004
17.532	0.0328
17.534	0.032781250000000005
17.535999999999998	0.0327109375
17.538	0.0326078125
17.54	0.0324953125
17.541999999999998	0.0324
17.543999999999997	0.0323375
17.546	0.032317187500000004
17.548	0.03233125
17.549999999999997	0.0323625
17.552	0.0324
17.554	0.0324265625
17.555999999999997	0.032439062500000004
17.558	0.032434375
17.56	0.0324203125
17.561999999999998	0.0324
17.564	0.0323875
17.566	0.03238125
17.567999999999998	0.032384375
17.57	0.032390625
17.572	0.0324
17.573999999999998	0.0324203125
17.575999999999997	0.0324375
17.578	0.032442187500000004
17.58	0.0324296875
17.581999999999997	0.0324
17.584	0.032382812500000004
17.586	0.03236875
17.587999999999997	0.0323625
17.59	0.032370312500000005
17.592	0.0324
17.593999999999998	0.0324703125
17.596	0.032559375
17.598	0.032653125
17.599999999999998	0.032734375
17.602	0.0328
17.604	0.032859375
17.605999999999998	0.0329140625
17.608	0.0329796875
17.61	0.033070312500000004
17.612	0.0332
17.613999999999997	0.033379687500000005
17.616	0.033603125000000005
17.618	0.0338609375
17.619999999999997	0.0341328125
17.622	0.0344
17.624	0.0346265625
17.625999999999998	0.0348203125
17.628	0.0349796875
17.63	0.0351046875
17.631999999999998	0.0352
17.634	0.035240625000000005
17.636	0.0352609375
17.637999999999998	0.0352609375
17.64	0.035240625000000005
17.642	0.0352
17.644	0.035115625000000004
17.645999999999997	0.035028125
17.648	0.03494375
17.65	0.0348671875
17.651999999999997	0.034800000000000005
17.654	0.0347234375
17.656	0.0346546875
17.657999999999998	0.034582812500000004
17.66	0.0345
17.662	0.0344
17.663999999999998	0.034273437500000004
17.666	0.034153125
17.668	0.03405625
17.669999999999998	0.0340015625
17.672	0.034
17.674	0.0340421875
17.676	0.034121875
17.678	0.034221875
17.68	0.0343203125
17.682	0.0344
17.683999999999997	0.0344390625
17.686	0.0344453125
17.688	0.034428125000000004
17.689999999999998	0.0344078125
17.692	0.0344
17.694	0.0344046875
17.695999999999998	0.034418750000000005
17.698	0.034434375
17.7	0.0344328125
17.701999999999998	0.0344
17.704	0.03431875
17.706	0.0341890625
17.708	0.034017187500000004
17.71	0.033815625
17.712	0.033600000000000005
17.714	0.0333875
17.716	0.03319375
17.718	0.0330265625
17.72	0.03289375
17.721999999999998	0.0328
17.724	0.032746875
17.726	0.0327234375
17.727999999999998	0.032728125000000004
17.73	0.032754687500000004
17.732	0.0328
17.733999999999998	0.032859375
17.736	0.032925
17.738	0.033001562500000005
17.74	0.0330921875
17.742	0.0332
17.744	0.033309375
17.746	0.0334140625
17.748	0.0335015625
17.75	0.033567187500000005
17.752	0.033600000000000005
17.753999999999998	0.0335859375
17.756	0.03353125
17.758	0.033442187500000005
17.759999999999998	0.033328125
17.762	0.0332
17.764	0.0330578125
17.766	0.0329078125
17.768	0.03275
17.77	0.0325796875
17.772	0.0324
17.774	0.0322140625
17.776	0.0320328125
17.778	0.0318625
17.78	0.0317140625
17.782	0.0316
17.784	0.031534375
17.786	0.03150625
17.788	0.0315125
17.79	0.0315453125
17.791999999999998	0.0316
17.794	0.031675
17.796	0.031751562500000004
17.798	0.03183125
17.8	0.0319125
17.802	0.032
17.804	0.0320953125
17.806	0.032185937500000004
17.808	0.0322671875
17.81	0.032340625000000005
17.812	0.0324
17.814	0.032440625
17.816	0.032459375
17.818	0.03245625
17.82	0.032435937500000005
17.822	0.0324
17.823999999999998	0.0323421875
17.826	0.032271875
17.828	0.032189062500000004
17.83	0.032096875000000004
17.832	0.032
17.834	0.0318953125
17.836	0.031796875
17.838	0.031712500000000005
17.84	0.0316453125
17.842	0.0316
17.844	0.0315703125
17.846	0.031560937500000004
17.848	0.031565625
17.85	0.03158125
17.852	0.0316
17.854	0.0316125
17.856	0.031617187500000005
17.858	0.0316140625
17.86	0.0316078125
17.862	0.0316
17.864	0.031587500000000004
17.866	0.031578125
17.868	0.031575
17.87	0.03158125
17.872	0.0316
17.874	0.031621875
17.876	0.031640625
17.878	0.031646875000000005
17.88	0.031634375
17.882	0.0316
17.884	0.0315375
17.886	0.0314578125
17.888	0.03136875
17.89	0.031281250000000003
17.892	0.031200000000000002
17.894000000000002	0.0311234375
17.896	0.031053125
17.898	0.030978125000000002
17.9	0.0308953125
17.902	0.0308
17.904	0.030690625000000003
17.906	0.03058125
17.908	0.030484375
17.91	0.03041875
17.912	0.0304
17.914	0.0304296875
17.916	0.030498437500000003
17.918	0.030595312500000003
17.92	0.0307
17.922	0.0308
17.924	0.030871875
17.926000000000002	0.030906250000000003
17.928	0.0309015625
17.93	0.0308625
17.932	0.0308
17.934	0.030721875000000003
17.936	0.0306375
17.938	0.030553125
17.94	0.030473437500000002
17.942	0.0304
17.944	0.0303375
17.946	0.030271875
17.948	0.0301984375
17.95	0.03010625
17.952	0.030000000000000002
17.954	0.0298921875
17.956	0.0297859375
17.958000000000002	0.0296921875
17.96	0.029626562500000002
17.962	0.0296
17.964000000000002	0.029626562500000002
17.966	0.0296921875
17.968	0.0297859375
17.97	0.0298921875
17.972	0.030000000000000002
17.974	0.0301015625
17.976	0.030185937500000003
17.978	0.0302578125
17.98	0.0303265625
17.982	0.0304
17.984	0.030471875000000002
17.986	0.03055
17.988	0.030634375000000002
17.990000000000002	0.030718750000000003
17.992	0.0308
17.994	0.030846875000000003
17.996000000000002	0.03086875
17.998	0.03086875
18.0	0.030843750000000003
18.002	0.0308
18.004	0.030718750000000003
18.006	0.030629687500000002
18.008	0.0305421875
18.01	0.0304640625
18.012	0.0304
18.014	0.0303265625
18.016000000000002	0.030259375
18.018	0.030187500000000003
18.02	0.0301046875
18.022000000000002	0.030000000000000002
18.024	0.0298609375
18.026	0.0297015625
18.028000000000002	0.029529687500000002
18.03	0.0293578125
18.032	0.0292
18.034000000000002	0.0290703125
18.036	0.0289671875
18.038	0.028890625000000003
18.04	0.028835937500000002
18.042	0.028800000000000003
18.044	0.0287921875
18.046	0.0287890625
18.048000000000002	0.028790625
18.05	0.02879375
18.052	0.028800000000000003
18.054000000000002	0.02881875
18.056	0.028828125000000003
18.058	0.028829687500000003
18.060000000000002	0.02881875
18.062	0.028800000000000003
18.064	0.0287859375
18.066000000000003	0.028770312500000002
18.068	0.0287625
18.07	0.028768750000000003
18.072000000000003	0.028800000000000003
18.074	0.0288578125
18.076	0.028932812500000002
18.078	0.029020312500000003
18.080000000000002	0.029112500000000003
18.082	0.0292
18.084	0.0292625
18.086000000000002	0.0292984375
18.088	0.029300000000000003
18.09	0.029265625
18.092000000000002	0.0292
18.094	0.0291
18.096	0.028993750000000002
18.098000000000003	0.028900000000000002
18.1	0.028832812500000003
18.102	0.028800000000000003
18.104000000000003	0.028790625
18.106	0.028801562500000003
18.108	0.0288171875
18.11	0.0288203125
18.112000000000002	0.028800000000000003
18.114	0.028734375000000003
18.116	0.028643750000000003
18.118000000000002	0.028545312500000003
18.12	0.028457812500000002
18.122	0.0284
18.124000000000002	0.02836875
18.126	0.02836875
18.128	0.028384375
18.130000000000003	0.0284
18.132	0.0284
18.134	0.02836875
18.136000000000003	0.028303125000000002
18.138	0.0282125
18.14	0.028106250000000003
18.142000000000003	0.028
18.144000000000002	0.0279078125
18.146	0.027826562500000002
18.148	0.0277515625
18.150000000000002	0.027678125
18.152	0.027600000000000003
18.154	0.0275265625
18.156	0.027446875000000003
18.158	0.0273609375
18.16	0.0272765625
18.162	0.027200000000000002
18.164	0.027159375000000003
18.166	0.0271390625
18.168	0.0271390625
18.169999999999998	0.027159375000000003
18.172	0.027200000000000002
18.174	0.0272671875
18.176	0.02734375
18.178	0.0274265625
18.18	0.027512500000000002
18.182	0.027600000000000003
18.183999999999997	0.0276875
18.186	0.027768750000000002
18.188	0.0278453125
18.189999999999998	0.027921875000000002
18.191999999999997	0.028
18.194	0.0280703125
18.195999999999998	0.028143750000000002
18.197999999999997	0.0282234375
18.2	0.0283109375
18.201999999999998	0.0284
18.203999999999997	0.0284640625
18.206	0.0285078125
18.208	0.028517187500000003
18.209999999999997	0.028482812500000003
18.212	0.0284
18.214	0.0282578125
18.215999999999998	0.0280875
18.217999999999996	0.027909375
18.22	0.0277421875
18.221999999999998	0.027600000000000003
18.223999999999997	0.027482812500000002
18.226	0.027396875
18.227999999999998	0.0273296875
18.229999999999997	0.02726875
18.232	0.027200000000000002
18.233999999999998	0.0271171875
18.235999999999997	0.027021875
18.238	0.026925
18.24	0.026846875000000003
18.241999999999997	0.0268
18.244	0.026796875
18.246	0.0268390625
18.247999999999998	0.026925
18.249999999999996	0.02705
18.252	0.027200000000000002
18.253999999999998	0.0273453125
18.255999999999997	0.0274703125
18.258	0.02755625
18.259999999999998	0.027600000000000003
18.261999999999997	0.027600000000000003
18.264	0.027542187500000002
18.266	0.0274546875
18.267999999999997	0.027356250000000002
18.27	0.0272671875
18.272	0.027200000000000002
18.273999999999997	0.0271453125
18.276	0.027096875000000003
18.278	0.027037500000000003
18.279999999999998	0.026943750000000002
18.282	0.0268
18.284	0.026600000000000002
18.285999999999998	0.02635625
18.287999999999997	0.026090625000000003
18.29	0.0258296875
18.291999999999998	0.0256
18.293999999999997	0.025432812500000002
18.296	0.0253203125
18.298	0.025253125
18.299999999999997	0.02521875
18.302	0.0252
18.304	0.0252015625
18.305999999999997	0.025196875
18.308	0.0251890625
18.31	0.0251875
18.311999999999998	0.0252
18.314	0.0252515625
18.316	0.0253203125
18.317999999999998	0.025403125000000002
18.32	0.025498437500000002
18.322	0.0256
18.323999999999998	0.0257046875
18.325999999999997	0.025796875
18.328	0.025876562500000002
18.33	0.02594375
18.331999999999997	0.026000000000000002
18.334	0.0260375
18.336	0.0260546875
18.337999999999997	0.026053125
18.34	0.026035937500000002
18.342	0.026000000000000002
18.343999999999998	0.025932812500000003
18.346	0.025853125
18.348	0.0257671875
18.349999999999998	0.025682812500000003
18.352	0.0256
18.354	0.0255078125
18.355999999999998	0.0254203125
18.357999999999997	0.025340625000000002
18.36	0.02526875
18.362	0.0252
18.363999999999997	0.025121875000000002
18.366	0.0250421875
18.368	0.024962500000000002
18.369999999999997	0.02488125
18.372	0.024800000000000003
18.374	0.0247171875
18.375999999999998	0.024634375
18.378	0.024551562500000002
18.38	0.0244734375
18.381999999999998	0.0244
18.384	0.024334375000000002
18.386	0.024262500000000003
18.387999999999998	0.0241828125
18.39	0.0240953125
18.392	0.024
18.394	0.023909375
18.395999999999997	0.0238140625
18.398	0.023725
18.4	0.0236515625
18.401999999999997	0.0236
18.404	0.0235796875
18.406	0.023575000000000002
18.407999999999998	0.02358125
18.41	0.023590625
18.412	0.0236
18.413999999999998	0.023607812500000002
18.416	0.023604687500000002
18.418	0.023596875
18.419999999999998	0.02359375
18.422	0.0236
18.424	0.0236140625
18.426	0.0236265625
18.427999999999997	0.023632812500000003
18.43	0.0236265625
18.432	0.0236
18.433999999999997	0.0235515625
18.436	0.023481250000000002
18.438	0.0233921875
18.439999999999998	0.023296875
18.442	0.023200000000000002
18.444	0.023109375
18.445999999999998	0.023025
18.448	0.022946875000000002
18.45	0.0228734375
18.451999999999998	0.0228
18.454	0.022725000000000002
18.456	0.0226453125
18.458	0.0225609375
18.46	0.022476562500000002
18.462	0.0224
18.464	0.022342187500000003
18.465999999999998	0.02230625
18.468	0.0223
18.47	0.02233125
18.471999999999998	0.0224
18.474	0.022500000000000003
18.476	0.0226046875
18.477999999999998	0.0227015625
18.48	0.0227703125
18.482	0.0228
18.483999999999998	0.022784375000000003
18.486	0.022721875000000002
18.488	0.022626562500000003
18.49	0.0225140625
18.492	0.0224
18.494	0.022303125
18.496	0.022218750000000002
18.498	0.0221453125
18.5	0.022075
18.502	0.022000000000000002
18.503999999999998	0.0219265625
18.506	0.021843750000000002
18.508	0.0217578125
18.509999999999998	0.0216734375
18.512	0.0216
18.514	0.021553125
18.516	0.021528125000000002
18.518	0.021528125000000002
18.52	0.021553125
18.522	0.0216
18.524	0.0216625
18.526	0.0217328125
18.528	0.021812500000000002
18.53	0.021903125000000002
18.532	0.022000000000000002
18.534	0.022095312500000002
18.535999999999998	0.0221828125
18.538	0.0222640625
18.54	0.0223375
18.541999999999998	0.0224
18.544	0.022439062500000002
18.546	0.0224578125
18.548	0.022459375
18.55	0.022442187500000002
18.552	0.0224
18.554	0.022318750000000002
18.556	0.0222
18.558	0.0220421875
18.56	0.021842187500000002
18.562	0.0216
18.564	0.021334375000000003
18.566	0.0210609375
18.568	0.020803125000000002
18.57	0.0205765625
18.572	0.0204
18.573999999999998	0.020303125
18.576	0.020265625000000002
18.578	0.0202796875
18.58	0.020329687500000002
18.582	0.0204
18.584	0.0204984375
18.586	0.020590625
18.588	0.0206703125
18.59	0.020739062500000002
18.592	0.020800000000000003
18.594	0.0208765625
18.596	0.0209515625
18.598	0.021028125
18.6	0.0211109375
18.602	0.0212
18.604	0.021306250000000002
18.605999999999998	0.02140625
18.608	0.021492187500000003
18.61	0.021557812500000002
18.612	0.0216
18.614	0.021623437500000002
18.616	0.0216265625
18.618	0.021620312500000002
18.62	0.021609375
18.622	0.0216
18.624	0.0215953125
18.626	0.0215984375
18.628	0.02160625
18.63	0.0216078125
18.632	0.0216
18.634	0.0215765625
18.636	0.021554687500000003
18.638	0.0215453125
18.64	0.021557812500000002
18.642	0.0216
18.644	0.0216671875
18.646	0.0217546875
18.648	0.02185
18.65	0.021935937500000002
18.652	0.022000000000000002
18.654	0.022028125000000003
18.656	0.022029687500000002
18.658	0.0220171875
18.66	0.0220046875
18.662	0.022000000000000002
18.664	0.0220046875
18.666	0.0220171875
18.668	0.022029687500000002
18.67	0.022028125000000003
18.672	0.022000000000000002
18.674	0.021939062500000002
18.676000000000002	0.02185625
18.678	0.0217625
18.68	0.021671875
18.682	0.0216
18.684	0.0215515625
18.686	0.021531250000000002
18.688	0.0215390625
18.69	0.021565625
18.692	0.0216
18.694	0.021623437500000002
18.696	0.021634375
18.698	0.0216328125
18.7	0.021618750000000003
18.702	0.0216
18.704	0.0215765625
18.706	0.021557812500000002
18.708000000000002	0.021553125
18.71	0.0215671875
18.712	0.0216
18.714	0.021640625
18.716	0.021675
18.718	0.021689062500000002
18.72	0.0216671875
18.722	0.0216
18.724	0.0214875
18.726	0.021334375000000003
18.728	0.02115625
18.73	0.020971875
18.732	0.020800000000000003
18.734	0.0206578125
18.736	0.020548437500000002
18.738	0.0204734375
18.740000000000002	0.020426562500000002
18.742	0.0204
18.744	0.020390625000000002
18.746000000000002	0.0203828125
18.748	0.0203796875
18.75	0.020384375
18.752	0.0204
18.754	0.020428125000000002
18.756	0.020475
18.758	0.020550000000000002
18.76	0.020659375
18.762	0.020800000000000003
18.764	0.020940625
18.766000000000002	0.0210671875
18.768	0.0211625
18.77	0.021210937500000002
18.772000000000002	0.0212
18.774	0.0211109375
18.776	0.020964062500000002
18.778000000000002	0.0207828125
18.78	0.0205875
18.782	0.0204
18.784	0.0202296875
18.786	0.020078125000000002
18.788	0.0199328125
18.79	0.0197796875
18.792	0.0196
18.794	0.0193984375
18.796	0.019165625000000002
18.798000000000002	0.018910937500000002
18.8	0.01865
18.802	0.0184
18.804000000000002	0.018209375
18.806	0.01806875
18.808	0.0179859375
18.810000000000002	0.0179625
18.812	0.018000000000000002
18.814	0.0181109375
18.816000000000003	0.01825625
18.818	0.018425
18.82	0.018609375
18.822	0.0188
18.824	0.018996875
18.826	0.019175
18.828	0.01933125
18.830000000000002	0.019471875
18.832	0.0196
18.834	0.019709375
18.836000000000002	0.019803125
18.838	0.0198828125
18.84	0.019950000000000002
18.842000000000002	0.02
18.844	0.020009375
18.846	0.019981250000000002
18.848000000000003	0.01990625
18.85	0.0197796875
18.852	0.0196
18.854000000000003	0.01936875
18.856	0.0191140625
18.858	0.0188578125
18.86	0.0186140625
18.862000000000002	0.0184
18.864	0.0182328125
18.866	0.0181171875
18.868000000000002	0.018046875
18.87	0.0180125
18.872	0.018000000000000002
18.874000000000002	0.018000000000000002
18.876	0.018000000000000002
18.878	0.017996875000000002
18.880000000000003	0.01799375
18.882	0.018000000000000002
18.884	0.0180234375
18.886000000000003	0.0180671875
18.888	0.0181390625
18.89	0.018250000000000002
18.892	0.0184
18.894000000000002	0.018575
18.896	0.018756250000000002
18.898	0.01893125
18.900000000000002	0.019084375
18.902	0.019200000000000002
18.904	0.01925
18.906000000000002	0.019231250000000002
18.908	0.0191453125
18.91	0.0189984375
18.912000000000003	0.0188
18.914	0.0185578125
18.916	0.0183015625
18.918000000000003	0.01805
18.92	0.017814062500000002
18.922	0.0176
18.924	0.0174203125
18.926000000000002	0.0172609375
18.928	0.0171109375
18.93	0.016959375000000002
18.932000000000002	0.016800000000000002
18.934	0.0166578125
18.936	0.0165296875
18.938	0.01643125
18.94	0.016384375
18.942	0.0164
18.944	0.016503125
18.945999999999998	0.01665625
18.948	0.0168390625
18.95	0.017028125
18.951999999999998	0.0172
18.954	0.0173515625
18.956	0.01745625
18.958	0.017521875
18.959999999999997	0.0175640625
18.962	0.0176
18.964	0.017651562500000002
18.965999999999998	0.017717187500000002
18.967999999999996	0.0178015625
18.97	0.0178984375
18.971999999999998	0.018000000000000002
18.973999999999997	0.0180875
18.976	0.0181453125
18.977999999999998	0.018156250000000002
18.979999999999997	0.018109375
18.982	0.018000000000000002
18.983999999999998	0.0178359375
18.985999999999997	0.0176484375
18.988	0.017464062500000002
18.99	0.017309375000000002
18.991999999999997	0.0172
18.994	0.0171453125
18.996	0.0171390625
18.997999999999998	0.0171625
18.999999999999996	0.0171890625
19.002	0.0172
19.003999999999998	0.0171890625
19.005999999999997	0.0171625
19.008	0.0171390625
19.009999999999998	0.0171453125
19.011999999999997	0.0172
19.014	0.017315625
19.016	0.0174765625
19.017999999999997	0.0176625
19.02	0.017846875
19.022	0.018000000000000002
19.023999999999997	0.0181015625
19.026	0.018140625
19.028	0.018128125000000002
19.029999999999998	0.018075
19.031999999999996	0.018000000000000002
19.034	0.017921875
19.035999999999998	0.017843750000000002
19.037999999999997	0.0177671875
19.04	0.017687500000000002
19.041999999999998	0.0176
19.043999999999997	0.0175171875
19.046	0.017432812500000002
19.048	0.01735
19.049999999999997	0.0172703125
19.052	0.0172
19.054	0.0171625
19.055999999999997	0.017146875000000002
19.058	0.017151562500000002
19.06	0.0171703125
19.061999999999998	0.0172
19.064	0.01725625
19.066	0.0173234375
19.067999999999998	0.017403125000000002
19.069999999999997	0.017495312500000002
19.072	0.0176
19.073999999999998	0.0177265625
19.075999999999997	0.01786875
19.078	0.018028125000000002
19.08	0.01820625
19.081999999999997	0.0184
19.084	0.0185890625
19.086	0.018771875
19.087999999999997	0.018940625000000003
19.09	0.0190859375
19.092	0.019200000000000002
19.093999999999998	0.0192546875
19.096	0.0192734375
19.098	0.0192671875
19.099999999999998	0.019240625
19.102	0.019200000000000002
19.104	0.019125
19.105999999999998	0.0190484375
19.107999999999997	0.018971875000000003
19.11	0.018890625
19.112	0.0188
19.113999999999997	0.0186765625
19.116	0.018535937500000002
19.118	0.018376562500000002
19.119999999999997	0.018196875
19.122	0.018000000000000002
19.124	0.017796875
19.125999999999998	0.017603125
19.128	0.017432812500000002
19.13	0.017296875
19.131999999999998	0.0172
19.134	0.0171609375
19.136	0.0171546875
19.137999999999998	0.01716875
19.139999999999997	0.0171875
19.142	0.0172
19.144	0.01721875
19.145999999999997	0.0172203125
19.148	0.017209375000000002
19.15	0.0171984375
19.151999999999997	0.0172
19.154	0.017240625000000002
19.156	0.017303125000000003
19.157999999999998	0.0173875
19.16	0.0174890625
19.162	0.0176
19.163999999999998	0.017717187500000002
19.166	0.0178203125
19.168	0.017901562500000003
19.169999999999998	0.0179625
19.172	0.018000000000000002
19.174	0.0180140625
19.176	0.0180125
19.177999999999997	0.0180046875
19.18	0.018000000000000002
19.182	0.018000000000000002
19.183999999999997	0.017996875000000002
19.186	0.017998437500000002
19.188	0.0180046875
19.189999999999998	0.018009375
19.192	0.018000000000000002
19.194	0.0179578125
19.195999999999998	0.0178921875
19.198	0.017807812500000002
19.2	0.0177078125
19.201999999999998	0.0176
19.204	0.0174828125
19.206	0.0173765625
19.208	0.017290625
19.209999999999997	0.01723125
19.212	0.0172
19.214	0.01719375
19.215999999999998	0.0172015625
19.218	0.017212500000000002
19.22	0.017215625000000002
19.221999999999998	0.0172
19.224	0.017165625
19.226	0.017103125
19.227999999999998	0.017015625
19.23	0.0169125
19.232	0.016800000000000002
19.233999999999998	0.0167015625
19.236	0.016609375
19.238	0.0165265625
19.24	0.016457812500000002
19.242	0.0164
19.244	0.016371875
19.246	0.01635625
19.247999999999998	0.0163546875
19.25	0.01636875
19.252	0.0164
19.253999999999998	0.016459375000000002
19.256	0.0165296875
19.258	0.016612500000000002
19.259999999999998	0.016703125
19.262	0.016800000000000002
19.264	0.0168921875
19.266	0.0169765625
19.268	0.017057812500000002
19.27	0.0171328125
19.272	0.0172
19.274	0.017245312500000002
19.276	0.01726875
19.278	0.0172703125
19.28	0.017246875000000002
19.282	0.0172
19.284	0.0171234375
19.285999999999998	0.0170359375
19.288	0.0169484375
19.29	0.016868750000000002
19.291999999999998	0.016800000000000002
19.294	0.0167359375
19.296	0.016675000000000002
19.298	0.01660625
19.3	0.016517187500000002
19.302	0.0164
19.304	0.0162515625
19.306	0.0160828125
19.308	0.01590625
19.31	0.0157390625
19.312	0.015600000000000001
19.314	0.0155109375
19.316	0.015468750000000002
19.317999999999998	0.015475000000000001
19.32	0.015521875000000001
19.322	0.015600000000000001
19.323999999999998	0.01570625
19.326	0.015809375
19.328	0.015896875
19.33	0.0159609375
19.332	0.016
19.334	0.0160234375
19.336	0.016025
19.338	0.016015625000000002
19.34	0.0160046875
19.342	0.016
19.344	0.016017187500000002
19.346	0.0160359375
19.348	0.016046875000000002
19.35	0.0160375
19.352	0.016
19.354	0.0159453125
19.355999999999998	0.01586875
19.358	0.0157765625
19.36	0.0156828125
19.362	0.015600000000000001
19.364	0.0155546875
19.366	0.015537500000000001
19.368	0.01554375
19.37	0.015567187500000001
19.372	0.015600000000000001
19.374	0.0156453125
19.376	0.015700000000000002
19.378	0.015771875
19.38	0.0158703125
19.382	0.016
19.384	0.0161515625
19.386	0.01631875
19.387999999999998	0.016489062500000002
19.39	0.0166546875
19.392	0.016800000000000002
19.394	0.016903125
19.396	0.01698125
19.398	0.017051562500000002
19.4	0.017121875
19.402	0.0172
19.404	0.017259375
19.406	0.017304687500000002
19.408	0.0173234375
19.41	0.01729375
19.412	0.0172
19.414	0.017021875000000002
19.416	0.0167921875
19.418	0.0165296875
19.42	0.016259375
19.422	0.016
19.424	0.01578125
19.426	0.0156046875
19.428	0.015457812500000001
19.43	0.015328125000000001
19.432	0.0152
19.434	0.015095312500000001
19.436	0.0149921875
19.438	0.014903125000000001
19.44	0.014834375
19.442	0.0148
19.444	0.014834375
19.446	0.014903125000000001
19.448	0.0149921875
19.45	0.015095312500000001
19.452	0.0152
19.454	0.015331250000000001
19.456	0.0154640625
19.458000000000002	0.015610937500000002
19.46	0.0157875
19.462	0.016
19.464	0.0162578125
19.466	0.016528125
19.468	0.016790625
19.47	0.017021875000000002
19.472	0.0172
19.474	0.0173015625
19.476	0.017337500000000002
19.478	0.017321875
19.48	0.0172703125
19.482	0.0172
19.484	0.0171125
19.486	0.01703125
19.488	0.01695625
19.490000000000002	0.0168828125
19.492	0.016800000000000002
19.494	0.0167
19.496	0.0166015625
19.498	0.0165140625
19.5	0.016446875
19.502	0.0164
19.504	0.0163734375
19.506	0.0163703125
19.508	0.0163796875
19.51	0.016393750000000002
19.512	0.0164
19.514	0.016395312500000002
19.516000000000002	0.0163828125
19.518	0.0163734375
19.52	0.0163765625
19.522000000000002	0.0164
19.524	0.016456250000000002
19.526	0.01653125
19.528000000000002	0.0166203125
19.53	0.0167140625
19.532	0.016800000000000002
19.534	0.016868750000000002
19.536	0.0169046875
19.538	0.0169046875
19.54	0.016868750000000002
19.542	0.016800000000000002
19.544	0.0167140625
19.546	0.0166203125
19.548000000000002	0.01653125
19.55	0.016456250000000002
19.552	0.0164
19.554000000000002	0.0163796875
19.556	0.0163796875
19.558	0.016390625000000002
19.560000000000002	0.0164
19.562	0.0164
19.564	0.016395312500000002
19.566	0.016384375
19.568	0.016375
19.57	0.016378125
19.572	0.0164
19.574	0.01645
19.576	0.016520312500000002
19.578	0.016609375
19.580000000000002	0.016704687500000003
19.582	0.016800000000000002
19.584	0.0168828125
19.586000000000002	0.016957812500000002
19.588	0.0170296875
19.59	0.017109375
19.592000000000002	0.0172
19.594	0.0172875
19.596	0.0173796875
19.598000000000003	0.0174703125
19.6	0.017546875
19.602	0.0176
19.604	0.0175953125
19.606	0.01755
19.608	0.017465625000000002
19.61	0.017346875
19.612000000000002	0.0172
19.614	0.017025000000000002
19.616	0.016846875
19.618000000000002	0.016679687500000002
19.62	0.016528125
19.622	0.0164
19.624000000000002	0.016296875000000002
19.626	0.0162140625
19.628	0.016142187500000002
19.630000000000003	0.0160734375
19.632	0.016
19.634	0.0159296875
19.636	0.01585
19.638	0.015765625000000002
19.64	0.015678125
19.642	0.015600000000000001
19.644000000000002	0.015559375
19.646	0.015537500000000001
19.648	0.015537500000000001
19.650000000000002	0.015559375
19.652	0.015600000000000001
19.654	0.0156796875
19.656000000000002	0.015764062500000002
19.658	0.015846875
19.66	0.0159265625
19.662000000000003	0.016
19.664	0.0160828125
19.666	0.0161609375
19.668000000000003	0.016237500000000002
19.67	0.016315625
19.672	0.0164
19.674	0.016496875
19.676000000000002	0.0165921875
19.678	0.01668125
19.68	0.0167515625
19.682000000000002	0.016800000000000002
19.684	0.0168234375
19.686	0.0168265625
19.688000000000002	0.0168203125
19.69	0.016809375
19.692	0.016800000000000002
19.694000000000003	0.016801562500000002
19.696	0.0168109375
19.698	0.0168203125
19.7	0.01681875
19.702	0.016800000000000002
19.704	0.016775
19.706	0.0167515625
19.708000000000002	0.016742187500000002
19.71	0.01675625
19.712	0.016800000000000002
19.714	0.016884375
19.716	0.0169875
19.718	0.017089062500000002
19.72	0.017165625
19.721999999999998	0.0172
19.724	0.017203125
19.726	0.017181250000000002
19.727999999999998	0.0171578125
19.73	0.0171578125
19.732	0.0172
19.733999999999998	0.0173109375
19.735999999999997	0.01746875
19.738	0.017654687500000002
19.74	0.017839062500000002
19.741999999999997	0.018000000000000002
19.743999999999996	0.018125000000000002
19.746	0.0182140625
19.747999999999998	0.018279687500000003
19.749999999999996	0.0183359375
19.752	0.0184
19.753999999999998	0.0184765625
19.755999999999997	0.018568750000000002
19.758	0.018665625
19.759999999999998	0.018746875
19.761999999999997	0.0188
19.764	0.0188125
19.766	0.0188015625
19.767999999999997	0.018785937500000002
19.77	0.01878125
19.772	0.0188
19.773999999999997	0.0188453125
19.776	0.0189234375
19.778	0.019021875
19.779999999999998	0.0191203125
19.781999999999996	0.019200000000000002
19.784	0.019240625
19.785999999999998	0.019253125
19.787999999999997	0.01924375
19.79	0.0192234375
19.791999999999998	0.019200000000000002
19.793999999999997	0.019178125
19.796	0.019168750000000002
19.798	0.0191734375
19.799999999999997	0.0191859375
19.802	0.019200000000000002
19.804	0.0192125
19.805999999999997	0.019221875
19.808	0.019221875
19.81	0.019215625
19.811999999999998	0.019200000000000002
19.813999999999997	0.019193750000000002
19.816	0.019190625
19.817999999999998	0.019192187500000003
19.819999999999997	0.019195312500000002
19.822	0.019200000000000002
19.823999999999998	0.01921875
19.825999999999997	0.019234375
19.828	0.019240625
19.83	0.019229687500000002
19.831999999999997	0.019200000000000002
19.834	0.0191828125
19.836	0.019164062500000002
19.837999999999997	0.01915625
19.84	0.019164062500000002
19.842	0.019200000000000002
19.843999999999998	0.0192984375
19.846	0.0194375
19.848	0.019607812500000002
19.849999999999998	0.0198
19.851999999999997	0.02
19.854	0.020207812500000002
19.855999999999998	0.0204015625
19.857999999999997	0.0205671875
19.86	0.0207015625
19.862	0.020800000000000003
19.863999999999997	0.0208765625
19.866	0.02094375
19.868	0.0210125
19.869999999999997	0.0210953125
19.872	0.0212
19.874	0.02133125
19.875999999999998	0.021490625
19.878	0.021665625
19.88	0.021840625000000002
19.881999999999998	0.022000000000000002
19.884	0.02213125
19.886	0.0222375
19.887999999999998	0.022317187500000002
19.889999999999997	0.022371875
19.892	0.0224
19.894	0.022404687500000003
19.895999999999997	0.022407812500000002
19.898	0.022409375000000002
19.9	0.022407812500000002
19.901999999999997	0.0224
19.904	0.022390625
19.906	0.0223859375
19.907999999999998	0.0223859375
19.91	0.022390625
19.912	0.0224
19.913999999999998	0.022428125
19.916	0.0224796875
19.918	0.022559375
19.919999999999998	0.0226671875
19.921999999999997	0.0228
19.924	0.0229578125
19.926	0.023129687500000003
19.927999999999997	0.0233046875
19.93	0.0234640625
19.932	0.0236
19.933999999999997	0.0237078125
19.936	0.023793750000000002
19.938	0.023865625
19.939999999999998	0.0239328125
19.942	0.024
19.944	0.024071875
19.945999999999998	0.02415625
19.948	0.0242453125
19.95	0.024329687500000002
19.951999999999998	0.0244
19.954	0.0244421875
19.956	0.0244640625
19.958	0.0244625
19.959999999999997	0.0244390625
19.962	0.0244
19.964	0.024359375000000003
19.965999999999998	0.024332812500000002
19.968	0.024331250000000002
19.97	0.024353125
19.971999999999998	0.0244
19.974	0.024475
19.976	0.02456875
19.977999999999998	0.0246640625
19.98	0.0247453125
19.982	0.024800000000000003
19.983999999999998	0.024831250000000003
19.986	0.024837500000000002
19.988	0.0248265625
19.99	0.0248109375
19.991999999999997	0.024800000000000003
19.994	0.024821875
19.996	0.0248734375
19.997999999999998	0.024957812500000003
20.0	0.02506875
20.002	0.0252
20.003999999999998	0.0253515625
20.006	0.0255109375
20.008	0.0256765625
20.009999999999998	0.025842187500000002
20.012	0.026000000000000002
20.014	0.0261359375
20.016	0.026251562500000002
20.018	0.0263359375
20.02	0.0263859375
20.022	0.0264
20.024	0.026376562500000002
20.026	0.026346875000000002
20.028	0.0263328125
20.029999999999998	0.026348437500000002
20.032	0.0264
20.034	0.0264828125
20.035999999999998	0.0265875
20.038	0.026692187500000002
20.04	0.0267703125
20.041999999999998	0.0268
20.044	0.0267703125
20.046	0.026696875000000002
20.048	0.026596875000000002
20.05	0.0264921875
20.052	0.0264
20.054	0.026345312500000002
20.056	0.02633125
20.058	0.026346875000000002
20.06	0.026375000000000003
20.062	0.0264
20.064	0.026421875
20.066	0.026428125
20.067999999999998	0.0264203125
20.07	0.026407812500000002
20.072	0.0264
20.073999999999998	0.026421875
20.076	0.026470312500000003
20.078	0.0265515625
20.08	0.026662500000000002
20.082	0.0268
20.084	0.0269578125
20.086	0.027125
20.088	0.027290625000000002
20.09	0.027451562500000002
20.092	0.027600000000000003
20.094	0.0277234375
20.096	0.027826562500000002
20.098	0.0279046875
20.099999999999998	0.0279625
20.102	0.028
20.104	0.028018750000000002
20.105999999999998	0.02803125
20.108	0.028034375
20.11	0.028025
20.112	0.028
20.114	0.027959375
20.116	0.0279046875
20.118	0.027828125000000002
20.12	0.027726562500000003
20.122	0.027600000000000003
20.124	0.027475000000000003
20.126	0.0273625
20.128	0.0272703125
20.13	0.0272125
20.132	0.027200000000000002
20.134	0.027256250000000003
20.136	0.027371875
20.137999999999998	0.027542187500000002
20.14	0.02775625
20.142	0.028
20.144	0.028259375
20.146	0.028517187500000003
20.148	0.0287640625
20.15	0.028992187500000002
20.152	0.0292
20.154	0.029371875000000002
20.156	0.029529687500000002
20.158	0.029682812500000003
20.16	0.029839062500000003
20.162	0.030000000000000002
20.164	0.0301375
20.166	0.0302625
20.168	0.030359375
20.169999999999998	0.030409375000000002
20.172	0.0304
20.174	0.0303046875
20.176	0.030162500000000002
20.178	0.0299875
20.18	0.0297953125
20.182	0.0296
20.184	0.029406250000000002
20.186	0.029239062500000003
20.188	0.029089062500000002
20.19	0.0289453125
20.192	0.028800000000000003
20.194	0.028659375
20.196	0.0285359375
20.198	0.0284421875
20.2	0.028392187500000002
20.202	0.0284
20.204	0.028482812500000003
20.206	0.028621875
20.208	0.028798437500000003
20.21	0.028996875000000002
20.212	0.0292
20.214	0.029396875000000003
20.216	0.029571875
20.218	0.0297265625
20.22	0.029867187500000003
20.222	0.030000000000000002
20.224	0.030125000000000002
20.226	0.030234375
20.228	0.0303234375
20.23	0.030379687500000002
20.232	0.0304
20.234	0.030375000000000003
20.236	0.030317187500000002
20.238	0.030228125
20.240000000000002	0.030118750000000003
20.242	0.030000000000000002
20.244	0.029884375
20.246	0.0297859375
20.248	0.0297078125
20.25	0.029646875000000003
20.252	0.0296
20.254	0.029571875
20.256	0.029562500000000002
20.258	0.029565625
20.26	0.029578125
20.262	0.0296
20.264	0.029640625
20.266000000000002	0.0297
20.268	0.029778125000000003
20.27	0.029878125000000002
20.272000000000002	0.030000000000000002
20.274	0.030146875
20.276	0.030307812500000003
20.278	0.030475000000000002
20.28	0.0306421875
20.282	0.0308
20.284	0.030937500000000003
20.286	0.0310484375
20.288	0.031129687500000003
20.29	0.031178125
20.292	0.031200000000000002
20.294	0.031192187500000003
20.296	0.0311796875
20.298000000000002	0.031171875
20.3	0.031178125
20.302	0.031200000000000002
20.304000000000002	0.031221875000000003
20.306	0.031246875
20.308	0.0312625
20.310000000000002	0.0312484375
20.312	0.031200000000000002
20.314	0.031106250000000002
20.316	0.0309984375
20.318	0.0308984375
20.32	0.0308265625
20.322	0.0308
20.324	0.0308265625
20.326	0.0309015625
20.328	0.031004687500000003
20.330000000000002	0.0311125
20.332	0.031200000000000002
20.334	0.0312515625
20.336000000000002	0.031265625
20.338	0.031253125
20.34	0.031226562500000003
20.342000000000002	0.031200000000000002
20.344	0.0311859375
20.346	0.0311875
20.348	0.031195312500000003
20.35	0.031201562500000002
20.352	0.031200000000000002
20.354	0.0311890625
20.356	0.0311734375
20.358	0.031162500000000003
20.36	0.031168750000000002
20.362000000000002	0.031200000000000002
20.364	0.0312609375
20.366	0.0313453125
20.368000000000002	0.0314390625
20.37	0.031528125000000004
20.372	0.0316
20.374000000000002	0.031634375
20.376	0.03164375
20.378	0.031634375
20.380000000000003	0.031615625
20.382	0.0316
20.384	0.0315859375
20.386	0.03158125
20.388	0.0315859375
20.39	0.031593750000000004
20.392	0.0316
20.394000000000002	0.031593750000000004
20.396	0.0315859375
20.398	0.03158125
20.400000000000002	0.0315859375
20.402	0.0316
20.404	0.031615625
20.406000000000002	0.031634375
20.408	0.03164375
20.41	0.031634375
20.412000000000003	0.0316
20.414	0.031531250000000004
20.416	0.0314453125
20.418	0.031353125
20.42	0.0312671875
20.422	0.031200000000000002
20.424	0.031167187500000002
20.426000000000002	0.031160937500000003
20.428	0.031171875
20.43	0.0311875
20.432000000000002	0.031200000000000002
20.434	0.031209375
20.436	0.031209375
20.438000000000002	0.031203125
20.44	0.031198437500000002
20.442	0.031200000000000002
20.444000000000003	0.031215625
20.446	0.031232812500000002
20.448	0.031240625
20.450000000000003	0.031231250000000002
20.452	0.031200000000000002
20.454	0.0311546875
20.456	0.0311109375
20.458000000000002	0.031090625
20.46	0.031115625
20.462	0.031200000000000002
20.464000000000002	0.0313359375
20.466	0.031509375
20.468	0.0316953125
20.470000000000002	0.031867187500000005
20.472	0.032
20.474	0.032057812500000005
20.476	0.032065625
20.478	0.03204375
20.48	0.0320140625
20.482	0.032
20.484	0.031990625
20.486	0.032003125
20.488	0.0320234375
20.49	0.032028125000000005
20.492	0.032
20.494	0.0319078125
20.496	0.0317703125
20.497999999999998	0.0315953125
20.5	0.0313984375
20.502	0.031200000000000002
20.503999999999998	0.031012500000000002
20.506	0.030845312500000003
20.508	0.030692187500000002
20.509999999999998	0.03054375
20.511999999999997	0.0304
20.514	0.0302703125
20.516	0.030154687500000003
20.517999999999997	0.030062500000000002
20.52	0.0300078125
20.522	0.030000000000000002
20.523999999999997	0.030053125
20.525999999999996	0.0301375
20.528	0.0302328125
20.529999999999998	0.0303234375
20.531999999999996	0.0304
20.534	0.0304640625
20.535999999999998	0.030515625
20.537999999999997	0.030575
20.54	0.030664062500000002
20.541999999999998	0.0308
20.543999999999997	0.030976562500000002
20.546	0.031171875
20.548	0.031359375
20.549999999999997	0.031509375
20.552	0.0316
20.554	0.031603125
20.555999999999997	0.0315421875
20.558	0.031435937500000004
20.56	0.0313125
20.561999999999998	0.031200000000000002
20.563999999999997	0.031101562500000002
20.566	0.0310296875
20.567999999999998	0.03096875
20.569999999999997	0.0308984375
20.572	0.0308
20.573999999999998	0.030656250000000003
20.575999999999997	0.030484375
20.578	0.0303046875
20.58	0.030134375
20.581999999999997	0.030000000000000002
20.584	0.0299125
20.586	0.029876562500000002
20.587999999999997	0.0298875
20.59	0.029932812500000003
20.592	0.030000000000000002
20.593999999999998	0.0300703125
20.595999999999997	0.030140625
20.598	0.030215625000000003
20.599999999999998	0.0303
20.601999999999997	0.0304
20.604	0.030501562500000003
20.605999999999998	0.030600000000000002
20.607999999999997	0.030689062500000003
20.61	0.030757812500000002
20.612	0.0308
20.613999999999997	0.030787500000000002
20.616	0.0307328125
20.618	0.03064375
20.619999999999997	0.030529687500000003
20.622	0.0304
20.624	0.030250000000000003
20.625999999999998	0.030093750000000002
20.628	0.029932812500000003
20.63	0.02976875
20.631999999999998	0.0296
20.633999999999997	0.029428125000000003
20.636	0.0292578125
20.637999999999998	0.02909375
20.639999999999997	0.028940625
20.642	0.028800000000000003
20.644	0.028684375
20.645999999999997	0.028587500000000002
20.648	0.0285078125
20.65	0.0284453125
20.651999999999997	0.0284
20.654	0.0283734375
20.656	0.028357812500000003
20.657999999999998	0.028353125
20.66	0.028365625000000002
20.662	0.0284
20.663999999999998	0.028454687500000003
20.666	0.028521875000000002
20.668	0.0286015625
20.669999999999998	0.02869375
20.671999999999997	0.028800000000000003
20.674	0.028901562500000002
20.676	0.028995312500000002
20.677999999999997	0.029078125
20.68	0.029146875000000003
20.682	0.0292
20.683999999999997	0.029203125
20.686	0.0291671875
20.688	0.029087500000000002
20.689999999999998	0.028964062500000002
20.692	0.028800000000000003
20.694	0.028582812500000002
20.695999999999998	0.028340625
20.698	0.0280875
20.7	0.0278359375
20.701999999999998	0.027600000000000003
20.703999999999997	0.027390625000000002
20.706	0.0272078125
20.708	0.0270546875
20.709999999999997	0.0269203125
20.712	0.0268
20.714	0.026703125
20.715999999999998	0.0266140625
20.718	0.026531250000000003
20.72	0.0264578125
20.721999999999998	0.0264
20.724	0.026378125000000002
20.726	0.02636875
20.727999999999998	0.02636875
20.73	0.026378125000000002
20.732	0.0264
20.733999999999998	0.026453125
20.736	0.0265140625
20.738	0.0265890625
20.74	0.026684375
20.741999999999997	0.0268
20.744	0.0269359375
20.746	0.0270578125
20.747999999999998	0.0271515625
20.75	0.027200000000000002
20.752	0.027200000000000002
20.753999999999998	0.02715
20.756	0.0270640625
20.758	0.0269625
20.759999999999998	0.02686875
20.762	0.0268
20.764	0.026771875
20.766	0.026775
20.768	0.02679375
20.77	0.026809375
20.772	0.0268
20.773999999999997	0.026759375000000002
20.776	0.026687500000000003
20.778	0.026593750000000003
20.779999999999998	0.0264921875
20.782	0.0264
20.784	0.026340625000000003
20.785999999999998	0.026315625000000002
20.788	0.0263203125
20.79	0.0263515625
20.791999999999998	0.0264
20.794	0.026465625
20.796	0.026539062500000002
20.798	0.0266171875
20.8	0.0267046875
20.802	0.0268
20.804	0.0269015625
20.806	0.026996875
20.808	0.0270828125
20.81	0.0271515625
20.811999999999998	0.027200000000000002
20.814	0.0272171875
20.816	0.0272171875
20.817999999999998	0.027209375
20.82	0.027201562500000002
20.822	0.027200000000000002
20.823999999999998	0.027200000000000002
20.826	0.027203125
20.828	0.0272109375
20.83	0.0272125
20.832	0.027200000000000002
20.834	0.027159375000000003
20.836	0.027096875000000003
20.838	0.027012500000000002
20.84	0.026912500000000002
20.842	0.0268
20.844	0.026689062500000003
20.846	0.0265890625
20.848	0.026504687500000002
20.849999999999998	0.026442187500000002
20.852	0.0264
20.854	0.026390625
20.855999999999998	0.0263953125
20.858	0.026403125000000003
20.86	0.026407812500000002
20.862	0.0264
20.864	0.0263953125
20.866	0.026382812500000002
20.868	0.026373437500000003
20.87	0.026376562500000002
20.872	0.0264
20.874	0.0264578125
20.876	0.026534375000000002
20.878	0.026621875
20.88	0.0267140625
20.881999999999998	0.0268
20.884	0.026882812500000002
20.886	0.02695625
20.887999999999998	0.027028125
20.89	0.0271078125
20.892	0.027200000000000002
20.894	0.0273
20.896	0.0274046875
20.898	0.0274984375
20.9	0.0275671875
20.902	0.027600000000000003
20.904	0.027576562500000002
20.906	0.027514062500000002
20.908	0.027421875000000002
20.91	0.0273125
20.912	0.027200000000000002
20.914	0.0270921875
20.916	0.027001562500000003
20.918	0.026925
20.919999999999998	0.026859375
20.922	0.0268
20.924	0.026753125000000003
20.926	0.026721875000000003
20.928	0.0267171875
20.93	0.0267421875
20.932	0.0268
20.934	0.0268875
20.936	0.0269859375
20.938	0.02708125
20.94	0.02715625
20.942	0.027200000000000002
20.944	0.0272078125
20.946	0.027193750000000003
20.948	0.027175
20.95	0.027171875
20.951999999999998	0.027200000000000002
20.954	0.0272671875
20.956	0.0273609375
20.958	0.0274625
20.96	0.027548437500000002
20.962	0.027600000000000003
20.964	0.027596875
20.966	0.027543750000000002
20.968	0.027450000000000002
20.97	0.0273296875
20.972	0.027200000000000002
20.974	0.0270765625
20.976	0.026973437500000003
20.978	0.0268953125
20.98	0.0268390625
20.982	0.0268
20.984	0.026775
20.986	0.026759375000000002
20.988	0.026757812500000002
20.99	0.0267703125
20.992	0.0268
20.994	0.026840625
20.996	0.0268984375
20.998	0.026976562500000002
21.0	0.027078125
21.002	0.027200000000000002
21.004	0.0273140625
21.006	0.027421875000000002
21.008	0.027512500000000002
21.01	0.027573437500000002
21.012	0.027600000000000003
21.014	0.0275671875
21.016000000000002	0.027496875
21.018	0.0274046875
21.02	0.027303125
21.022	0.027200000000000002
21.024	0.027078125
21.026	0.026946875000000002
21.028	0.0267953125
21.03	0.026615625
21.032	0.0264
21.034	0.0261421875
21.036	0.025868750000000003
21.038	0.025603125
21.04	0.025373437500000002
21.042	0.0252
21.044	0.025096875
21.046	0.025059375000000002
21.048000000000002	0.025075
21.05	0.0251296875
21.052	0.0252
21.054000000000002	0.0252625
21.056	0.02529375
21.058	0.025290625
21.06	0.0252578125
21.062	0.0252
21.064	0.02513125
21.066	0.0250484375
21.068	0.024959375000000002
21.07	0.0248765625
21.072	0.024800000000000003
21.074	0.024739062500000002
21.076	0.024671875000000003
21.078	0.024596875
21.080000000000002	0.0245078125
21.082	0.0244
21.084	0.0242796875
21.086000000000002	0.02413125
21.088	0.0239625
21.09	0.02378125
21.092000000000002	0.0236
21.094	0.023440625
21.096	0.023309375
21.098	0.0232203125
21.1	0.023184375
21.102	0.023200000000000002
21.104	0.0232671875
21.106	0.023354687500000002
21.108	0.023450000000000002
21.11	0.0235359375
21.112000000000002	0.0236
21.114	0.023634375000000003
21.116	0.023637500000000002
21.118000000000002	0.023621875
21.12	0.023604687500000002
21.122	0.0236
21.124000000000002	0.023607812500000002
21.126	0.023621875
21.128	0.023634375000000003
21.13	0.023632812500000003
21.132	0.0236
21.134	0.0235234375
21.136	0.0233984375
21.138	0.023228125000000002
21.14	0.0230234375
21.142	0.0228
21.144000000000002	0.02258125
21.146	0.022379687500000002
21.148	0.0222109375
21.150000000000002	0.0220828125
21.152	0.022000000000000002
21.154	0.021968750000000002
21.156000000000002	0.021965625000000003
21.158	0.021978125
21.16	0.0219921875
21.162000000000003	0.022000000000000002
21.164	0.022003125000000002
21.166	0.02199375
21.168	0.0219796875
21.17	0.021978125
21.172	0.022000000000000002
21.174	0.022059375000000003
21.176000000000002	0.0221375
21.178	0.022228125
21.18	0.0223203125
21.182000000000002	0.0224
21.184	0.022459375
21.186	0.022484375
21.188000000000002	0.0224796875
21.19	0.0224484375
21.192	0.0224
21.194000000000003	0.0223375
21.196	0.0222640625
21.198	0.0221828125
21.2	0.022095312500000002
21.202	0.022000000000000002
21.204	0.021901562500000003
21.206	0.021806250000000003
21.208000000000002	0.021720312500000002
21.21	0.021650000000000003
21.212	0.0216
21.214000000000002	0.021571875
21.216	0.021562500000000002
21.218	0.0215671875
21.220000000000002	0.0215828125
21.222	0.0216
21.224	0.021617187500000003
21.226000000000003	0.021625000000000002
21.228	0.021623437500000002
21.23	0.0216140625
21.232000000000003	0.0216
21.234	0.021589062500000002
21.236	0.021578125
21.238	0.021575
21.240000000000002	0.02158125
21.242	0.0216
21.244	0.02163125
21.246000000000002	0.021654687500000002
21.248	0.0216640625
21.25	0.021646875
21.252	0.0216
21.254	0.0215328125
21.256	0.0214453125
21.258	0.021353125
21.26	0.0212671875
21.262	0.0212
21.264	0.021176562500000003
21.266	0.021176562500000003
21.268	0.0211890625
21.27	0.0212015625
21.272	0.0212
21.273999999999997	0.0212
21.276	0.021190625
21.278	0.021179687500000002
21.279999999999998	0.021179687500000002
21.282	0.0212
21.284	0.021259375
21.285999999999998	0.021340625000000002
21.287999999999997	0.021432812500000002
21.29	0.021521875
21.291999999999998	0.0216
21.293999999999997	0.021665625
21.296	0.0217234375
21.298	0.0217890625
21.299999999999997	0.021878125000000002
21.302	0.022000000000000002
21.304	0.02215
21.305999999999997	0.0223203125
21.307999999999996	0.022500000000000003
21.31	0.022665625000000002
21.311999999999998	0.0228
21.313999999999997	0.022871875
21.316	0.022896875
21.317999999999998	0.022885937500000002
21.319999999999997	0.022850000000000002
21.322	0.0228
21.323999999999998	0.0227328125
21.325999999999997	0.022665625000000002
21.328	0.022593750000000003
21.33	0.022509375
21.331999999999997	0.0224
21.334	0.0222640625
21.336	0.0221078125
21.337999999999997	0.021939062500000002
21.34	0.0217671875
21.342	0.0216
21.343999999999998	0.021465625000000002
21.345999999999997	0.0213578125
21.348	0.021278125000000002
21.349999999999998	0.0212265625
21.351999999999997	0.0212
21.354	0.0212171875
21.355999999999998	0.0212640625
21.357999999999997	0.021342187500000002
21.36	0.02145625
21.362	0.0216
21.363999999999997	0.021778125000000002
21.366	0.0219609375
21.368	0.0221328125
21.369999999999997	0.022281250000000002
21.372	0.0224
21.374	0.022490625
21.375999999999998	0.0225578125
21.377999999999997	0.022621875
21.38	0.0227
21.381999999999998	0.0228
21.383999999999997	0.022917187500000002
21.386	0.023037500000000002
21.387999999999998	0.0231421875
21.389999999999997	0.023203125
21.392	0.023200000000000002
21.394	0.0231171875
21.395999999999997	0.022975000000000002
21.398	0.0227921875
21.4	0.0225921875
21.401999999999997	0.0224
21.404	0.0222421875
21.406	0.022129687500000002
21.407999999999998	0.022060937500000002
21.41	0.022021875
21.412	0.022000000000000002
21.413999999999998	0.02199375
21.415999999999997	0.0219890625
21.418	0.0219875
21.419999999999998	0.0219890625
21.421999999999997	0.022000000000000002
21.424	0.0220375
21.426	0.022093750000000002
21.427999999999997	0.0221734375
21.43	0.0222765625
21.432	0.0224
21.433999999999997	0.0225453125
21.436	0.0227015625
21.438	0.0228671875
21.439999999999998	0.023034375000000003
21.442	0.023200000000000002
21.444	0.0233421875
21.445999999999998	0.0234578125
21.448	0.023542187500000002
21.45	0.0235890625
21.451999999999998	0.0236
21.453999999999997	0.02355625
21.456	0.023484375000000002
21.458	0.0233953125
21.459999999999997	0.023296875
21.462	0.023200000000000002
21.464	0.0230921875
21.465999999999998	0.022996875
21.468	0.02291875
21.47	0.022854687500000002
21.471999999999998	0.0228
21.474	0.02273125
21.476	0.022659375000000002
21.477999999999998	0.02258125
21.48	0.0224953125
21.482	0.0224
21.483999999999998	0.0222921875
21.485999999999997	0.022187500000000002
21.488	0.022096875000000002
21.49	0.022034375000000002
21.491999999999997	0.022000000000000002
21.494	0.02199375
21.496	0.022001562500000002
21.497999999999998	0.0220125
21.5	0.022015625
21.502	0.022000000000000002
21.503999999999998	0.0219609375
21.506	0.021890625
21.508	0.0217984375
21.509999999999998	0.0216984375
21.512	0.0216
21.514	0.021515625
21.516	0.0214375
21.518	0.0213609375
21.52	0.021284375
21.522	0.0212
21.523999999999997	0.0211125
21.526	0.0210171875
21.528	0.020926562500000002
21.529999999999998	0.02085
21.532	0.020800000000000003
21.534	0.0207796875
21.535999999999998	0.0207765625
21.538	0.0207828125
21.54	0.02079375
21.541999999999998	0.020800000000000003
21.544	0.020798437500000003
21.546	0.0207890625
21.548	0.0207796875
21.55	0.02078125
21.552	0.020800000000000003
21.554	0.020831250000000003
21.555999999999997	0.0208609375
21.558	0.020875
21.56	0.0208578125
21.561999999999998	0.020800000000000003
21.564	0.02069375
21.566	0.0205421875
21.567999999999998	0.020364062500000002
21.57	0.020176562500000002
21.572	0.02
21.573999999999998	0.019854687500000003
21.576	0.0197421875
21.578	0.0196640625
21.58	0.0196203125
21.582	0.0196
21.584	0.0196
21.586	0.019601562500000003
21.588	0.019603125000000002
21.59	0.019603125000000002
21.592	0.0196
21.593999999999998	0.0195984375
21.596	0.01959375
21.598	0.019590625
21.599999999999998	0.0195921875
21.602	0.0196
21.604	0.019615625
21.605999999999998	0.0196265625
21.608	0.0196296875
21.61	0.0196234375
21.612	0.0196
21.614	0.0195609375
21.616	0.0194953125
21.618	0.019409375
21.62	0.019309375
21.622	0.019200000000000002
21.624	0.0190953125
21.626	0.018996875
21.628	0.018912500000000002
21.63	0.018846875000000003
21.631999999999998	0.0188
21.634	0.018775
21.636	0.0187640625
21.637999999999998	0.0187671875
21.64	0.0187796875
21.642	0.0188
21.644	0.0188140625
21.646	0.018820312500000002
21.648	0.018817187500000002
21.65	0.018809375
21.652	0.0188
21.654	0.018782812500000003
21.656	0.018765625
21.658	0.018759375000000002
21.66	0.018771875
21.662	0.0188
21.663999999999998	0.01883125
21.666	0.01885625
21.668	0.018865625
21.669999999999998	0.018850000000000002
21.672	0.0188
21.674	0.0187015625
21.676	0.0185609375
21.678	0.018390625
21.68	0.0181984375
21.682	0.018000000000000002
21.684	0.017807812500000002
21.686	0.017628125
21.688	0.017465625000000002
21.69	0.0173234375
21.692	0.0172
21.694	0.0171046875
21.696	0.01701875
21.698	0.0169390625
21.7	0.016865625000000002
21.701999999999998	0.016800000000000002
21.704	0.0167609375
21.706	0.0167359375
21.708	0.0167296875
21.71	0.01675
21.712	0.016800000000000002
21.714	0.016890625
21.716	0.016989062500000002
21.718	0.01708125
21.72	0.0171546875
21.722	0.0172
21.724	0.01723125
21.726	0.0172328125
21.728	0.0172203125
21.73	0.01720625
21.732	0.0172
21.733999999999998	0.0172234375
21.736	0.01725
21.738	0.017265625
21.74	0.017253125
21.742	0.0172
21.744	0.017121875
21.746	0.017020312500000002
21.748	0.01691875
21.75	0.0168390625
21.752	0.016800000000000002
21.754	0.0168203125
21.756	0.0168859375
21.758	0.0169859375
21.76	0.017096875
21.762	0.0172
21.764	0.0172828125
21.766000000000002	0.01735
21.768	0.0174140625
21.77	0.017492187500000003
21.772	0.0176
21.774	0.01773125
21.776	0.017890625
21.778	0.0180671875
21.78	0.01824375
21.782	0.0184
21.784	0.0184984375
21.786	0.0185453125
21.788	0.0185421875
21.79	0.0184921875
21.792	0.0184
21.794	0.018259375
21.796	0.0181
21.798000000000002	0.017932812500000003
21.8	0.017765625
21.802	0.0176
21.804	0.017429687500000002
21.806	0.0172671875
21.808	0.017109375
21.81	0.016953125
21.812	0.016800000000000002
21.814	0.0166578125
21.816	0.0165359375
21.818	0.0164453125
21.82	0.0163984375
21.822	0.0164
21.824	0.016457812500000002
21.826	0.01654375
21.828	0.016642187500000002
21.830000000000002	0.0167328125
21.832	0.016800000000000002
21.834	0.01684375
21.836000000000002	0.0168515625
21.838	0.016835937500000002
21.84	0.0168140625
21.842	0.016800000000000002
21.844	0.016809375
21.846	0.0168234375
21.848	0.016834375000000002
21.85	0.0168296875
21.852	0.016800000000000002
21.854	0.0167453125
21.856	0.0166625
21.858	0.0165671875
21.86	0.016475
21.862000000000002	0.0164
21.864	0.0163546875
21.866	0.0163375
21.868000000000002	0.016346875
21.87	0.0163703125
21.872	0.0164
21.874000000000002	0.016423437500000002
21.876	0.0164328125
21.878	0.01643125
21.88	0.01641875
21.882	0.0164
21.884	0.0163828125
21.886	0.0163703125
21.888	0.01636875
21.89	0.016378125
21.892	0.0164
21.894000000000002	0.016434375
21.896	0.0164609375
21.898	0.0164703125
21.900000000000002	0.0164515625
21.902	0.0164
21.904	0.016331250000000002
21.906000000000002	0.01624375
21.908	0.0161515625
21.91	0.016065625
21.912	0.016
21.914	0.0159796875
21.916	0.015984375000000002
21.918	0.0159984375
21.92	0.0160078125
21.922	0.016
21.924	0.0159875
21.926000000000002	0.015965625
21.928	0.0159484375
21.93	0.015954687500000002
21.932000000000002	0.016
21.934	0.0161015625
21.936	0.016246875
21.938000000000002	0.016421875000000002
21.94	0.016610937500000002
21.942	0.016800000000000002
21.944000000000003	0.0169734375
21.946	0.0171328125
21.948	0.017284375
21.95	0.0174390625
21.952	0.0176
21.954	0.017746875000000002
21.956	0.0178796875
21.958000000000002	0.017978125
21.96	0.0180234375
21.962	0.018000000000000002
21.964000000000002	0.017890625
21.966	0.0177296875
21.968	0.0175453125
21.970000000000002	0.0173609375
21.972	0.0172
21.974	0.0170734375
21.976000000000003	0.0169875
21.978	0.016926562500000002
21.98	0.0168703125
21.982	0.016800000000000002
21.984	0.016709375000000002
21.986	0.0166078125
21.988	0.016509375
21.990000000000002	0.0164359375
21.992	0.0164
21.994	0.0164203125
21.996000000000002	0.016485937500000002
21.998	0.016582812500000002
22.0	0.0166921875
22.002000000000002	0.016800000000000002
22.004	0.016896875000000002
22.006	0.0169734375
22.008000000000003	0.017040625
22.01	0.017114062500000003
22.012	0.0172
22.014	0.017304687500000002
22.016000000000002	0.0174109375
22.018	0.01750625
22.02	0.017575
22.022000000000002	0.0176
22.024	0.017578125
22.026	0.0175125
22.028	0.01741875
22.03	0.017309375000000002
22.032	0.0172
22.034	0.01710625
22.036	0.017028125
22.038	0.016957812500000002
22.04	0.016884375
22.041999999999998	0.016800000000000002
22.044	0.016710937500000002
22.046	0.016617187500000002
22.048	0.0165265625
22.049999999999997	0.01645
22.052	0.0164
22.054	0.0163984375
22.055999999999997	0.0164390625
22.058	0.016525
22.06	0.016646875000000002
22.061999999999998	0.016800000000000002
22.063999999999997	0.0169703125
22.066	0.0171421875
22.067999999999998	0.017307812500000002
22.069999999999997	0.017462500000000002
22.072	0.0176
22.073999999999998	0.0177078125
22.075999999999997	0.01779375
22.078	0.01786875
22.08	0.017935937500000002
22.081999999999997	0.018000000000000002
22.084	0.0180421875
22.086	0.0180703125
22.087999999999997	0.0180796875
22.089999999999996	0.018059375000000003
22.092	0.018000000000000002
22.093999999999998	0.0178890625
22.095999999999997	0.017745312500000002
22.098	0.0175765625
22.099999999999998	0.0173921875
22.101999999999997	0.0172
22.104	0.0170140625
22.105999999999998	0.0168421875
22.107999999999997	0.016684375
22.11	0.0165390625
22.112	0.0164
22.113999999999997	0.016278125
22.116	0.016171875000000002
22.118	0.016084375
22.119999999999997	0.016025
22.122	0.016
22.124	0.0160203125
22.125999999999998	0.016071875
22.127999999999997	0.0161546875
22.13	0.016265625000000002
22.131999999999998	0.0164
22.133999999999997	0.016551562500000002
22.136	0.016706250000000002
22.137999999999998	0.016865625000000002
22.139999999999997	0.01703125
22.142	0.0172
22.144	0.0173453125
22.145999999999997	0.017462500000000002
22.148	0.01755
22.15	0.017596875
22.151999999999997	0.0176
22.154	0.017529687500000002
22.156	0.017404687500000002
22.157999999999998	0.0172359375
22.159999999999997	0.01703125
22.162	0.016800000000000002
22.163999999999998	0.01654375
22.165999999999997	0.0162859375
22.168	0.0160390625
22.169999999999998	0.0158109375
22.171999999999997	0.015600000000000001
22.174	0.0154125
22.176	0.01524375
22.177999999999997	0.0150875
22.18	0.014940625
22.182	0.0148
22.183999999999997	0.0146796875
22.186	0.0145703125
22.188	0.014481250000000001
22.189999999999998	0.014421875
22.192	0.014400000000000001
22.194	0.0144375
22.195999999999998	0.0145015625
22.197999999999997	0.014589062500000001
22.2	0.0146921875
22.201999999999998	0.0148
22.203999999999997	0.014920312500000001
22.206	0.01501875
22.208	0.015096875000000001
22.209999999999997	0.015156250000000001
22.212	0.0152
22.214	0.015239062500000001
22.215999999999998	0.0152578125
22.218	0.0152578125
22.22	0.015239062500000001
22.221999999999998	0.0152
22.224	0.0151453125
22.226	0.015071875
22.227999999999998	0.0149875
22.23	0.0148953125
22.232	0.0148
22.233999999999998	0.0147078125
22.235999999999997	0.014620312500000001
22.238	0.0145390625
22.24	0.014465625000000001
22.241999999999997	0.014400000000000001
22.244	0.014346875
22.246	0.014315625
22.247999999999998	0.0143109375
22.25	0.014339062500000001
22.252	0.014400000000000001
22.253999999999998	0.014484375
22.256	0.0145796875
22.258	0.014671875000000001
22.259999999999998	0.014748437500000001
22.262	0.0148
22.264	0.014821875
22.266	0.0148203125
22.267999999999997	0.01480625
22.27	0.014796875000000001
22.272	0.0148
22.273999999999997	0.01481875
22.276	0.014843750000000001
22.278	0.014859375000000001
22.279999999999998	0.01485
22.282	0.0148
22.284	0.014701562500000001
22.285999999999998	0.014557812500000001
22.288	0.01438125
22.29	0.0141890625
22.291999999999998	0.014
22.294	0.0138421875
22.296	0.0137203125
22.298	0.013640625
22.3	0.0136015625
22.302	0.013600000000000001
22.304	0.013640625
22.305999999999997	0.013706250000000001
22.308	0.013790625
22.31	0.013890625
22.311999999999998	0.014
22.314	0.014115625000000001
22.316	0.01421875
22.317999999999998	0.014303125
22.32	0.0143640625
22.322	0.014400000000000001
22.323999999999998	0.014414062500000002
22.326	0.0144109375
22.328	0.014400000000000001
22.33	0.0143953125
22.332	0.014400000000000001
22.334	0.014421875
22.336	0.014445312500000002
22.337999999999997	0.0144578125
22.34	0.014445312500000002
22.342	0.014400000000000001
22.343999999999998	0.0143296875
22.346	0.0142390625
22.348	0.0141453125
22.349999999999998	0.0140625
22.352	0.014
22.354	0.0139796875
22.355999999999998	0.013984375
22.358	0.0140015625
22.36	0.0140109375
22.362	0.014
22.364	0.0139828125
22.366	0.01395625
22.368	0.0139375
22.37	0.013946875000000001
22.372	0.014
22.374	0.014118750000000001
22.375999999999998	0.014278125000000001
22.378	0.0144609375
22.38	0.0146421875
22.381999999999998	0.0148
22.384	0.01493125
22.386	0.015025
22.387999999999998	0.015093750000000001
22.39	0.015146875
22.392	0.0152
22.394	0.015265625000000001
22.396	0.015346875000000001
22.398	0.015437500000000002
22.4	0.0155265625
22.402	0.015600000000000001
22.404	0.0156421875
22.406	0.015659375
22.408	0.015653125
22.41	0.01563125
22.412	0.015600000000000001
22.413999999999998	0.0155609375
22.416	0.015537500000000001
22.418	0.015534375000000001
22.419999999999998	0.0155546875
22.422	0.015600000000000001
22.424	0.0156578125
22.426	0.015734375000000002
22.428	0.015823437500000002
22.43	0.0159171875
22.432	0.016
22.434	0.0160578125
22.436	0.016090625
22.438	0.01609375
22.44	0.0160625
22.442	0.016
22.444	0.0159109375
22.445999999999998	0.015815625
22.448	0.015725
22.45	0.01565
22.451999999999998	0.015600000000000001
22.454	0.015579687500000002
22.456	0.015581250000000001
22.458	0.0155921875
22.46	0.0156015625
22.462	0.015600000000000001
22.464	0.0155890625
22.466	0.015571875
22.468	0.015559375
22.47	0.015565625000000001
22.472	0.015600000000000001
22.474	0.015659375
22.476	0.015740625
22.478	0.015834375
22.48	0.015925
22.482	0.016
22.483999999999998	0.0160375
22.486	0.016045312500000002
22.488	0.016034375
22.49	0.016015625000000002
22.492	0.016
22.494	0.0159890625
22.496	0.0159890625
22.498	0.0159953125
22.5	0.016003125
22.502	0.016
22.504	0.0159703125
22.506	0.015915625
22.508	0.0158359375
22.51	0.015729687500000002
22.512	0.015600000000000001
22.514	0.015457812500000001
22.516	0.015303125
22.518	0.015140625000000001
22.52	0.014970312500000001
22.522	0.0148
22.524	0.014656250000000001
22.526	0.0145375
22.528	0.014450000000000001
22.53	0.014403125000000001
22.532	0.014400000000000001
22.534	0.0144546875
22.536	0.014534375
22.538	0.0146265625
22.54	0.014717187500000001
22.542	0.0148
22.544	0.014875000000000001
22.546	0.014939062500000001
22.548000000000002	0.0150046875
22.55	0.0150875
22.552	0.0152
22.554	0.0153390625
22.556	0.0154984375
22.558	0.015671875000000002
22.56	0.0158453125
22.562	0.016
22.564	0.0161
22.566	0.016146875
22.568	0.016143750000000002
22.57	0.0160921875
22.572	0.016
22.574	0.015854687500000002
22.576	0.0156921875
22.578	0.015525
22.580000000000002	0.015359375000000001
22.582	0.0152
22.584	0.0150390625
22.586	0.0148859375
22.588	0.014732812500000001
22.59	0.014571875000000001
22.592	0.014400000000000001
22.594	0.0142234375
22.596	0.0140421875
22.598	0.013871875
22.6	0.0137203125
22.602	0.013600000000000001
22.604	0.013540625
22.606	0.013518750000000001
22.608	0.0135265625
22.61	0.01355625
22.612000000000002	0.013600000000000001
22.614	0.013676562500000001
22.616	0.0137515625
22.618000000000002	0.013828125
22.62	0.013909375
22.622	0.014
22.624	0.014115625000000001
22.626	0.014221875
22.628	0.0143109375
22.63	0.014371875000000001
22.632	0.014400000000000001
22.634	0.014409375
22.636	0.014398437500000002
22.638	0.014382812500000001
22.64	0.0143796875
22.642	0.014400000000000001
22.644000000000002	0.014459375
22.646	0.014543750000000001
22.648	0.014640625
22.650000000000002	0.014731250000000001
22.652	0.0148
22.654	0.0148328125
22.656000000000002	0.014839062500000002
22.658	0.014828125000000001
22.66	0.014812500000000001
22.662	0.0148
22.664	0.014790625
22.666	0.014792187500000002
22.668	0.0148
22.67	0.0148046875
22.672	0.0148
22.674	0.014781250000000001
22.676000000000002	0.014760937500000001
22.678	0.014750000000000001
22.68	0.014759375
22.682000000000002	0.0148
22.684	0.014871875000000001
22.686	0.014965625000000001
22.688000000000002	0.015065625000000001
22.69	0.01515
22.692	0.0152
22.694	0.015206250000000001
22.696	0.0151640625
22.698	0.015075
22.7	0.014950000000000001
22.702	0.0148
22.704	0.0146625
22.706	0.014543750000000001
22.708000000000002	0.01445625
22.71	0.0144078125
22.712	0.014400000000000001
22.714000000000002	0.0144515625
22.716	0.01453125
22.718	0.014625
22.720000000000002	0.014718750000000001
22.722	0.0148
22.724	0.014878125
22.726000000000003	0.0149453125
22.728	0.015014062500000001
22.73	0.015095312500000001
22.732	0.0152
22.734	0.015334375
22.736	0.0154921875
22.738	0.0156640625
22.740000000000002	0.0158390625
22.742	0.016
22.744	0.01613125
22.746000000000002	0.01623125
22.748	0.01630625
22.75	0.016360937500000002
22.752000000000002	0.0164
22.754	0.0164171875
22.756	0.0164296875
22.758000000000003	0.016434375
22.76	0.016426562500000002
22.762	0.0164
22.764	0.01634375
22.766000000000002	0.0162734375
22.768	0.016190625
22.77	0.0160984375
22.772000000000002	0.016
22.774	0.0159015625
22.776	0.0158109375
22.778000000000002	0.015731250000000002
22.78	0.0156609375
22.782	0.015600000000000001
22.784000000000002	0.0155578125
22.786	0.015534375000000001
22.788	0.015534375000000001
22.79	0.01555625
22.792	0.015600000000000001
22.794	0.0156765625
22.796	0.015764062500000002
22.798000000000002	0.0158515625
22.8	0.01593125
22.802	0.016
22.804	0.016071875
22.806	0.016139062500000002
22.808	0.0162109375
22.81	0.016296875000000002
22.812	0.0164
22.814	0.016525
22.816	0.016646875000000002
22.817999999999998	0.016746875
22.82	0.016801562500000002
22.822	0.016800000000000002
22.823999999999998	0.0167484375
22.825999999999997	0.016659375
22.828	0.0165546875
22.83	0.0164609375
22.831999999999997	0.0164
22.834	0.016395312500000002
22.836	0.016446875
22.837999999999997	0.0165453125
22.839999999999996	0.0166703125
22.842	0.016800000000000002
22.843999999999998	0.01691875
22.845999999999997	0.0170171875
22.848	0.0170953125
22.849999999999998	0.017153125
22.851999999999997	0.0172
22.854	0.017243750000000002
22.855999999999998	0.0173015625
22.857999999999997	0.0173796875
22.86	0.01748125
22.862	0.0176
22.863999999999997	0.017725
22.866	0.017842187500000002
22.868	0.017937500000000002
22.869999999999997	0.01799375
22.871999999999996	0.018000000000000002
22.874	0.017953125
22.875999999999998	0.017871875000000002
22.877999999999997	0.017775
22.88	0.017678125
22.881999999999998	0.0176
22.883999999999997	0.017556250000000002
22.886	0.017546875
22.887999999999998	0.0175625
22.889999999999997	0.0175859375
22.892	0.0176
22.894	0.0176046875
22.895999999999997	0.0176
22.898	0.017589062500000002
22.9	0.0175859375
22.901999999999997	0.0176
22.904	0.017646875
22.906	0.017718750000000002
22.907999999999998	0.017809375000000002
22.909999999999997	0.017906250000000002
22.912	0.018000000000000002
22.913999999999998	0.0180890625
22.915999999999997	0.0181703125
22.918	0.0182453125
22.919999999999998	0.0183203125
22.921999999999997	0.0184
22.924	0.018490625
22.926	0.0185859375
22.927999999999997	0.018675
22.93	0.0187484375
22.932	0.0188
22.933999999999997	0.0188234375
22.936	0.0188265625
22.938	0.018820312500000002
22.939999999999998	0.018809375
22.941999999999997	0.0188
22.944	0.0187921875
22.945999999999998	0.01879375
22.947999999999997	0.0187984375
22.95	0.018803125
22.951999999999998	0.0188
22.953999999999997	0.01878125
22.956	0.0187625
22.958	0.018754687500000002
22.959999999999997	0.0187640625
22.962	0.0188
22.964	0.01885625
22.965999999999998	0.0189328125
22.968	0.019025
22.97	0.01911875
22.971999999999998	0.019200000000000002
22.974	0.01925
22.976	0.0192703125
22.977999999999998	0.0192671875
22.979999999999997	0.0192421875
22.982	0.019200000000000002
22.983999999999998	0.01914375
22.985999999999997	0.0190765625
22.988	0.018996875
22.99	0.0189046875
22.991999999999997	0.0188
22.994	0.018696875
22.996	0.018596875000000002
22.997999999999998	0.018509375
23.0	0.018443750000000002
23.002	0.0184
23.003999999999998	0.01839375
23.006	0.018403125
23.008	0.018415625
23.009999999999998	0.0184171875
23.012	0.0184
23.014	0.018384375
23.016	0.0183609375
23.017999999999997	0.018346875000000002
23.02	0.0183546875
23.022	0.0184
23.023999999999997	0.018509375
23.026	0.018657812500000003
23.028	0.018834375
23.029999999999998	0.0190203125
23.032	0.019200000000000002
23.034	0.0193671875
23.035999999999998	0.01949375
23.038	0.019575000000000002
23.04	0.019607812500000002
23.041999999999998	0.0196
23.044	0.019573437500000002
23.046	0.019545312500000002
23.048	0.0195328125
23.049999999999997	0.01955
23.052	0.0196
23.054	0.0196859375
23.055999999999997	0.0197890625
23.058	0.019890625000000002
23.06	0.019965625
23.061999999999998	0.02
23.064	0.0199921875
23.066	0.0199625
23.067999999999998	0.0199375
23.07	0.01994375
23.072	0.02
23.073999999999998	0.020112500000000002
23.076	0.0202765625
23.078	0.0204671875
23.08	0.0206515625
23.082	0.020800000000000003
23.084	0.0208890625
23.086	0.020921875
23.087999999999997	0.0209046875
23.09	0.0208578125
23.092	0.020800000000000003
23.093999999999998	0.0207609375
23.096	0.020746875
23.098	0.02075625
23.099999999999998	0.020778125
23.102	0.020800000000000003
23.104	0.020832812500000002
23.105999999999998	0.02085625
23.108	0.0208609375
23.11	0.0208421875
23.112	0.020800000000000003
23.114	0.020771875000000002
23.116	0.0207515625
23.118	0.020743750000000002
23.119999999999997	0.0207578125
23.122	0.020800000000000003
23.124	0.020896875000000002
23.125999999999998	0.021034375
23.128	0.021203125
23.13	0.02139375
23.131999999999998	0.0216
23.134	0.0218265625
23.136	0.022059375000000003
23.137999999999998	0.0223
23.14	0.022546875
23.142	0.0228
23.144	0.023053125
23.146	0.02330625
23.148	0.02355625
23.15	0.023790625000000003
23.152	0.024
23.154	0.0241578125
23.156	0.0242796875
23.157999999999998	0.024362500000000002
23.16	0.024403125
23.162	0.0244
23.163999999999998	0.0243421875
23.166	0.024267187500000002
23.168	0.0241828125
23.169999999999998	0.0240921875
23.172	0.024
23.174	0.0239015625
23.176	0.02381875
23.178	0.02374375
23.18	0.023673437500000002
23.182	0.0236
23.184	0.0235359375
23.186	0.02349375
23.188	0.0234859375
23.189999999999998	0.0235203125
23.192	0.0236
23.194	0.023731250000000002
23.195999999999998	0.023896875
23.198	0.024076562500000002
23.2	0.02425
23.201999999999998	0.0244
23.204	0.024528125
23.206	0.0246234375
23.208	0.0246921875
23.21	0.0247484375
23.212	0.024800000000000003
23.214	0.024870312500000002
23.216	0.024953125
23.218	0.0250421875
23.22	0.025128125
23.222	0.0252
23.224	0.0252546875
23.226	0.025284375
23.227999999999998	0.025284375
23.23	0.0252546875
23.232	0.0252
23.233999999999998	0.0251390625
23.236	0.0250953125
23.238	0.025084375000000003
23.24	0.025117187500000002
23.242	0.0252
23.244	0.0253234375
23.246	0.025484375
23.248	0.0256640625
23.25	0.025842187500000002
23.252	0.026000000000000002
23.254	0.0261109375
23.256	0.026193750000000002
23.258	0.026259375
23.26	0.026325
23.262	0.0264
23.264	0.026473437500000002
23.266	0.026560937500000003
23.268	0.026656250000000003
23.27	0.026740625
23.272	0.0268
23.274	0.0268046875
23.276	0.0267640625
23.278	0.026678125
23.28	0.0265546875
23.282	0.0264
23.284	0.0262265625
23.286	0.0260515625
23.288	0.0258875
23.29	0.0257359375
23.292	0.0256
23.294	0.0254875
23.296	0.0253953125
23.298	0.02531875
23.3	0.0252546875
23.302	0.0252
23.304	0.0251671875
23.306	0.025145312500000003
23.308	0.0251390625
23.31	0.0251546875
23.312	0.0252
23.314	0.0252921875
23.316	0.0254203125
23.318	0.0255828125
23.32	0.025779687500000002
23.322	0.026000000000000002
23.324	0.0262328125
23.326	0.026446875
23.328	0.026621875
23.330000000000002	0.02674375
23.332	0.0268
23.334	0.026792187500000002
23.336	0.0267296875
23.338	0.026631250000000002
23.34	0.026515625
23.342	0.0264
23.344	0.026303125
23.346	0.026225000000000002
23.348	0.026156250000000002
23.35	0.0260859375
23.352	0.026000000000000002
23.354	0.0259109375
23.356	0.0258171875
23.358	0.0257265625
23.36	0.025650000000000003
23.362000000000002	0.0256
23.364	0.0256
23.366	0.025646875
23.368	0.025734375
23.37	0.02585625
23.372	0.026000000000000002
23.374	0.026160937500000002
23.376	0.026321875
23.378	0.0264828125
23.38	0.0266421875
23.382	0.0268
23.384	0.026953125
23.386	0.027106250000000002
23.388	0.027262500000000002
23.39	0.0274296875
23.392	0.027600000000000003
23.394000000000002	0.027746875
23.396	0.0278734375
23.398	0.027965625
23.400000000000002	0.028010937500000003
23.402	0.028
23.404	0.0279078125
23.406	0.027768750000000002
23.408	0.0275953125
23.41	0.0274
23.412	0.027200000000000002
23.414	0.027004687500000003
23.416	0.02683125
23.418	0.026678125
23.42	0.026535937500000002
23.422	0.0264
23.424	0.026284375000000002
23.426000000000002	0.026182812500000003
23.428	0.026098437500000002
23.43	0.026035937500000002
23.432000000000002	0.026000000000000002
23.434	0.0260234375
23.436	0.02608125
23.438000000000002	0.02616875
23.44	0.0262765625
23.442	0.0264
23.444	0.0265546875
23.446	0.0267109375
23.448	0.0268703125
23.45	0.027034375000000003
23.452	0.027200000000000002
23.454	0.027375
23.456	0.027546875000000002
23.458000000000002	0.027709375
23.46	0.027860937500000002
23.462	0.028
23.464000000000002	0.028107812500000003
23.466	0.028200000000000003
23.468	0.0282765625
23.470000000000002	0.0283421875
23.472	0.0284
23.474	0.028423437500000003
23.476	0.0284375
23.478	0.028440625
23.48	0.028429687500000002
23.482	0.0284
23.484	0.028326562500000003
23.486	0.0282453125
23.488	0.028159375
23.490000000000002	0.028076562500000003
23.492	0.028
23.494	0.0279140625
23.496000000000002	0.0278375
23.498	0.027764062500000002
23.5	0.0276859375
23.502000000000002	0.027600000000000003
23.504	0.027506250000000003
23.506	0.027412500000000003
23.508000000000003	0.027325000000000002
23.51	0.0272515625
23.512	0.027200000000000002
23.514	0.02718125
23.516000000000002	0.02718125
23.518	0.0271890625
23.52	0.027198437500000002
23.522000000000002	0.027200000000000002
23.524	0.027203125
23.526	0.027198437500000002
23.528000000000002	0.0271875
23.53	0.0271859375
23.532	0.027200000000000002
23.534000000000002	0.0272453125
23.536	0.0273109375
23.538	0.0273953125
23.540000000000003	0.02749375
23.542	0.027600000000000003
23.544	0.027703125000000002
23.546	0.027795312500000002
23.548000000000002	0.0278765625
23.55	0.0279453125
23.552	0.028
23.554000000000002	0.0280328125
23.556	0.028050000000000002
23.558	0.028051562500000002
23.560000000000002	0.028034375
23.562	0.028
23.564	0.02794375
23.566	0.027875
23.568	0.027793750000000002
23.57	0.027701562500000002
23.572	0.027600000000000003
23.574	0.0275046875
23.576	0.027415625000000002
23.578	0.027334375
23.58	0.027260937500000002
23.582	0.027200000000000002
23.584	0.027168750000000002
23.586	0.0271546875
23.588	0.02715625
23.59	0.027171875
23.592	0.027200000000000002
23.593999999999998	0.027254687500000003
23.596	0.027321875000000002
23.598	0.0274015625
23.599999999999998	0.02749375
23.601999999999997	0.027600000000000003
23.604	0.027725
23.605999999999998	0.0278671875
23.607999999999997	0.0280265625
23.61	0.028204687500000002
23.612	0.0284
23.613999999999997	0.028587500000000002
23.616	0.028770312500000002
23.618	0.0289390625
23.619999999999997	0.029084375000000003
23.621999999999996	0.0292
23.624	0.029253125
23.625999999999998	0.029271875000000003
23.627999999999997	0.029265625
23.63	0.029239062500000003
23.631999999999998	0.0292
23.633999999999997	0.0291265625
23.636	0.029053125000000003
23.637999999999998	0.0289765625
23.639999999999997	0.028893750000000003
23.642	0.028800000000000003
23.644	0.028670312500000003
23.645999999999997	0.0285265625
23.648	0.028365625000000002
23.65	0.0281890625
23.651999999999997	0.028
23.653999999999996	0.027803125
23.656	0.0276171875
23.657999999999998	0.027448437500000002
23.659999999999997	0.0273078125
23.662	0.027200000000000002
23.663999999999998	0.02714375
23.665999999999997	0.027121875
23.668	0.027128125000000003
23.669999999999998	0.02715625
23.671999999999997	0.027200000000000002
23.674	0.0272734375
23.676	0.027350000000000003
23.677999999999997	0.0274296875
23.68	0.027510937500000002
23.682	0.027600000000000003
23.683999999999997	0.027700000000000002
23.686	0.027793750000000002
23.688	0.0278765625
23.689999999999998	0.027946875000000003
23.691999999999997	0.028
23.694	0.02803125
23.695999999999998	0.028040625000000003
23.697999999999997	0.0280328125
23.7	0.028017187500000002
23.701999999999998	0.028
23.703999999999997	0.027979687500000003
23.706	0.02796875
23.708	0.02796875
23.709999999999997	0.027979687500000003
23.712	0.028
23.714	0.028014062500000003
23.715999999999998	0.0280265625
23.718	0.0280328125
23.72	0.028025
23.721999999999998	0.028
23.723999999999997	0.02794375
23.726	0.027871875
23.727999999999998	0.0277875
23.729999999999997	0.027695312500000003
23.732	0.027600000000000003
23.733999999999998	0.027507812500000003
23.735999999999997	0.0274234375
23.738	0.02734375
23.74	0.0272671875
23.741999999999997	0.027200000000000002
23.744	0.0271515625
23.746	0.0271203125
23.747999999999998	0.027115625
23.75	0.027140625
23.752	0.027200000000000002
23.753999999999998	0.027290625000000002
23.756	0.0273921875
23.758	0.0274859375
23.759999999999998	0.0275578125
23.761999999999997	0.027600000000000003
23.764	0.027601562500000003
23.766	0.02758125
23.767999999999997	0.027559375
23.77	0.027559375
23.772	0.027600000000000003
23.773999999999997	0.027671875000000002
23.776	0.0277703125
23.778	0.0278734375
23.779999999999998	0.027956250000000002
23.782	0.028
23.784	0.027978125000000003
23.785999999999998	0.027909375
23.788	0.027809375
23.79	0.027700000000000002
23.791999999999998	0.027600000000000003
23.794	0.027512500000000002
23.796	0.027445312500000003
23.798	0.027382812500000003
23.799999999999997	0.02730625
23.802	0.027200000000000002
23.804	0.027059375
23.805999999999997	0.026890625
23.808	0.0267109375
23.81	0.026540625
23.811999999999998	0.0264
23.814	0.026317187500000002
23.816	0.026284375000000002
23.817999999999998	0.02629375
23.82	0.0263359375
23.822	0.0264
23.823999999999998	0.0264796875
23.826	0.02655625
23.828	0.026632812500000002
23.83	0.0267125
23.831999999999997	0.0268
23.834	0.0268921875
23.836	0.026981250000000002
23.837999999999997	0.027065625000000003
23.84	0.0271390625
23.842	0.027200000000000002
23.843999999999998	0.0272359375
23.846	0.0272515625
23.848	0.027246875
23.849999999999998	0.027229687500000002
23.852	0.027200000000000002
23.854	0.027153125
23.855999999999998	0.027090625
23.858	0.0270140625
23.86	0.02691875
23.862	0.0268
23.864	0.026657812500000003
23.866	0.026500000000000003
23.868	0.026334375
23.869999999999997	0.0261640625
23.872	0.026000000000000002
23.874	0.02585625
23.875999999999998	0.0257390625
23.878	0.025654687500000002
23.88	0.0256078125
23.881999999999998	0.0256
23.884	0.0256390625
23.886	0.0257046875
23.887999999999998	0.0257921875
23.89	0.02589375
23.892	0.026000000000000002
23.894	0.026109375
23.896	0.0262046875
23.898	0.026284375000000002
23.9	0.026350000000000002
23.901999999999997	0.0264
23.904	0.026439062500000002
23.906	0.0264578125
23.907999999999998	0.0264578125
23.91	0.026439062500000002
23.912	0.0264
23.913999999999998	0.026345312500000002
23.916	0.026271875
23.918	0.026187500000000002
23.919999999999998	0.026095312500000002
23.922	0.026000000000000002
23.924	0.025907812500000002
23.926	0.0258203125
23.928	0.0257390625
23.93	0.025665625
23.932	0.0256
23.934	0.025553125000000003
23.936	0.025526562500000002
23.938	0.025525000000000003
23.939999999999998	0.02555
23.942	0.0256
23.944	0.0256734375
23.945999999999998	0.0257578125
23.948	0.025846875000000002
23.95	0.025931250000000003
23.951999999999998	0.026000000000000002
23.954	0.0260421875
23.956	0.026057812500000003
23.958	0.0260515625
23.96	0.026028125000000003
23.962	0.026000000000000002
23.964	0.025962500000000003
23.966	0.025935937500000002
23.968	0.025931250000000003
23.97	0.025953125
23.971999999999998	0.026000000000000002
23.974	0.02604375
23.976	0.0260796875
23.977999999999998	0.026093750000000002
23.98	0.0260703125
23.982	0.026000000000000002
23.983999999999998	0.0258609375
23.986	0.025687500000000002
23.988	0.0255046875
23.99	0.025335937500000003
23.992	0.0252
23.994	0.025096875
23.996	0.025021875000000002
23.998	0.024962500000000002
24.0	0.024895312500000003
24.002	0.024800000000000003
24.004	0.024673437500000003
24.006	0.0245125
24.008	0.024332812500000002
24.009999999999998	0.02415625
24.012	0.024
24.014	0.0238953125
24.016	0.023815625
24.018	0.02375
24.02	0.0236828125
24.022	0.0236
24.024	0.0235171875
24.026	0.023418750000000002
24.028	0.023318750000000003
24.03	0.0232390625
24.032	0.023200000000000002
24.034	0.023228125000000002
24.036	0.023293750000000002
24.038	0.023387500000000002
24.04	0.02349375
24.042	0.0236
24.044	0.023696875000000003
24.046	0.023775
24.048	0.0238421875
24.05	0.0239140625
24.052	0.024
24.054	0.02409375
24.056	0.0241921875
24.058	0.024284375
24.06	0.024357812500000003
24.062	0.0244
24.064	0.024392187500000002
24.066	0.024340625
24.068	0.024253125
24.07	0.024135937500000003
24.072	0.024
24.074	0.02385
24.076	0.023695312500000003
24.078	0.0235359375
24.08	0.023371875
24.082	0.023200000000000002
24.084	0.023025
24.086	0.022850000000000002
24.088	0.02268125
24.09	0.022528125
24.092	0.0224
24.094	0.022314062500000002
24.096	0.02226875
24.098	0.022265625
24.1	0.022310937500000003
24.102	0.0224
24.104	0.0225296875
24.106	0.02268125
24.108	0.022848437500000002
24.11	0.023025
24.112000000000002	0.023200000000000002
24.114	0.023356250000000002
24.116	0.023478125000000002
24.118	0.0235609375
24.12	0.023601562500000003
24.122	0.0236
24.124	0.0235578125
24.126	0.0234859375
24.128	0.023396875
24.13	0.0233
24.132	0.023200000000000002
24.134	0.023096875000000003
24.136	0.022978125000000002
24.138	0.02283125
24.14	0.022640625
24.142	0.0224
24.144000000000002	0.022129687500000002
24.146	0.021845312500000002
24.148	0.0215765625
24.15	0.021353125
24.152	0.0212
24.154	0.021151562500000002
24.156	0.0211859375
24.158	0.0212875
24.16	0.021432812500000002
24.162	0.0216
24.164	0.021781250000000002
24.166	0.0219484375
24.168	0.0221
24.17	0.022248437500000003
24.172	0.0224
24.174	0.022564062500000003
24.176000000000002	0.0227296875
24.178	0.022896875
24.18	0.0230578125
24.182000000000002	0.023200000000000002
24.184	0.0233046875
24.186	0.0233625
24.188	0.0233640625
24.19	0.023309375
24.192	0.023200000000000002
24.194	0.02304375
24.196	0.022865625
24.198	0.022689062500000003
24.2	0.022531250000000003
24.202	0.0224
24.204	0.022303125
24.206	0.0222328125
24.208000000000002	0.022171875
24.21	0.0221
24.212	0.022000000000000002
24.214000000000002	0.02188125
24.216	0.0217578125
24.218	0.021653125000000002
24.220000000000002	0.021593750000000002
24.222	0.0216
24.224	0.02169375
24.226	0.021846875
24.228	0.022034375000000002
24.23	0.022228125
24.232	0.0224
24.234	0.022537500000000002
24.236	0.022629687500000002
24.238	0.022689062500000003
24.240000000000002	0.022740625
24.242	0.0228
24.244	0.022882812500000002
24.246000000000002	0.022979687500000002
24.248	0.0230765625
24.25	0.02315625
24.252000000000002	0.023200000000000002
24.254	0.0231859375
24.256	0.023125
24.258	0.0230296875
24.26	0.022915625000000002
24.262	0.0228
24.264	0.022689062500000003
24.266000000000002	0.022595312500000003
24.268	0.0225203125
24.27	0.0224578125
24.272000000000002	0.0224
24.274	0.022345312500000002
24.276	0.0223078125
24.278000000000002	0.0223
24.28	0.0223296875
24.282	0.0224
24.284000000000002	0.022500000000000003
24.286	0.0226125
24.288	0.0227140625
24.290000000000003	0.022782812500000003
24.292	0.0228
24.294	0.022759375000000002
24.296	0.022675
24.298000000000002	0.022568750000000002
24.3	0.022470312500000002
24.302	0.0224
24.304000000000002	0.022375000000000003
24.306	0.022381250000000002
24.308	0.0224015625
24.310000000000002	0.0224140625
24.312	0.0224
24.314	0.022353125
24.316000000000003	0.0222734375
24.318	0.022175
24.32	0.0220765625
24.322000000000003	0.022000000000000002
24.324	0.021959375
24.326	0.02195
24.328	0.021964062500000003
24.330000000000002	0.021984375
24.332	0.022000000000000002
24.334	0.022003125000000002
24.336000000000002	0.0219921875
24.338	0.0219796875
24.34	0.021978125
24.342	0.022000000000000002
24.344	0.0220515625
24.346	0.022126562500000002
24.348	0.022217187500000003
24.35	0.022312500000000002
24.352	0.0224
24.354	0.0224609375
24.355999999999998	0.0224921875
24.358	0.0224890625
24.36	0.0224578125
24.362	0.0224
24.364	0.022321875
24.366	0.0222359375
24.368	0.02215
24.369999999999997	0.0220703125
24.372	0.022000000000000002
24.374	0.02193125
24.375999999999998	0.0218625
24.377999999999997	0.0217875
24.38	0.0217015625
24.381999999999998	0.0216
24.383999999999997	0.021484375
24.386	0.021368750000000002
24.387999999999998	0.021273437500000002
24.389999999999997	0.021212500000000002
24.392	0.0212
24.394	0.0212359375
24.395999999999997	0.021307812500000002
24.398	0.021404687500000002
24.4	0.0215078125
24.401999999999997	0.0216
24.403999999999996	0.021656250000000002
24.406	0.021675
24.407999999999998	0.0216640625
24.409999999999997	0.0216359375
24.412	0.0216
24.413999999999998	0.021553125
24.415999999999997	0.021495312500000002
24.418	0.021421875
24.419999999999998	0.021325
24.421999999999997	0.0212
24.424	0.0210484375
24.426	0.020878125
24.427999999999997	0.020703125
24.43	0.020540625
24.432	0.0204
24.433999999999997	0.020298437500000002
24.435999999999996	0.0202203125
24.438	0.020153125
24.439999999999998	0.0200828125
24.441999999999997	0.02
24.444	0.0199078125
24.445999999999998	0.01980625
24.447999999999997	0.0197078125
24.45	0.019634375000000003
24.451999999999998	0.0196
24.453999999999997	0.0196234375
24.456	0.0196859375
24.458	0.019778125
24.459999999999997	0.019887500000000002
24.462	0.02
24.464	0.020106250000000003
24.465999999999998	0.02019375
24.468	0.020267187500000002
24.47	0.020334375000000002
24.471999999999998	0.0204
24.473999999999997	0.020456250000000002
24.476	0.02049375
24.477999999999998	0.020503125
24.479999999999997	0.020475
24.482	0.0204
24.483999999999998	0.0202734375
24.485999999999997	0.020110937500000002
24.488	0.0199328125
24.49	0.01975625
24.491999999999997	0.0196
24.494	0.0194734375
24.496	0.0193765625
24.497999999999998	0.0193078125
24.5	0.019253125
24.502	0.019200000000000002
24.503999999999998	0.0191375
24.505999999999997	0.0190625
24.508	0.018975000000000002
24.509999999999998	0.018884375000000002
24.511999999999997	0.0188
24.514	0.0187328125
24.516	0.018690625000000002
24.517999999999997	0.0186859375
24.52	0.018721875000000002
24.522	0.0188
24.523999999999997	0.0189078125
24.526	0.0190203125
24.528	0.019115625
24.529999999999998	0.0191796875
24.532	0.019200000000000002
24.534	0.0191734375
24.535999999999998	0.019100000000000002
24.538	0.0190015625
24.54	0.018896875
24.541999999999998	0.0188
24.543999999999997	0.018728125
24.546	0.0186671875
24.548	0.018603125
24.549999999999997	0.01851875
24.552	0.0184
24.554	0.018251562500000002
24.555999999999997	0.018078125
24.558	0.0178953125
24.56	0.0177296875
24.561999999999998	0.0176
24.564	0.0175328125
24.566	0.0175125
24.567999999999998	0.017526562500000002
24.57	0.017560937500000002
24.572	0.0176
24.573999999999998	0.0176453125
24.576	0.01769375
24.578	0.0177578125
24.58	0.01785625
24.581999999999997	0.018000000000000002
24.584	0.018187500000000002
24.586	0.0183890625
24.587999999999997	0.0185765625
24.59	0.018720312500000003
24.592	0.0188
24.593999999999998	0.018803125
24.596	0.018740625
24.598	0.018634375
24.599999999999998	0.0185125
24.602	0.0184
24.604	0.01831875
24.605999999999998	0.0182578125
24.608	0.0182
24.61	0.0181203125
24.612	0.018000000000000002
24.613999999999997	0.017846875
24.616	0.017665625
24.618	0.017478125
24.619999999999997	0.017315625
24.622	0.0172
24.624	0.01716875
24.625999999999998	0.017209375000000002
24.628	0.017309375000000002
24.63	0.0174453125
24.631999999999998	0.0176
24.634	0.0177625
24.636	0.01791875
24.637999999999998	0.0180703125
24.64	0.0182296875
24.642	0.0184
24.644	0.0185828125
24.646	0.0187671875
24.648	0.0189390625
24.65	0.0190875
24.651999999999997	0.019200000000000002
24.654	0.019262500000000002
24.656	0.019284375
24.657999999999998	0.019275
24.66	0.01924375
24.662	0.019200000000000002
24.663999999999998	0.01914375
24.666	0.01908125
24.668	0.019010937500000002
24.669999999999998	0.01891875
24.672	0.0188
24.674	0.0186484375
24.676	0.0184828125
24.678	0.018310937500000003
24.68	0.0181453125
24.682	0.018000000000000002
24.683999999999997	0.01789375
24.686	0.0178375
24.688	0.0178375
24.689999999999998	0.01789375
24.692	0.018000000000000002
24.694	0.0181453125
24.695999999999998	0.018310937500000003
24.698	0.0184828125
24.7	0.0186484375
24.701999999999998	0.0188
24.704	0.018921875
24.706	0.0190171875
24.708	0.0190890625
24.71	0.0191484375
24.712	0.019200000000000002
24.714	0.0192375
24.716	0.019262500000000002
24.718	0.01926875
24.72	0.0192515625
24.721999999999998	0.019200000000000002
24.724	0.01910625
24.726	0.018973437500000002
24.727999999999998	0.01880625
24.73	0.0186125
24.732	0.0184
24.733999999999998	0.018189062500000002
24.736	0.0179953125
24.738	0.017828125
24.74	0.0176953125
24.742	0.0176
24.744	0.017553125
24.746	0.0175390625
24.748	0.017546875
24.75	0.0175703125
24.752	0.0176
24.753999999999998	0.017651562500000002
24.756	0.0177109375
24.758	0.017782812500000002
24.759999999999998	0.017878125
24.762	0.018000000000000002
24.764	0.0181625
24.766	0.0183390625
24.768	0.0185140625
24.77	0.0186734375
24.772	0.0188
24.774	0.018890625
24.776	0.0189296875
24.778	0.018921875
24.78	0.0188765625
24.782	0.0188
24.784	0.0187109375
24.786	0.0186203125
24.788	0.018535937500000002
24.79	0.0184609375
24.791999999999998	0.0184
24.794	0.018353125
24.796	0.0183296875
24.798	0.0183296875
24.8	0.018353125
24.802	0.0184
24.804	0.01845625
24.806	0.0185265625
24.808	0.018609375
24.81	0.018703125
24.812	0.0188
24.814	0.018879687500000002
24.816	0.01895625
24.818	0.019034375
24.82	0.0191171875
24.822	0.019200000000000002
24.824	0.0192546875
24.826	0.019289062500000002
24.828	0.0192953125
24.83	0.0192671875
24.832	0.019200000000000002
24.834	0.019075
24.836	0.01891875
24.838	0.0187453125
24.84	0.018568750000000002
24.842	0.0184
24.844	0.01823125
24.846	0.018071875
24.848	0.01791875
24.85	0.0177640625
24.852	0.0176
24.854	0.017425
24.856	0.017243750000000002
24.858	0.0170703125
24.86	0.0169171875
24.862	0.016800000000000002
24.864	0.0167328125
24.866	0.016706250000000002
24.868	0.0167140625
24.87	0.0167484375
24.872	0.016800000000000002
24.874	0.0168578125
24.876	0.016890625
24.878	0.0168921875
24.88	0.0168609375
24.882	0.016800000000000002
24.884	0.0167234375
24.886	0.0166296875
24.888	0.016534375
24.89	0.016454687500000002
24.892	0.0164
24.894000000000002	0.0163796875
24.896	0.0163796875
24.898	0.0163890625
24.9	0.0164
24.902	0.0164
24.904	0.0163734375
24.906	0.016315625
24.908	0.0162265625
24.91	0.01611875
24.912	0.016
24.914	0.015884375
24.916	0.01578125
24.918	0.015696875
24.92	0.015635937500000002
24.922	0.015600000000000001
24.924	0.015595312500000002
24.926000000000002	0.0156015625
24.928	0.015609375
24.93	0.015612500000000001
24.932	0.015600000000000001
24.934	0.0155765625
24.936	0.015525
24.938	0.015440625000000001
24.94	0.015329687500000001
24.942	0.0152
24.944	0.015076562500000001
24.946	0.0149625
24.948	0.0148703125
24.95	0.0148140625
24.952	0.0148
24.954	0.014843750000000001
24.956	0.0149171875
24.958000000000002	0.015009375
24.96	0.015107812500000001
24.962	0.0152
24.964000000000002	0.015282812500000001
24.966	0.015353125
24.968	0.015421875000000002
24.97	0.015501562500000001
24.972	0.015600000000000001
24.974	0.015703125000000002
24.976	0.0158078125
24.978	0.0159015625
24.98	0.0159703125
24.982	0.016
24.984	0.015971875
24.986	0.0159
24.988	0.0158046875
24.990000000000002	0.015698437500000002
24.992	0.015600000000000001
24.994	0.015509375
24.996000000000002	0.015434375
24.998	0.0153671875
25.0	0.01529375
25.002000000000002	0.0152
25.004	0.015079687500000001
25.006	0.01493125
25.008	0.014762500000000001
25.01	0.01458125
25.012	0.014400000000000001
25.014	0.01425
25.016000000000002	0.014128125
25.018	0.0140453125
25.02	0.014003125
25.022000000000002	0.014
25.024	0.014054687500000001
25.026	0.014131250000000001
25.028000000000002	0.014221875
25.03	0.0143140625
25.032	0.014400000000000001
25.034000000000002	0.014495312500000001
25.036	0.014576562500000001
25.038	0.014651562500000001
25.04	0.0147234375
25.042	0.0148
25.044	0.0148953125
25.046	0.014990625
25.048000000000002	0.015078125000000001
25.05	0.0151515625
25.052	0.0152
25.054000000000002	0.01523125
25.056	0.015240625
25.058	0.015232812500000002
25.060000000000002	0.015217187500000002
25.062	0.0152
25.064	0.015190625000000001
25.066000000000003	0.0151921875
25.068	0.015196875
25.07	0.015201562500000002
25.072000000000003	0.0152
25.074	0.015189062500000001
25.076	0.0151765625
25.078	0.015170312500000002
25.080000000000002	0.0151765625
25.082	0.0152
25.084	0.0152421875
25.086000000000002	0.0153078125
25.088	0.015393750000000001
25.09	0.01549375
25.092000000000002	0.015600000000000001
25.094	0.0156953125
25.096	0.015784375
25.098000000000003	0.015865625
25.1	0.0159390625
25.102	0.016
25.104000000000003	0.0160328125
25.106	0.016048437500000002
25.108	0.016048437500000002
25.11	0.0160328125
25.112000000000002	0.016
25.114	0.0159390625
25.116	0.015865625
25.118	0.01578125
25.12	0.0156921875
25.122	0.015600000000000001
25.124	0.015506250000000001
25.126	0.0154171875
25.128	0.0153375
25.13	0.015267187500000001
25.131999999999998	0.0152
25.134	0.0151375
25.136	0.0150703125
25.137999999999998	0.01499375
25.14	0.014904687500000001
25.142	0.0148
25.144	0.014700000000000001
25.145999999999997	0.0145984375
25.148	0.0145078125
25.15	0.0144390625
25.151999999999997	0.014400000000000001
25.153999999999996	0.014418750000000001
25.156	0.014471875
25.157999999999998	0.014559375000000001
25.159999999999997	0.0146734375
25.162	0.0148
25.163999999999998	0.014939062500000001
25.165999999999997	0.01505625
25.168	0.015142187500000001
25.169999999999998	0.015189062500000001
25.171999999999997	0.0152
25.174	0.015184375
25.176	0.015156250000000001
25.177999999999997	0.0151375
25.18	0.0151484375
25.182	0.0152
25.183999999999997	0.0152875
25.185999999999996	0.015393750000000001
25.188	0.0154984375
25.189999999999998	0.0155734375
25.191999999999997	0.015600000000000001
25.194	0.0155578125
25.195999999999998	0.015471875000000001
25.197999999999997	0.015365625
25.2	0.015267187500000001
25.201999999999998	0.0152
25.203999999999997	0.015165625
25.206	0.01516875
25.208	0.015190625000000001
25.209999999999997	0.015209375
25.212	0.0152
25.214	0.015143750000000001
25.215999999999998	0.015053125
25.217999999999996	0.014951562500000001
25.22	0.014860937500000001
25.221999999999998	0.0148
25.223999999999997	0.0147734375
25.226	0.014778125000000001
25.227999999999998	0.014796875000000001
25.229999999999997	0.014810937500000001
25.232	0.0148
25.233999999999998	0.014753125
25.235999999999997	0.014671875000000001
25.238	0.014571875000000001
25.24	0.0144765625
25.241999999999997	0.014400000000000001
25.244	0.0143625
25.246	0.014354687500000001
25.247999999999998	0.014368750000000001
25.25	0.0143890625
25.252	0.014400000000000001
25.253999999999998	0.0143890625
25.255999999999997	0.0143421875
25.258	0.01425625
25.259999999999998	0.0141390625
25.261999999999997	0.014
25.264	0.013867187500000001
25.266	0.013746875
25.267999999999997	0.0136546875
25.27	0.0136046875
25.272	0.013600000000000001
25.273999999999997	0.013653125
25.276	0.0137359375
25.278	0.013832812500000001
25.279999999999998	0.013926562500000001
25.282	0.014
25.284	0.01405
25.285999999999998	0.0140671875
25.287999999999997	0.014056250000000001
25.29	0.0140296875
25.291999999999998	0.014
25.293999999999997	0.013984375
25.296	0.0139796875
25.298	0.013984375
25.299999999999997	0.013993750000000001
25.302	0.014
25.304	0.0140109375
25.305999999999997	0.014015625
25.308	0.0140125
25.31	0.014006250000000001
25.311999999999998	0.014
25.314	0.014003125
25.316	0.014007812500000001
25.317999999999998	0.0140109375
25.32	0.014009375000000001
25.322	0.014
25.323999999999998	0.013990625000000001
25.325999999999997	0.01398125
25.328	0.013975000000000001
25.33	0.01398125
25.331999999999997	0.014
25.334	0.01404375
25.336	0.01410625
25.337999999999997	0.014190625
25.34	0.014290625000000001
25.342	0.014400000000000001
25.343999999999998	0.014510937500000001
25.346	0.0146125
25.348	0.014696875
25.349999999999998	0.014760937500000001
25.352	0.0148
25.354	0.014809375000000001
25.355999999999998	0.0148046875
25.357999999999997	0.014796875000000001
25.36	0.014793750000000001
25.362	0.0148
25.363999999999997	0.014807812500000002
25.366	0.0148203125
25.368	0.0148296875
25.369999999999997	0.014826562500000001
25.372	0.0148
25.374	0.0147359375
25.375999999999998	0.014650000000000002
25.378	0.014557812500000001
25.38	0.0144703125
25.381999999999998	0.014400000000000001
25.384	0.01435
25.386	0.0143296875
25.387999999999998	0.014337500000000001
25.39	0.0143640625
25.392	0.014400000000000001
25.394	0.014432812500000001
25.395999999999997	0.0144515625
25.398	0.0144546875
25.4	0.0144375
25.401999999999997	0.014400000000000001
25.404	0.0143484375
25.406	0.014278125000000001
25.407999999999998	0.014195312500000001
25.41	0.014101562500000001
25.412	0.014
25.413999999999998	0.013910937500000001
25.416	0.0138234375
25.418	0.013742187500000001
25.419999999999998	0.013665625
25.422	0.013600000000000001
25.424	0.013568750000000001
25.426	0.013553125000000001
25.428	0.013553125000000001
25.43	0.013568750000000001
25.432	0.013600000000000001
25.433999999999997	0.013665625
25.436	0.013742187500000001
25.438	0.0138265625
25.439999999999998	0.013914062500000001
25.442	0.014
25.444	0.0140921875
25.445999999999998	0.0141765625
25.448	0.0142546875
25.45	0.014328125
25.451999999999998	0.014400000000000001
25.454	0.0144734375
25.456	0.014546875
25.458	0.014625
25.46	0.014709375
25.462	0.0148
25.464	0.014887500000000001
25.465999999999998	0.014975
25.468	0.015059375000000002
25.47	0.0151359375
25.471999999999998	0.0152
25.474	0.015232812500000002
25.476	0.015248437500000002
25.477999999999998	0.015248437500000002
25.48	0.015232812500000002
25.482	0.0152
25.483999999999998	0.015139062500000001
25.486	0.015065625000000001
25.488	0.014984375000000001
25.49	0.0148953125
25.492	0.0148
25.494	0.014696875
25.496	0.0145984375
25.498	0.014514062500000001
25.5	0.014446875000000001
25.502	0.014400000000000001
25.503999999999998	0.014375
25.506	0.014368750000000001
25.508	0.014375
25.509999999999998	0.014387500000000001
25.512	0.014400000000000001
25.514	0.014409375
25.516	0.0144109375
25.518	0.0144078125
25.52	0.014403125000000001
25.522	0.014400000000000001
25.524	0.014403125000000001
25.526	0.01440625
25.528	0.0144078125
25.53	0.01440625
25.532	0.014400000000000001
25.534	0.014398437500000002
25.535999999999998	0.0143921875
25.538	0.0143890625
25.54	0.014390625
25.541999999999998	0.014400000000000001
25.544	0.014421875
25.546	0.014440625
25.548	0.014448437500000001
25.55	0.0144375
25.552	0.014400000000000001
25.554	0.014340625000000001
25.556	0.014260937500000001
25.558	0.0141703125
25.56	0.0140796875
25.562	0.014
25.564	0.0139515625
25.566	0.013931250000000001
25.568	0.013934375
25.57	0.013959375000000001
25.572	0.014
25.573999999999998	0.0140609375
25.576	0.014131250000000001
25.578	0.014210937500000001
25.58	0.0143015625
25.582	0.014400000000000001
25.584	0.0145046875
25.586	0.014603125000000002
25.588	0.014690625
25.59	0.0147578125
25.592	0.0148
25.594	0.014815625
25.596	0.014812500000000001
25.598	0.0148015625
25.6	0.014796875000000001
25.602	0.0148
25.604	0.014810937500000001
25.606	0.014826562500000001
25.608	0.0148375
25.61	0.01483125
25.612	0.0148
25.614	0.014734375000000001
25.616	0.0146484375
25.618	0.014556250000000001
25.62	0.01446875
25.622	0.014400000000000001
25.624	0.0143578125
25.626	0.01434375
25.628	0.014353125000000001
25.63	0.0143765625
25.632	0.014400000000000001
25.634	0.014421875
25.636	0.014431250000000001
25.638	0.014429687500000002
25.64	0.014417187500000001
25.642	0.014400000000000001
25.644	0.014396875
25.646	0.014396875
25.648	0.014398437500000002
25.65	0.014401562500000001
25.652	0.014400000000000001
25.654	0.014415625000000001
25.656	0.0144265625
25.658	0.014428125
25.66	0.0144203125
25.662	0.014400000000000001
25.664	0.01439375
25.666	0.014387500000000001
25.668	0.014382812500000001
25.67	0.014385937500000001
25.672	0.014400000000000001
25.674	0.014446875000000001
25.676000000000002	0.014514062500000001
25.678	0.014596875
25.68	0.01469375
25.682	0.0148
25.684	0.0149296875
25.686	0.015075
25.688	0.015235937500000001
25.69	0.015410937500000001
25.692	0.015600000000000001
25.694	0.015793750000000002
25.696	0.015982812500000002
25.698	0.01615625
25.7	0.016298437500000002
25.702	0.0164
25.704	0.01645
25.706	0.016465625
25.708000000000002	0.016456250000000002
25.71	0.01643125
25.712	0.0164
25.714	0.016371875
25.716	0.016359375000000002
25.718	0.016365625
25.72	0.0163828125
25.722	0.0164
25.724	0.016409375
25.726	0.0164171875
25.728	0.0164203125
25.73	0.0164140625
25.732	0.0164
25.734	0.0163765625
25.736	0.016360937500000002
25.738	0.01635625
25.740000000000002	0.01636875
25.742	0.0164
25.744	0.01644375
25.746000000000002	0.0165078125
25.748	0.0165921875
25.75	0.016690625
25.752	0.016800000000000002
25.754	0.016903125
25.756	0.0169984375
25.758	0.01708125
25.76	0.017150000000000002
25.762	0.0172
25.764	0.0172234375
25.766000000000002	0.01723125
25.768	0.017228125
25.77	0.01721875
25.772000000000002	0.0172
25.774	0.0171671875
25.776	0.017118750000000002
25.778000000000002	0.0170453125
25.78	0.016940625
25.782	0.016800000000000002
25.784000000000002	0.0166359375
25.786	0.016457812500000002
25.788	0.0162828125
25.79	0.016125
25.792	0.016
25.794	0.0159375
25.796	0.0159171875
25.798000000000002	0.01593125
25.8	0.0159625
25.802	0.016
25.804000000000002	0.0160609375
25.806	0.0161265625
25.808	0.0161984375
25.810000000000002	0.0162875
25.812	0.0164
25.814	0.01655625
25.816000000000003	0.0167265625
25.818	0.0169015625
25.82	0.0170625
25.822	0.0172
25.824	0.01731875
25.826	0.0174078125
25.828	0.017478125
25.830000000000002	0.0175390625
25.832	0.0176
25.834	0.017671875
25.836000000000002	0.01775625
25.838	0.017845312500000002
25.84	0.0179296875
25.842000000000002	0.018000000000000002
25.844	0.0180359375
25.846	0.0180515625
25.848000000000003	0.0180484375
25.85	0.018028125000000002
25.852	0.018000000000000002
25.854000000000003	0.0179609375
25.856	0.017937500000000002
25.858	0.017934375000000002
25.86	0.0179546875
25.862000000000002	0.018000000000000002
25.864	0.0180578125
25.866	0.018134375
25.868000000000002	0.018223437500000002
25.87	0.018317187500000002
25.872	0.0184
25.874000000000002	0.0184546875
25.876	0.0184859375
25.878	0.0184859375
25.880000000000003	0.0184578125
25.882	0.0184
25.884	0.018315625000000002
25.886	0.018221875000000002
25.888	0.0181328125
25.89	0.01805625
25.892	0.018000000000000002
25.894	0.017971875000000002
25.896	0.017965625000000002
25.898	0.0179734375
25.9	0.0179890625
25.902	0.018000000000000002
25.904	0.018009375
25.906	0.0180109375
25.907999999999998	0.0180078125
25.91	0.018003125000000002
25.912	0.018000000000000002
25.913999999999998	0.018009375
25.916	0.01801875
25.918	0.018025
25.919999999999998	0.0180203125
25.921999999999997	0.018000000000000002
25.924	0.0179796875
25.926	0.017959375
25.927999999999997	0.0179484375
25.929999999999996	0.017959375
25.932	0.018000000000000002
25.933999999999997	0.0180765625
25.935999999999996	0.0181703125
25.938	0.018265625
25.939999999999998	0.018346875000000002
25.941999999999997	0.0184
25.944	0.01841875
25.945999999999998	0.018410937500000002
25.947999999999997	0.01839375
25.95	0.0183859375
25.951999999999998	0.0184
25.953999999999997	0.018442187500000002
25.956	0.018515625
25.958	0.018609375
25.959999999999997	0.0187109375
25.962	0.0188
25.964	0.0188578125
25.965999999999998	0.0188859375
25.967999999999996	0.018881250000000002
25.97	0.018851562500000002
25.971999999999998	0.0188
25.973999999999997	0.0187375
25.976	0.0186671875
25.977999999999998	0.0185890625
25.979999999999997	0.018501562500000002
25.982	0.0184
25.983999999999998	0.018303125
25.985999999999997	0.0182109375
25.988	0.018126562500000002
25.99	0.0180546875
25.991999999999997	0.018000000000000002
25.994	0.01798125
25.996	0.0179765625
25.997999999999998	0.0179828125
25.999999999999996	0.0179921875
26.002	0.018000000000000002
26.003999999999998	0.0180265625
26.005999999999997	0.01806875
26.008	0.0181375
26.009999999999998	0.0182453125
26.011999999999997	0.0184
26.014	0.0186109375
26.016	0.0188546875
26.017999999999997	0.0191140625
26.02	0.0193703125
26.022	0.0196
26.023999999999997	0.0197828125
26.026	0.0199125
26.028	0.0199890625
26.029999999999998	0.020015625000000002
26.032	0.02
26.034	0.0199453125
26.035999999999998	0.019871875
26.037999999999997	0.0197875
26.04	0.019696875000000003
26.041999999999998	0.0196
26.043999999999997	0.0195015625
26.046	0.0194109375
26.048	0.01933125
26.049999999999997	0.019260937500000002
26.052	0.019200000000000002
26.054	0.01915625
26.055999999999997	0.019135937500000002
26.058	0.019135937500000002
26.06	0.019159375
26.061999999999998	0.019200000000000002
26.064	0.019260937500000002
26.066	0.0193375
26.067999999999998	0.0194234375
26.069999999999997	0.019512500000000002
26.072	0.0196
26.073999999999998	0.019690625
26.075999999999997	0.019775
26.078	0.019853125
26.08	0.019928125
26.081999999999997	0.02
26.084	0.020084375
26.086	0.020170312500000002
26.087999999999997	0.0202546875
26.09	0.020332812500000002
26.092	0.0204
26.093999999999998	0.0204609375
26.096	0.0205
26.098	0.02050625
26.099999999999998	0.020475
26.102	0.0204
26.104	0.020309375
26.105999999999998	0.020209375
26.107999999999997	0.020115625
26.11	0.0200421875
26.112	0.02
26.113999999999997	0.020017187500000002
26.116	0.020079687500000002
26.118	0.020173437500000002
26.119999999999997	0.020284375
26.122	0.0204
26.124	0.0205328125
26.125999999999998	0.020671875
26.128	0.020825
26.13	0.021
26.131999999999998	0.0212
26.134	0.021435937500000002
26.136	0.0216921875
26.137999999999998	0.0219515625
26.139999999999997	0.02219375
26.142	0.0224
26.144	0.0225578125
26.145999999999997	0.02266875
26.148	0.022740625
26.15	0.02278125
26.151999999999997	0.0228
26.154	0.022803125
26.156	0.02280625
26.157999999999998	0.0228109375
26.16	0.0228109375
26.162	0.0228
26.163999999999998	0.0227796875
26.166	0.022765625
26.168	0.0227640625
26.169999999999998	0.0227734375
26.172	0.0228
26.174	0.022840625
26.176	0.022907812500000003
26.177999999999997	0.0229953125
26.18	0.023096875000000003
26.182	0.023200000000000002
26.183999999999997	0.023295312500000002
26.186	0.023384375000000002
26.188	0.023465625
26.189999999999998	0.0235375
26.192	0.0236
26.194	0.0236546875
26.195999999999998	0.0237171875
26.198	0.023792187500000003
26.2	0.023887500000000002
26.201999999999998	0.024
26.204	0.024115625
26.206	0.0242296875
26.208	0.024325000000000003
26.21	0.0243859375
26.212	0.0244
26.214	0.0243546875
26.215999999999998	0.0242734375
26.218	0.024176562500000002
26.22	0.024079687500000002
26.221999999999998	0.024
26.224	0.023948437500000003
26.226	0.023934375
26.227999999999998	0.023946875000000003
26.23	0.0239734375
26.232	0.024
26.233999999999998	0.024021875
26.236	0.02403125
26.238	0.0240296875
26.24	0.024017187500000002
26.242	0.024
26.244	0.0239953125
26.246	0.023996875
26.247999999999998	0.0240015625
26.25	0.0240046875
26.252	0.024
26.253999999999998	0.02400625
26.256	0.0240078125
26.258	0.0240046875
26.259999999999998	0.024
26.262	0.024
26.264	0.0240296875
26.266	0.024079687500000002
26.268	0.02415625
26.27	0.024264062500000003
26.272	0.0244
26.274	0.0245609375
26.276	0.0247328125
26.278	0.0249046875
26.28	0.0250640625
26.282	0.0252
26.284	0.0252984375
26.285999999999998	0.0253765625
26.288	0.0254453125
26.29	0.0255171875
26.291999999999998	0.0256
26.294	0.025682812500000003
26.296	0.025776562500000003
26.298	0.025870312500000003
26.3	0.02595
26.302	0.026000000000000002
26.304	0.025995312500000003
26.306	0.0259484375
26.308	0.0258640625
26.31	0.025745312500000003
26.312	0.0256
26.314	0.025434375000000002
26.316	0.0252671875
26.317999999999998	0.0251046875
26.32	0.0249484375
26.322	0.024800000000000003
26.323999999999998	0.024673437500000003
26.326	0.0245671875
26.328	0.024484375000000003
26.33	0.024428125000000002
26.332	0.0244
26.334	0.024415625
26.336	0.0244640625
26.338	0.024545312500000003
26.34	0.024659375
26.342	0.024800000000000003
26.344	0.0249671875
26.346	0.0251390625
26.348	0.025307812500000002
26.35	0.025464062500000002
26.352	0.0256
26.354	0.025715625000000002
26.355999999999998	0.025806250000000003
26.358	0.0258796875
26.36	0.02594375
26.362	0.026000000000000002
26.364	0.0260515625
26.366	0.026089062500000003
26.368	0.0261015625
26.37	0.026075
26.372	0.026000000000000002
26.374	0.0258828125
26.376	0.02573125
26.378	0.025557812500000002
26.38	0.0253765625
26.382	0.0252
26.384	0.025057812500000002
26.386	0.0249484375
26.388	0.0248734375
26.39	0.0248265625
26.392	0.024800000000000003
26.394	0.0248125
26.396	0.024853125
26.398	0.024928125000000002
26.4	0.0250421875
26.402	0.0252
26.404	0.025404687500000002
26.406	0.0256390625
26.408	0.025890625
26.41	0.02615
26.412	0.0264
26.414	0.026621875
26.416	0.0268109375
26.418	0.02696875
26.42	0.027098437500000003
26.422	0.027200000000000002
26.424	0.027259375000000002
26.426	0.027293750000000002
26.428	0.027296875
26.43	0.0272671875
26.432	0.027200000000000002
26.434	0.0270890625
26.436	0.026948437500000002
26.438	0.026785937500000002
26.44	0.026601562500000002
26.442	0.0264
26.444	0.026203125
26.446	0.026021875
26.448	0.025859375
26.45	0.025718750000000002
26.452	0.0256
26.454	0.025529687500000002
26.456	0.025495312500000002
26.458000000000002	0.025498437500000002
26.46	0.025534375
26.462	0.0256
26.464	0.025714062500000003
26.466	0.025853125
26.468	0.026015625
26.47	0.0261984375
26.472	0.0264
26.474	0.026626562500000003
26.476	0.0268625
26.478	0.027106250000000002
26.48	0.027351562500000003
26.482	0.027600000000000003
26.484	0.027825000000000003
26.486	0.0280265625
26.488	0.0281953125
26.490000000000002	0.028321875
26.492	0.0284
26.494	0.0284046875
26.496	0.028362500000000002
26.498	0.0282765625
26.5	0.028153125
26.502	0.028
26.504	0.027815625
26.506	0.027637500000000002
26.508	0.027471875
26.51	0.027326562500000002
26.512	0.027200000000000002
26.514	0.02709375
26.516000000000002	0.027009375000000002
26.518	0.0269375
26.52	0.0268703125
26.522000000000002	0.0268
26.524	0.0267484375
26.526	0.0267140625
26.528000000000002	0.02670625
26.53	0.0267328125
26.532	0.0268
26.534	0.026934375
26.536	0.027100000000000003
26.538	0.027278125
26.54	0.027450000000000002
26.542	0.027600000000000003
26.544	0.0277390625
26.546	0.0278421875
26.548000000000002	0.0279125
26.55	0.0279609375
26.552	0.028
26.554000000000002	0.0280625
26.556	0.028137500000000003
26.558	0.028221875
26.560000000000002	0.0283109375
26.562	0.0284
26.564	0.0284953125
26.566000000000003	0.028587500000000002
26.568	0.028670312500000003
26.57	0.028740625000000002
26.572	0.028800000000000003
26.574	0.0288515625
26.576	0.0289125
26.578	0.028989062500000003
26.580000000000002	0.029082812500000003
26.582	0.0292
26.584	0.029325
26.586000000000002	0.029475
26.588	0.0296421875
26.59	0.0298203125
26.592000000000002	0.030000000000000002
26.594	0.030151562500000003
26.596	0.0303015625
26.598000000000003	0.030459375
26.6	0.030625000000000003
26.602	0.0308
26.604	0.030939062500000003
26.606	0.031065625000000003
26.608	0.031162500000000003
26.61	0.0312109375
26.612000000000002	0.031200000000000002
26.614	0.03109375
26.616	0.030942187500000003
26.618000000000002	0.0307625
26.62	0.0305765625
26.622	0.0304
26.624000000000002	0.0302296875
26.626	0.0300796875
26.628	0.029935937500000002
26.630000000000003	0.029779687500000002
26.632	0.0296
26.634	0.029401562500000002
26.636000000000003	0.0292015625
26.638	0.029018750000000003
26.64	0.028878125
26.642	0.028800000000000003
26.644000000000002	0.028803125000000002
26.646	0.028867187500000002
26.648	0.0289703125
26.650000000000002	0.029087500000000002
26.652	0.0292
26.654	0.029296875
26.656000000000002	0.029368750000000002
26.658	0.029429687500000003
26.66	0.029500000000000002
26.662	0.0296
26.664	0.029734375
26.666	0.0298953125
26.668	0.0300703125
26.669999999999998	0.030245312500000003
26.672	0.0304
26.674	0.030498437500000003
26.676	0.0305453125
26.678	0.030539062500000002
26.68	0.0304875
26.682	0.0304
26.683999999999997	0.030265625
26.686	0.0301125
26.688	0.029946875
26.689999999999998	0.029775000000000003
26.692	0.0296
26.694	0.029415625
26.695999999999998	0.029242187500000003
26.697999999999997	0.029081250000000003
26.7	0.028932812500000002
26.701999999999998	0.028800000000000003
26.703999999999997	0.0286890625
26.706	0.0285953125
26.708	0.028517187500000003
26.709999999999997	0.028451562500000003
26.711999999999996	0.0284
26.714	0.0283703125
26.715999999999998	0.0283546875
26.717999999999996	0.028353125
26.72	0.028367187500000002
26.721999999999998	0.0284
26.723999999999997	0.028460937500000002
26.726	0.028534375
26.727999999999998	0.028615625000000002
26.729999999999997	0.028704687500000003
26.732	0.028800000000000003
26.733999999999998	0.028901562500000002
26.735999999999997	0.028993750000000002
26.738	0.029075
26.74	0.029143750000000003
26.741999999999997	0.0292
26.743999999999996	0.029234375
26.746	0.0292515625
26.747999999999998	0.02925
26.749999999999996	0.0292328125
26.752	0.0292
26.753999999999998	0.0291421875
26.755999999999997	0.029071875
26.758	0.028989062500000003
26.759999999999998	0.028896875000000002
26.761999999999997	0.028800000000000003
26.764	0.0286953125
26.766	0.028596875
26.767999999999997	0.0285125
26.77	0.0284453125
26.772	0.0284
26.773999999999997	0.0283765625
26.776	0.0283734375
26.778	0.0283796875
26.779999999999998	0.028390625000000003
26.781999999999996	0.0284
26.784	0.028409375
26.785999999999998	0.0284140625
26.787999999999997	0.0284109375
26.79	0.0284046875
26.791999999999998	0.0284
26.793999999999997	0.0284078125
26.796	0.0284171875
26.798	0.028420312500000003
26.799999999999997	0.028415625
26.802	0.0284
26.804	0.028390625000000003
26.805999999999997	0.028378125
26.808	0.028371875
26.81	0.0283765625
26.811999999999998	0.0284
26.814	0.028453125000000003
26.816	0.0285265625
26.817999999999998	0.028614062500000002
26.819999999999997	0.028706250000000003
26.822	0.028800000000000003
26.823999999999998	0.02888125
26.825999999999997	0.028956250000000003
26.828	0.02903125
26.83	0.0291109375
26.831999999999997	0.0292
26.834	0.029279687500000002
26.836	0.029365625000000003
26.837999999999997	0.0294515625
26.84	0.029531250000000002
26.842	0.0296
26.843999999999998	0.029628125
26.846	0.0296390625
26.848	0.0296359375
26.849999999999998	0.029621875000000002
26.851999999999997	0.0296
26.854	0.02955
26.855999999999998	0.029490625000000003
26.857999999999997	0.029415625
26.86	0.0293203125
26.862	0.0292
26.863999999999997	0.029051562500000003
26.866	0.0288890625
26.868	0.028721875
26.869999999999997	0.028554687500000002
26.872	0.0284
26.874	0.028271875000000002
26.875999999999998	0.028170312500000003
26.878	0.0280921875
26.88	0.0280375
26.881999999999998	0.028
26.884	0.027989062500000002
26.886	0.027984375000000002
26.887999999999998	0.027984375000000002
26.889999999999997	0.027989062500000002
26.892	0.028
26.894	0.028034375
26.895999999999997	0.0280859375
26.898	0.028159375
26.9	0.028262500000000003
26.901999999999997	0.0284
26.904	0.02856875
26.906	0.0287484375
26.907999999999998	0.028921875
26.91	0.0290765625
26.912	0.0292
26.913999999999998	0.029273437500000003
26.916	0.029301562500000003
26.918	0.0292921875
26.919999999999998	0.0292546875
26.921999999999997	0.0292
26.924	0.0291265625
26.926	0.029053125000000003
26.927999999999997	0.028975
26.93	0.028890625000000003
26.932	0.028800000000000003
26.933999999999997	0.0287
26.936	0.0286046875
26.938	0.028518750000000002
26.939999999999998	0.0284484375
26.942	0.0284
26.944	0.0283734375
26.945999999999998	0.028367187500000002
26.948	0.0283765625
26.95	0.028389062500000003
26.951999999999998	0.0284
26.954	0.0284046875
26.956	0.028403125
26.958	0.028396875000000002
26.959999999999997	0.028392187500000002
26.962	0.0284
26.964	0.028429687500000002
26.965999999999998	0.028482812500000003
26.968	0.0285625
26.97	0.028670312500000003
26.971999999999998	0.028800000000000003
26.974	0.0289390625
26.976	0.0290640625
26.977999999999998	0.029159375
26.98	0.029206250000000003
26.982	0.0292
26.983999999999998	0.029140625
26.986	0.029048437500000003
26.988	0.028946875
26.99	0.0288578125
26.992	0.028800000000000003
26.994	0.028775000000000002
26.996	0.0287828125
26.997999999999998	0.028803125000000002
27.0	0.028815625
27.002	0.028800000000000003
27.003999999999998	0.028742187500000002
27.006	0.028653125
27.008	0.028551562500000002
27.009999999999998	0.028459375000000002
27.012	0.0284
27.014	0.028378125
27.016	0.0284140625
27.018	0.028503125
27.02	0.0286375
27.022	0.028800000000000003
27.024	0.028946875
27.026	0.029071875
27.028	0.0291578125
27.029999999999998	0.0292015625
27.032	0.0292
27.034	0.0291375
27.035999999999998	0.029046875
27.038	0.02895
27.04	0.028864062500000003
27.041999999999998	0.028800000000000003
27.044	0.028740625000000002
27.046	0.028690625
27.048	0.028628125
27.05	0.0285375
27.052	0.0284
27.054	0.028203125000000002
27.056	0.0279625
27.058	0.027698437500000003
27.06	0.027434375
27.062	0.027200000000000002
27.064	0.027021875
27.066	0.0268984375
27.067999999999998	0.0268296875
27.07	0.0268015625
27.072	0.0268
27.073999999999998	0.026823437500000002
27.076	0.0268390625
27.078	0.0268390625
27.08	0.026825
27.082	0.0268
27.084	0.026784375000000003
27.086	0.0267671875
27.088	0.026757812500000002
27.09	0.026765625
27.092	0.0268
27.094	0.0268671875
27.096	0.026946875000000002
27.098	0.027034375000000003
27.099999999999998	0.027121875
27.102	0.027200000000000002
27.104	0.027256250000000003
27.105999999999998	0.027284375
27.108	0.02728125
27.11	0.02725
27.112	0.027200000000000002
27.114	0.0271265625
27.116	0.027042187500000002
27.118	0.0269578125
27.12	0.026876562500000003
27.122	0.0268
27.124	0.026723437500000002
27.126	0.026646875
27.128	0.026570312500000002
27.13	0.0264890625
27.132	0.0264
27.134	0.0263078125
27.136	0.026215625000000003
27.137999999999998	0.026128125000000002
27.14	0.0260546875
27.142	0.026000000000000002
27.144	0.025971875000000002
27.146	0.0259609375
27.148	0.025965625000000003
27.15	0.02598125
27.152	0.026000000000000002
27.154	0.026021875
27.156	0.026031250000000002
27.158	0.026029687500000002
27.16	0.0260171875
27.162	0.026000000000000002
27.164	0.0259859375
27.166	0.025971875000000002
27.168	0.025967187500000002
27.17	0.0259765625
27.172	0.026000000000000002
27.174	0.026031250000000002
27.176	0.02605625
27.178	0.026065625000000002
27.18	0.0260484375
27.182	0.026000000000000002
27.184	0.025921875
27.186	0.0258265625
27.188	0.0257296875
27.19	0.025650000000000003
27.192	0.0256
27.194	0.02558125
27.196	0.025585937500000003
27.198	0.0256015625
27.2	0.0256125
27.202	0.0256
27.204	0.025554687500000003
27.206	0.0254796875
27.208	0.025384375
27.21	0.0252859375
27.212	0.0252
27.214	0.0251421875
27.216	0.025115625000000003
27.218	0.025120312500000002
27.22	0.025151562500000002
27.222	0.0252
27.224	0.02525
27.226	0.02528125
27.228	0.0252859375
27.23	0.025259375
27.232	0.0252
27.234	0.025112500000000003
27.236	0.0250109375
27.238	0.024915625
27.240000000000002	0.024840625
27.242	0.024800000000000003
27.244	0.02479375
27.246	0.024806250000000002
27.248	0.0248234375
27.25	0.0248265625
27.252	0.024800000000000003
27.254	0.024743750000000002
27.256	0.02465625
27.258	0.0245578125
27.26	0.0244671875
27.262	0.0244
27.264	0.0243734375
27.266000000000002	0.0243765625
27.268	0.024393750000000002
27.27	0.0244078125
27.272000000000002	0.0244
27.274	0.024364062500000002
27.276	0.024293750000000003
27.278	0.0241984375
27.28	0.0240953125
27.282	0.024
27.284	0.0239390625
27.286	0.0239078125
27.288	0.0239109375
27.29	0.02394375
27.292	0.024
27.294	0.024079687500000002
27.296	0.0241640625
27.298000000000002	0.02425
27.3	0.024329687500000002
27.302	0.0244
27.304000000000002	0.024454687500000002
27.306	0.024482812500000003
27.308	0.024484375000000003
27.310000000000002	0.024456250000000002
27.312	0.0244
27.314	0.0243203125
27.316	0.0242296875
27.318	0.024139062500000003
27.32	0.024059375
27.322	0.024
27.324	0.02396875
27.326	0.023959375
27.328	0.0239671875
27.330000000000002	0.023982812500000002
27.332	0.024
27.334	0.024014062500000002
27.336000000000002	0.024018750000000002
27.338	0.024015625000000002
27.34	0.024009375
27.342000000000002	0.024
27.344	0.0239984375
27.346	0.0239984375
27.348000000000003	0.024
27.35	0.0240015625
27.352	0.024
27.354	0.0240046875
27.356	0.02400625
27.358	0.0240046875
27.36	0.024003125
27.362000000000002	0.024
27.364	0.0240078125
27.366	0.024014062500000002
27.368000000000002	0.024017187500000002
27.37	0.024012500000000003
27.372	0.024
27.374000000000002	0.023984375000000002
27.376	0.02396875
27.378	0.0239609375
27.380000000000003	0.0239703125
27.382	0.024
27.384	0.024048437500000002
27.386	0.024115625
27.388	0.024200000000000003
27.39	0.024296875000000002
27.392	0.0244
27.394000000000002	0.024485937500000002
27.396	0.024565625
27.398	0.024642187500000003
27.400000000000002	0.024721875
27.402	0.024800000000000003
27.404	0.02485
27.406000000000002	0.02488125
27.408	0.0248890625
27.41	0.024864062500000002
27.412000000000003	0.024800000000000003
27.414	0.024675000000000002
27.416	0.024518750000000002
27.418000000000003	0.0243453125
27.42	0.024168750000000003
27.422	0.024
27.424	0.023834375
27.426000000000002	0.023678125
27.428	0.0235265625
27.43	0.02336875
27.432000000000002	0.023200000000000002
27.434	0.0230171875
27.436	0.0228296875
27.438	0.0226546875
27.44	0.022506250000000002
27.442	0.0224
27.444	0.022348437500000002
27.445999999999998	0.022334375
27.448	0.022346875000000002
27.45	0.022373437500000003
27.451999999999998	0.0224
27.454	0.0224265625
27.456	0.0224328125
27.458	0.0224234375
27.459999999999997	0.022409375000000002
27.462	0.0224
27.464	0.022415625
27.465999999999998	0.0224296875
27.468	0.022437500000000003
27.47	0.0224296875
27.471999999999998	0.0224
27.473999999999997	0.0223640625
27.476	0.0223
27.477999999999998	0.0222125
27.479999999999997	0.0221109375
27.482	0.022000000000000002
27.483999999999998	0.0219125
27.485999999999997	0.02183125
27.488	0.021751562500000002
27.49	0.021675
27.491999999999997	0.0216
27.493999999999996	0.021553125
27.496	0.021521875
27.497999999999998	0.0215140625
27.499999999999996	0.0215390625
27.502	0.0216
27.503999999999998	0.021712500000000003
27.505999999999997	0.0218578125
27.508	0.022026562500000003
27.509999999999998	0.0222109375
27.511999999999997	0.0224
27.514	0.0225765625
27.516	0.022740625
27.517999999999997	0.022896875
27.52	0.02305
27.522	0.023200000000000002
27.523999999999997	0.023321875000000002
27.525999999999996	0.023428125
27.528	0.023512500000000002
27.529999999999998	0.023573437500000002
27.531999999999996	0.0236
27.534	0.0235640625
27.535999999999998	0.0234984375
27.537999999999997	0.023409375
27.54	0.023309375
27.541999999999998	0.023200000000000002
27.543999999999997	0.023065625000000003
27.546	0.0229234375
27.548	0.022771875
27.549999999999997	0.022600000000000002
27.552	0.0224
27.554	0.022165625
27.555999999999997	0.021915625
27.558	0.0216609375
27.56	0.02141875
27.561999999999998	0.0212
27.563999999999997	0.0210328125
27.566	0.0209109375
27.567999999999998	0.020834375000000002
27.569999999999997	0.020798437500000003
27.572	0.020800000000000003
27.573999999999998	0.0208546875
27.575999999999997	0.020926562500000002
27.578	0.0210109375
27.58	0.021103125
27.581999999999997	0.0212
27.584	0.021315625
27.586	0.0214171875
27.587999999999997	0.021500000000000002
27.59	0.021560937500000002
27.592	0.0216
27.593999999999998	0.0216296875
27.596	0.0216390625
27.598	0.02163125
27.599999999999998	0.021615625
27.601999999999997	0.0216
27.604	0.021596875
27.605999999999998	0.0215984375
27.607999999999997	0.0216
27.61	0.0216015625
27.612	0.0216
27.613999999999997	0.0215984375
27.616	0.0215953125
27.618	0.021593750000000002
27.619999999999997	0.0215953125
27.622	0.0216
27.624	0.02160625
27.625999999999998	0.021615625
27.628	0.021620312500000002
27.63	0.021615625
27.631999999999998	0.0216
27.633999999999997	0.0215796875
27.636	0.021559375000000002
27.637999999999998	0.0215515625
27.639999999999997	0.021562500000000002
27.642	0.0216
27.644	0.02166875
27.645999999999997	0.0217546875
27.648	0.021846875
27.65	0.021932812500000003
27.651999999999997	0.022000000000000002
27.654	0.0220359375
27.656	0.0220453125
27.657999999999998	0.0220359375
27.66	0.0220171875
27.662	0.022000000000000002
27.663999999999998	0.021984375
27.666	0.021978125
27.668	0.02198125
27.669999999999998	0.021990625
27.671999999999997	0.022000000000000002
27.674	0.022000000000000002
27.676	0.021995312500000003
27.677999999999997	0.0219921875
27.68	0.02199375
27.682	0.022000000000000002
27.683999999999997	0.02200625
27.686	0.0220140625
27.688	0.0220203125
27.689999999999998	0.0220171875
27.692	0.022000000000000002
27.694	0.0219546875
27.695999999999998	0.0218890625
27.698	0.0218046875
27.7	0.02170625
27.701999999999998	0.0216
27.703999999999997	0.021495312500000002
27.706	0.021396875000000003
27.708	0.0213125
27.709999999999997	0.021246875000000002
27.712	0.0212
27.714	0.021178125000000003
27.715999999999998	0.0211703125
27.718	0.0211734375
27.72	0.0211859375
27.721999999999998	0.0212
27.724	0.021214062500000002
27.726	0.02121875
27.727999999999998	0.021215625000000002
27.73	0.021209375000000003
27.732	0.0212
27.733999999999998	0.0211890625
27.736	0.021179687500000002
27.738	0.021176562500000003
27.74	0.021182812500000002
27.741999999999997	0.0212
27.744	0.0212234375
27.746	0.021242187500000002
27.747999999999998	0.0212484375
27.75	0.0212359375
27.752	0.0212
27.753999999999998	0.0211390625
27.756	0.021059375
27.758	0.0209703125
27.759999999999998	0.0208828125
27.762	0.020800000000000003
27.764	0.020728125
27.766	0.020659375
27.768	0.0205875
27.77	0.020503125
27.772	0.0204
27.774	0.0202890625
27.776	0.020175000000000002
27.778	0.020076562500000002
27.779999999999998	0.020014062500000002
27.782	0.02
27.784	0.0200390625
27.785999999999998	0.020115625
27.788	0.0202140625
27.79	0.020315625
27.791999999999998	0.0204
27.794	0.02045
27.796	0.0204609375
27.798	0.020446875
27.8	0.020421875000000003
27.802	0.0204
27.804	0.020384375
27.806	0.02038125
27.808	0.0203875
27.81	0.020396875000000002
27.811999999999998	0.0204
27.814	0.0203796875
27.816	0.020331250000000002
27.817999999999998	0.02025
27.82	0.020139062500000002
27.822	0.02
27.823999999999998	0.01984375
27.826	0.0196765625
27.828	0.019509375000000002
27.83	0.0193484375
27.832	0.019200000000000002
27.834	0.0190828125
27.836	0.0189859375
27.838	0.018909375000000003
27.84	0.018848437500000002
27.842	0.0188
27.844	0.018778125
27.846	0.018765625
27.848	0.0187625
27.849999999999998	0.018771875
27.852	0.0188
27.854	0.0188609375
27.855999999999998	0.018934375
27.858	0.01901875
27.86	0.0191078125
27.862	0.019200000000000002
27.864	0.0193015625
27.866	0.01939375
27.868	0.019475
27.87	0.019545312500000002
27.872	0.0196
27.874	0.01965
27.876	0.019678125
27.878	0.0196828125
27.88	0.01965625
27.881999999999998	0.0196
27.884	0.019528125
27.886	0.01944375
27.887999999999998	0.019354687500000002
27.89	0.019271875
27.892	0.019200000000000002
27.894	0.0191578125
27.896	0.019140625
27.898	0.0191453125
27.9	0.019165625000000002
27.902	0.019200000000000002
27.904	0.01925
27.906	0.0193125
27.908	0.019389062500000002
27.91	0.019484375
27.912	0.0196
27.914	0.019732812500000002
27.916	0.01988125
27.918	0.020048437500000002
27.919999999999998	0.0202234375
27.922	0.0204
27.924	0.020550000000000002
27.926	0.020671875
27.928	0.0207578125
27.93	0.020801562500000002
27.932	0.020800000000000003
27.934	0.020743750000000002
27.936	0.0206609375
27.938	0.02056875
27.94	0.020478125
27.942	0.0204
27.944	0.0203234375
27.946	0.0202578125
27.948	0.0201921875
27.95	0.020110937500000002
27.952	0.02
27.954	0.019853125
27.956	0.019684375
27.958	0.019507812500000003
27.96	0.019340625
27.962	0.019200000000000002
27.964	0.01910625
27.966	0.0190625
27.968	0.019068750000000002
27.97	0.01911875
27.972	0.019200000000000002
27.974	0.01930625
27.976	0.019409375
27.978	0.019496875
27.98	0.0195609375
27.982	0.0196
27.984	0.0196265625
27.986	0.01963125
27.988	0.019621875
27.99	0.019609375000000002
27.992	0.0196
27.994	0.0196125
27.996	0.019628125
27.998	0.019637500000000002
28.0	0.01963125
28.002	0.0196
28.004	0.0195578125
28.006	0.0194890625
28.008	0.0194015625
28.01	0.0193
28.012	0.019200000000000002
28.014	0.0191265625
28.016000000000002	0.019084375
28.018	0.0190796875
28.02	0.01911875
28.022000000000002	0.019200000000000002
28.024	0.019323437500000002
28.026	0.0194734375
28.028	0.01964375
28.03	0.019821875
28.032	0.02
28.034	0.020159375
28.036	0.0203125
28.038	0.020465625
28.04	0.020628125
28.042	0.020800000000000003
28.044	0.02094375
28.046	0.02106875
28.048000000000002	0.0211625
28.05	0.021210937500000002
28.052	0.0212
28.054000000000002	0.02109375
28.056	0.0209390625
28.058	0.02075625
28.06	0.020571875
28.062	0.0204
28.064	0.020228125
28.066	0.020075000000000003
28.068	0.01993125
28.07	0.0197796875
28.072	0.0196
28.074	0.0193765625
28.076	0.0191265625
28.078	0.018865625
28.080000000000002	0.01861875
28.082	0.0184
28.084	0.018240625
28.086000000000002	0.018128125000000002
28.088	0.0180578125
28.09	0.0180203125
28.092000000000002	0.018000000000000002
28.094	0.0180125
28.096	0.0180203125
28.098	0.01801875
28.1	0.018009375
28.102	0.018000000000000002
28.104	0.0180171875
28.106	0.0180265625
28.108	0.0180265625
28.11	0.0180171875
28.112000000000002	0.018000000000000002
28.114	0.017996875000000002
28.116	0.0179875
28.118000000000002	0.017978125
28.12	0.01798125
28.122	0.018000000000000002
28.124000000000002	0.018053125
28.126	0.018121875000000003
28.128	0.0182046875
28.130000000000003	0.0183
28.132	0.0184
28.134	0.0184953125
28.136	0.018584375
28.138	0.018665625
28.14	0.0187390625
28.142	0.0188
28.144000000000002	0.0188359375
28.146	0.018853125000000002
28.148	0.0188546875
28.150000000000002	0.0188375
28.152	0.0188
28.154	0.0187390625
28.156000000000002	0.018664062500000002
28.158	0.0185796875
28.16	0.018490625
28.162000000000003	0.0184
28.164	0.018309375
28.166	0.018225
28.168	0.018146875
28.17	0.0180734375
28.172	0.018000000000000002
28.174	0.017928125
28.176000000000002	0.0178515625
28.178	0.0177703125
28.18	0.017685937500000002
28.182000000000002	0.0176
28.184	0.017526562500000002
28.186	0.0174734375
28.188000000000002	0.017460937500000002
28.19	0.0175015625
28.192	0.0176
28.194000000000003	0.017743750000000003
28.196	0.0179140625
28.198	0.018093750000000002
28.2	0.0182625
28.202	0.0184
28.204	0.018473437500000002
28.206	0.01849375
28.208000000000002	0.0184765625
28.21	0.018440625000000002
28.212	0.0184
28.214	0.018343750000000002
28.216	0.018284375000000002
28.218	0.018215625
28.22	0.018126562500000002
28.221999999999998	0.018000000000000002
28.224	0.017821875
28.226	0.0176015625
28.227999999999998	0.01735
28.23	0.017078125
28.232	0.016800000000000002
28.233999999999998	0.0165328125
28.235999999999997	0.016278125
28.238	0.0160375
28.24	0.0158109375
28.241999999999997	0.015600000000000001
28.244	0.015428125
28.246	0.0152890625
28.247999999999998	0.015196875
28.249999999999996	0.0151640625
28.252	0.0152
28.253999999999998	0.015317187500000001
28.255999999999997	0.015475000000000001
28.258	0.015653125
28.259999999999998	0.0158328125
28.261999999999997	0.016
28.264	0.0161453125
28.266	0.016246875
28.267999999999997	0.0163140625
28.27	0.016362500000000002
28.272	0.0164
28.273999999999997	0.0164359375
28.275999999999996	0.016459375000000002
28.278	0.0164671875
28.279999999999998	0.01645
28.281999999999996	0.0164
28.284	0.0163046875
28.285999999999998	0.01616875
28.287999999999997	0.0159984375
28.29	0.0158046875
28.291999999999998	0.015600000000000001
28.293999999999997	0.0154
28.296	0.015215625
28.298	0.0150515625
28.299999999999997	0.0149125
28.302	0.0148
28.304	0.014729687500000001
28.305999999999997	0.01469375
28.307999999999996	0.0146953125
28.31	0.014732812500000001
28.311999999999998	0.0148
28.313999999999997	0.014903125000000001
28.316	0.0150078125
28.317999999999998	0.0151
28.319999999999997	0.015165625
28.322	0.0152
28.323999999999998	0.015218750000000001
28.325999999999997	0.0152125
28.328	0.015196875
28.33	0.015187500000000001
28.331999999999997	0.0152
28.334	0.015259375
28.336	0.0153421875
28.337999999999997	0.0154359375
28.34	0.0155265625
28.342	0.015600000000000001
28.343999999999998	0.015653125
28.345999999999997	0.0156734375
28.348	0.015665625000000002
28.349999999999998	0.015637500000000002
28.351999999999997	0.015600000000000001
28.354	0.015564062500000002
28.355999999999998	0.0155421875
28.357999999999997	0.015540625
28.36	0.0155609375
28.362	0.015600000000000001
28.363999999999997	0.01565625
28.366	0.015729687500000002
28.368	0.0158140625
28.369999999999997	0.01590625
28.372	0.016
28.374	0.0160921875
28.375999999999998	0.01618125
28.378	0.016265625000000002
28.38	0.0163390625
28.381999999999998	0.0164
28.383999999999997	0.0164453125
28.386	0.016471875
28.387999999999998	0.0164765625
28.389999999999997	0.016453125000000002
28.392	0.0164
28.394	0.016328125000000002
28.395999999999997	0.01624375
28.398	0.0161546875
28.4	0.016071875
28.401999999999997	0.016
28.404	0.0159578125
28.406	0.015940625
28.407999999999998	0.0159453125
28.41	0.015965625
28.412	0.016
28.413999999999998	0.016050000000000002
28.415999999999997	0.016112500000000002
28.418	0.0161890625
28.419999999999998	0.016284375
28.421999999999997	0.0164
28.424	0.0165359375
28.426	0.0166875
28.427999999999997	0.0168546875
28.43	0.017028125
28.432	0.0172
28.433999999999997	0.0173484375
28.436	0.0174703125
28.438	0.017556250000000002
28.439999999999998	0.0176
28.442	0.0176
28.444	0.0175515625
28.445999999999998	0.017475
28.448	0.017384375
28.45	0.017290625
28.451999999999998	0.0172
28.453999999999997	0.017114062500000003
28.456	0.0170375
28.458	0.0169671875
28.459999999999997	0.016890625
28.462	0.016800000000000002
28.464	0.0166953125
28.465999999999998	0.016590625
28.468	0.016496875
28.47	0.0164296875
28.471999999999998	0.0164
28.474	0.016415625
28.476	0.0164734375
28.477999999999998	0.016565625
28.48	0.016679687500000002
28.482	0.016800000000000002
28.483999999999998	0.0169125
28.485999999999997	0.0170078125
28.488	0.017085937500000002
28.49	0.017148437500000002
28.491999999999997	0.0172
28.494	0.0172375
28.496	0.0172578125
28.497999999999998	0.0172609375
28.5	0.017242187500000002
28.502	0.0172
28.503999999999998	0.0171359375
28.506	0.017056250000000002
28.508	0.0169703125
28.509999999999998	0.0168828125
28.512	0.016800000000000002
28.514	0.016728125
28.516	0.016659375
28.518	0.0165875
28.52	0.016503125
28.522	0.0164
28.523999999999997	0.016296875000000002
28.526	0.01619375
28.528	0.0161015625
28.529999999999998	0.0160328125
28.532	0.016
28.534	0.0160234375
28.535999999999998	0.0160859375
28.538	0.016178125
28.54	0.0162875
28.541999999999998	0.0164
28.544	0.0165140625
28.546	0.016609375
28.548	0.016684375
28.55	0.016746875
28.552	0.016800000000000002
28.554	0.0168546875
28.556	0.0169171875
28.558	0.016992187500000002
28.56	0.017087500000000002
28.561999999999998	0.0172
28.564	0.0173109375
28.566	0.0174171875
28.567999999999998	0.0175078125
28.57	0.017571875
28.572	0.0176
28.573999999999998	0.01756875
28.576	0.0175015625
28.578	0.017409375
28.58	0.017306250000000002
28.582	0.0172
28.584	0.017085937500000002
28.586	0.016989062500000002
28.588	0.0169109375
28.59	0.0168515625
28.592	0.016800000000000002
28.593999999999998	0.016740625000000002
28.596	0.016673437500000002
28.598	0.01659375
28.599999999999998	0.016503125
28.602	0.0164
28.604	0.0162875
28.605999999999998	0.0161796875
28.608	0.0160890625
28.61	0.016028125
28.612	0.016
28.614	0.0160046875
28.616	0.0160234375
28.618	0.0160375
28.62	0.016034375
28.622	0.016
28.624	0.0159390625
28.626	0.0158484375
28.628	0.0157484375
28.63	0.0156609375
28.631999999999998	0.015600000000000001
28.634	0.015582812500000001
28.636	0.015590625
28.637999999999998	0.0156078125
28.64	0.015615625000000001
28.642	0.015600000000000001
28.644	0.01555625
28.646	0.0154796875
28.648	0.01538125
28.65	0.015282812500000001
28.652	0.0152
28.654	0.015156250000000001
28.656	0.015142187500000001
28.658	0.0151515625
28.66	0.015175000000000001
28.662	0.0152
28.663999999999998	0.0152234375
28.666	0.015232812500000002
28.668	0.015228125
28.669999999999998	0.015215625
28.672	0.0152
28.674	0.0151953125
28.676	0.0151921875
28.678	0.01519375
28.68	0.015196875
28.682	0.0152
28.684	0.015206250000000001
28.686	0.0152078125
28.688	0.015206250000000001
28.69	0.015203125000000001
28.692	0.0152
28.694	0.015203125000000001
28.696	0.015206250000000001
28.698	0.0152078125
28.7	0.015206250000000001
28.701999999999998	0.0152
28.704	0.015196875
28.706	0.01519375
28.708	0.0151921875
28.71	0.0151953125
28.712	0.0152
28.714	0.015215625
28.716	0.015228125
28.718	0.015232812500000002
28.72	0.0152234375
28.722	0.0152
28.724	0.015175000000000001
28.726	0.0151515625
28.728	0.015142187500000001
28.73	0.015156250000000001
28.732	0.0152
28.734	0.0152765625
28.736	0.0153703125
28.738	0.015465625
28.74	0.015546875
28.742	0.015600000000000001
28.744	0.015621875
28.746	0.0156171875
28.748	0.0156015625
28.75	0.015590625
28.752	0.015600000000000001
28.754	0.0156421875
28.756	0.0157140625
28.758	0.0158078125
28.76	0.015909375
28.762	0.016
28.764	0.01606875
28.766000000000002	0.0161046875
28.768	0.0161046875
28.77	0.01606875
28.772	0.016
28.774	0.0159171875
28.776	0.015828125000000002
28.778	0.0157421875
28.78	0.0156640625
28.782	0.015600000000000001
28.784	0.015565625000000001
28.786	0.015553125000000001
28.788	0.0155578125
28.79	0.015575
28.792	0.015600000000000001
28.794	0.0156484375
28.796	0.0157109375
28.798000000000002	0.0157875
28.8	0.0158828125
28.802	0.016
28.804000000000002	0.016142187500000002
28.806	0.016301562500000002
28.808	0.0164703125
28.81	0.016640625
28.812	0.016800000000000002
28.814	0.0169390625
28.816	0.01705
28.818	0.01713125
28.82	0.017179687500000002
28.822	0.0172
28.824	0.017196875
28.826	0.0171875
28.828	0.017181250000000002
28.830000000000002	0.017184375
28.832	0.0172
28.834	0.017225
28.836000000000002	0.017253125
28.838	0.01726875
28.84	0.0172546875
28.842	0.0172
28.844	0.017117187500000002
28.846	0.01701875
28.848	0.016921875
28.85	0.01684375
28.852	0.016800000000000002
28.854	0.0168203125
28.856	0.0168890625
28.858	0.016989062500000002
28.86	0.0170984375
28.862000000000002	0.0172
28.864	0.0173
28.866	0.01738125
28.868000000000002	0.0174515625
28.87	0.0175203125
28.872	0.0176
28.874000000000002	0.0177203125
28.876	0.01786875
28.878	0.0180390625
28.88	0.018218750000000002
28.882	0.0184
28.884	0.0185796875
28.886	0.01875
28.888	0.018910937500000002
28.89	0.0190609375
28.892	0.019200000000000002
28.894000000000002	0.019323437500000002
28.896	0.0194328125
28.898	0.0195203125
28.900000000000002	0.019578125000000002
28.902	0.0196
28.904	0.019584375
28.906000000000002	0.0195625
28.908	0.01955
28.91	0.0195609375
28.912	0.0196
28.914	0.0196609375
28.916	0.0197484375
28.918	0.019846875
28.92	0.0199375
28.922	0.02
28.924	0.020017187500000002
28.926000000000002	0.020010937500000003
28.928	0.019996875
28.93	0.0199890625
28.932000000000002	0.02
28.934	0.02003125
28.936	0.0200953125
28.938000000000002	0.0201890625
28.94	0.020295312500000003
28.942	0.0204
28.944000000000003	0.0204703125
28.946	0.0205078125
28.948	0.0205078125
28.95	0.0204703125
28.952	0.0204
28.954	0.020301562500000002
28.956	0.020200000000000003
28.958000000000002	0.020109375000000002
28.96	0.020040625
28.962	0.02
28.964000000000002	0.0199890625
28.966	0.02
28.968	0.020015625000000002
28.970000000000002	0.0200203125
28.972	0.02
28.974	0.019956250000000002
28.976	0.019884375
28.978	0.019792187500000002
28.98	0.01969375
28.982	0.0196
28.984	0.019542187500000002
28.986	0.019514062500000002
28.988	0.0195171875
28.99	0.0195484375
28.992	0.0196
28.994	0.01968125
28.996	0.019765625000000002
28.997999999999998	0.0198484375
29.0	0.019928125
29.002	0.02
29.003999999999998	0.020078125000000002
29.006	0.0201546875
29.008	0.020231250000000003
29.009999999999998	0.0203125
29.011999999999997	0.0204
29.014	0.020496875
29.016	0.0205921875
29.017999999999997	0.02068125
29.02	0.0207515625
29.022	0.020800000000000003
29.023999999999997	0.020829687500000003
29.025999999999996	0.0208390625
29.028	0.020834375000000002
29.029999999999998	0.02081875
29.031999999999996	0.020800000000000003
29.034	0.020790625
29.035999999999998	0.0207890625
29.037999999999997	0.0207953125
29.04	0.020801562500000002
29.041999999999998	0.020800000000000003
29.043999999999997	0.020798437500000003
29.046	0.0207953125
29.048	0.02079375
29.049999999999997	0.02079375
29.052	0.020800000000000003
29.054	0.020831250000000003
29.055999999999997	0.0208859375
29.057999999999996	0.020965625
29.06	0.021071875
29.061999999999998	0.0212
29.063999999999997	0.0213515625
29.066	0.021515625
29.067999999999998	0.021685937500000002
29.069999999999997	0.02185
29.072	0.022000000000000002
29.073999999999998	0.022126562500000002
29.075999999999997	0.0222296875
29.078	0.022309375
29.08	0.022365625
29.081999999999997	0.0224
29.084	0.022409375000000002
29.086	0.022409375000000002
29.087999999999997	0.022407812500000002
29.089999999999996	0.022403125
29.092	0.0224
29.093999999999998	0.02239375
29.095999999999997	0.0223921875
29.098	0.0223953125
29.099999999999998	0.0224
29.101999999999997	0.0224
29.104	0.0223890625
29.105999999999998	0.022381250000000002
29.107999999999997	0.022381250000000002
29.11	0.0223875
29.112	0.0224
29.113999999999997	0.022410937500000002
29.116	0.022421875
29.118	0.022428125
29.119999999999997	0.022421875
29.122	0.0224
29.124	0.0223671875
29.125999999999998	0.0223375
29.127999999999997	0.0223265625
29.13	0.022345312500000002
29.131999999999998	0.0224
29.133999999999997	0.0224890625
29.136	0.022595312500000003
29.137999999999998	0.022696875000000002
29.139999999999997	0.022771875
29.142	0.0228
29.144	0.022775
29.145999999999997	0.022703125
29.148	0.022603125
29.15	0.0224953125
29.151999999999997	0.0224
29.154	0.022340625
29.156	0.022318750000000002
29.157999999999998	0.0223296875
29.16	0.0223609375
29.162	0.0224
29.163999999999998	0.022439062500000002
29.165999999999997	0.0224609375
29.168	0.0224609375
29.169999999999998	0.022439062500000002
29.171999999999997	0.0224
29.174	0.0223640625
29.176	0.0223359375
29.177999999999997	0.022328125
29.18	0.022350000000000002
29.182	0.0224
29.183999999999997	0.022490625
29.186	0.022593750000000003
29.188	0.022692187500000002
29.189999999999998	0.0227640625
29.192	0.0228
29.194	0.0228125
29.195999999999998	0.0228
29.197999999999997	0.02278125
29.2	0.0227765625
29.201999999999998	0.0228
29.203999999999997	0.022871875
29.206	0.0229703125
29.208	0.023073437500000002
29.209999999999997	0.02315625
29.212	0.023200000000000002
29.214	0.02320625
29.215999999999998	0.023184375
29.218	0.023159375
29.22	0.02315625
29.221999999999998	0.023200000000000002
29.224	0.02330625
29.226	0.0234625
29.227999999999998	0.02365
29.23	0.0238375
29.232	0.024
29.233999999999998	0.0241171875
29.235999999999997	0.024200000000000003
29.238	0.024262500000000003
29.24	0.024325000000000003
29.241999999999997	0.0244
29.244	0.02449375
29.246	0.0246015625
29.247999999999998	0.024704687500000003
29.25	0.024778125
29.252	0.024800000000000003
29.253999999999998	0.0247609375
29.256	0.024681250000000002
29.258	0.024579687500000003
29.259999999999998	0.0244796875
29.262	0.0244
29.264	0.024362500000000002
29.266	0.024360937500000002
29.267999999999997	0.02438125
29.27	0.0244
29.272	0.0244
29.273999999999997	0.02438125
29.276	0.0243515625
29.278	0.024332812500000002
29.279999999999998	0.02434375
29.282	0.0244
29.284	0.0245109375
29.285999999999998	0.0246671875
29.288	0.02485
29.29	0.025034375
29.291999999999998	0.0252
29.294	0.025325
29.296	0.0254140625
29.298	0.025478125
29.3	0.0255359375
29.302	0.0256
29.304	0.02566875
29.305999999999997	0.025753125
29.308	0.025846875000000002
29.31	0.025934375000000003
29.311999999999998	0.026000000000000002
29.314	0.026015625
29.316	0.025984375
29.317999999999998	0.025903125000000003
29.32	0.025773437500000003
29.322	0.0256
29.323999999999998	0.025404687500000002
29.326	0.025210937500000002
29.328	0.0250375
29.33	0.024898437500000002
29.332	0.024800000000000003
29.334	0.0247578125
29.336	0.0247546875
29.338	0.024773437500000002
29.34	0.02479375
29.342	0.024800000000000003
29.343999999999998	0.024804687500000002
29.346	0.02479375
29.348	0.0247796875
29.349999999999998	0.024775000000000002
29.352	0.024800000000000003
29.354	0.0248875
29.355999999999998	0.025020312500000003
29.358	0.0251921875
29.36	0.025390625
29.362	0.0256
29.364	0.0258203125
29.366	0.0260203125
29.368	0.026187500000000002
29.37	0.026314062500000002
29.372	0.0264
29.374	0.0264515625
29.375999999999998	0.026470312500000003
29.378	0.0264640625
29.38	0.026437500000000003
29.381999999999998	0.0264
29.384	0.0263625
29.386	0.026340625000000003
29.387999999999998	0.0263390625
29.39	0.026359375
29.392	0.0264
29.394	0.02645625
29.396	0.026531250000000003
29.398	0.02661875
29.4	0.026709375
29.402	0.0268
29.404	0.026875
29.406	0.02695
29.408	0.027028125
29.41	0.0271125
29.412	0.027200000000000002
29.413999999999998	0.0272796875
29.416	0.0273640625
29.418	0.027450000000000002
29.419999999999998	0.02753125
29.422	0.027600000000000003
29.424	0.027642187500000002
29.426	0.027665625000000003
29.428	0.027665625000000003
29.43	0.02764375
29.432	0.027600000000000003
29.434	0.027537500000000003
29.436	0.0274671875
29.438	0.027387500000000002
29.44	0.027296875
29.442	0.027200000000000002
29.444	0.0271125
29.445999999999998	0.02703125
29.448	0.0269515625
29.45	0.026875
29.451999999999998	0.0268
29.454	0.026757812500000002
29.456	0.026734375
29.458	0.02673125
29.46	0.026753125000000003
29.462	0.0268
29.464	0.0268984375
29.466	0.0270296875
29.468	0.027193750000000003
29.47	0.027382812500000003
29.472	0.027600000000000003
29.474	0.027834375
29.476	0.028078125000000002
29.478	0.0283234375
29.48	0.028565625
29.482	0.028800000000000003
29.483999999999998	0.029003125
29.486	0.029185937500000002
29.488	0.0293484375
29.49	0.0294859375
29.492	0.0296
29.494	0.0296609375
29.496	0.0296953125
29.498	0.0296984375
29.5	0.0296671875
29.502	0.0296
29.504	0.029478125
29.506	0.029334375000000003
29.508	0.0291703125
29.51	0.028990625000000003
29.512	0.028800000000000003
29.514	0.028603125
29.516000000000002	0.028421875000000003
29.518	0.028259375
29.52	0.0281171875
29.522	0.028
29.524	0.027923437500000002
29.526	0.027885937500000003
29.528	0.027887500000000003
29.53	0.027925000000000002
29.532	0.028
29.534	0.028121875
29.536	0.028270312500000002
29.538	0.0284375
29.54	0.028615625000000002
29.542	0.028800000000000003
29.544	0.028987500000000003
29.546	0.0291625
29.548000000000002	0.0293234375
29.55	0.029468750000000002
29.552	0.0296
29.554	0.029709375000000003
29.556	0.029803125
29.558	0.02988125
29.56	0.029946875
29.562	0.030000000000000002
29.564	0.030025000000000003
29.566	0.0300375
29.568	0.0300390625
29.57	0.030026562500000003
29.572	0.030000000000000002
29.574	0.029937500000000002
29.576	0.029865625
29.578	0.029784375000000002
29.580000000000002	0.0296953125
29.582	0.0296
29.584	0.029489062500000003
29.586000000000002	0.029390625
29.588	0.029306250000000002
29.59	0.029242187500000003
29.592	0.0292
29.594	0.0291703125
29.596	0.0291609375
29.598	0.029165625
29.6	0.029181250000000002
29.602	0.0292
29.604	0.029212500000000002
29.606	0.029217187500000002
29.608	0.029214062500000002
29.61	0.029207812500000003
29.612000000000002	0.0292
29.614	0.0291875
29.616	0.029178125000000003
29.618000000000002	0.029175000000000003
29.62	0.029181250000000002
29.622	0.0292
29.624	0.029212500000000002
29.626	0.029221875
29.628	0.029225
29.63	0.02921875
29.632	0.0292
29.634	0.029146875000000003
29.636	0.029075
29.638	0.028987500000000003
29.64	0.028893750000000003
29.642	0.028800000000000003
29.644000000000002	0.028696875
29.646	0.0286015625
29.648	0.028520312500000002
29.650000000000002	0.028453125000000003
29.652	0.0284
29.654	0.028346875
29.656000000000002	0.0282875
29.658	0.0282140625
29.66	0.0281203125
29.662	0.028
29.664	0.027859375000000002
29.666	0.027698437500000003
29.668	0.0275265625
29.67	0.027356250000000002
29.672	0.027200000000000002
29.674	0.027078125
29.676000000000002	0.026978125000000002
29.678	0.0269
29.68	0.0268421875
29.682000000000002	0.0268
29.684	0.026787500000000002
29.686	0.0267796875
29.688000000000002	0.0267765625
29.69	0.026781250000000003
29.692	0.0268
29.694	0.026850000000000002
29.696	0.026914062500000002
29.698	0.02699375
29.7	0.027090625
29.702	0.027200000000000002
29.704	0.027318750000000003
29.706	0.027428125
29.708000000000002	0.0275171875
29.71	0.027576562500000002
29.712	0.027600000000000003
29.714000000000002	0.027579687500000002
29.716	0.02751875
29.718	0.027428125
29.720000000000002	0.027318750000000003
29.722	0.027200000000000002
29.724	0.0270875
29.726000000000003	0.0269875
29.728	0.02690625
29.73	0.02684375
29.732	0.0268
29.734	0.026778125
29.736	0.0267703125
29.738	0.0267734375
29.740000000000002	0.026785937500000002
29.742	0.0268
29.744	0.026815625000000003
29.746000000000002	0.026825
29.748	0.0268265625
29.75	0.026817187500000002
29.752	0.0268
29.754	0.026785937500000002
29.756	0.026771875
29.758	0.026765625
29.76	0.0267734375
29.762	0.0268
29.764	0.0268609375
29.766	0.026939062500000003
29.768	0.0270265625
29.77	0.0271171875
29.772	0.027200000000000002
29.774	0.027271875
29.776	0.027315625
29.778	0.027320312500000003
29.779999999999998	0.02728125
29.782	0.027200000000000002
29.784	0.027096875000000003
29.785999999999998	0.0269875
29.787999999999997	0.026890625
29.79	0.026823437500000002
29.791999999999998	0.0268
29.793999999999997	0.026834375
29.796	0.026907812500000003
29.798	0.027006250000000002
29.799999999999997	0.0271078125
29.801999999999996	0.027200000000000002
29.804	0.027275
29.806	0.0273390625
29.807999999999996	0.0274046875
29.81	0.0274859375
29.812	0.027600000000000003
29.813999999999997	0.027737500000000002
29.816	0.027903125
29.818	0.028081250000000002
29.819999999999997	0.0282546875
29.822	0.0284
29.823999999999995	0.028489062500000002
29.825999999999997	0.0285296875
29.828	0.028521875000000002
29.829999999999995	0.028475
29.831999999999997	0.0284
29.834	0.028303125000000002
29.835999999999995	0.028209375000000002
29.837999999999997	0.0281265625
29.84	0.0280578125
29.841999999999995	0.028
29.843999999999998	0.027940625
29.846	0.0278828125
29.847999999999995	0.0278109375
29.849999999999998	0.0277171875
29.852	0.027600000000000003
29.853999999999996	0.027465625
29.855999999999998	0.0273390625
29.858	0.0272390625
29.859999999999996	0.0271875
29.862	0.027200000000000002
29.864	0.0272828125
29.865999999999996	0.0274265625
29.868	0.027609375000000002
29.87	0.0278078125
29.871999999999996	0.028
29.874	0.028159375
29.876	0.028275
29.877999999999997	0.0283484375
29.88	0.0283859375
29.882	0.0284
29.883999999999997	0.0284015625
29.886	0.0284015625
29.888	0.028403125
29.889999999999997	0.028403125
29.892	0.0284
29.893999999999995	0.028384375
29.895999999999997	0.028346875
29.898	0.0282734375
29.899999999999995	0.0281578125
29.901999999999997	0.028
29.904	0.027815625
29.905999999999995	0.0276234375
29.907999999999998	0.027442187500000003
29.91	0.027295312500000002
29.911999999999995	0.027200000000000002
29.913999999999998	0.027178125
29.916	0.02721875
29.917999999999996	0.0273140625
29.919999999999998	0.027446875000000003
29.922	0.027600000000000003
29.923999999999996	0.027759375000000003
29.926	0.027917187500000003
29.928	0.028071875000000003
29.929999999999996	0.028231250000000003
29.932	0.0284
29.934	0.0285703125
29.935999999999996	0.028743750000000002
29.938	0.0289125
29.94	0.02906875
29.941999999999997	0.0292
29.944	0.0292828125
29.946	0.029325
29.947999999999997	0.0293234375
29.95	0.02928125
29.952	0.0292
29.953999999999997	0.029081250000000003
29.956	0.0289390625
29.958000000000002	0.028776562500000002
29.959999999999997	0.0285953125
29.962	0.0284
29.963999999999995	0.028201562500000003
29.965999999999998	0.028015625000000002
29.968	0.02785
29.969999999999995	0.027709375
29.971999999999998	0.027600000000000003
29.974	0.0275328125
29.975999999999996	0.027503125
29.977999999999998	0.027507812500000003
29.98	0.027539062500000003
29.981999999999996	0.027600000000000003
29.983999999999998	0.027690625
29.986	0.0278109375
29.987999999999996	0.027965625
29.99	0.0281625
29.992	0.0284
29.993999999999996	0.0286578125
29.996	0.028925000000000003
29.998	0.029181250000000002
29.999999999999996	0.0294109375
30.002	0.0296
30.004	0.029703125
30.005999999999997	0.029742187500000003
30.008	0.0297296875
30.01	0.029678125000000003
30.011999999999997	0.0296
30.014	0.0294734375
30.016000000000002	0.02933125
30.017999999999997	0.0291734375
30.02	0.0289984375
30.022000000000002	0.028800000000000003
30.023999999999997	0.0285578125
30.026	0.0283046875
30.028000000000002	0.0280546875
30.029999999999998	0.027815625
30.032	0.027600000000000003
30.033999999999995	0.0274
30.035999999999998	0.027228125000000002
30.038	0.027075000000000002
30.039999999999996	0.026934375
30.041999999999998	0.0268
30.044	0.026678125
30.045999999999996	0.026564062500000003
30.048	0.026471875000000002
30.05	0.026414062500000002
30.051999999999996	0.0264
30.054	0.026443750000000002
30.056	0.026515625
30.057999999999996	0.0266078125
30.06	0.02670625
30.062	0.0268
30.063999999999997	0.026875
30.066	0.026907812500000003
30.068	0.0269015625
30.069999999999997	0.0268625
30.072	0.0268
30.074	0.026723437500000002
30.075999999999997	0.026634375000000002
30.078	0.026546875
30.080000000000002	0.026467187500000003
30.081999999999997	0.0264
30.084	0.0263390625
30.086000000000002	0.026275
30.087999999999997	0.0262015625
30.09	0.0261125
30.092000000000002	0.026000000000000002
30.093999999999998	0.0258625
30.096	0.025703125
30.098000000000003	0.025531250000000002
30.099999999999998	0.025359375
30.102	0.0252
30.103999999999996	0.02506875
30.105999999999998	0.024964062500000002
30.108	0.024884375
30.109999999999996	0.024832812500000002
30.112	0.024800000000000003
30.114	0.02479375
30.115999999999996	0.0247921875
30.118	0.02479375
30.12	0.0247953125
30.121999999999996	0.024800000000000003
30.124	0.024815625
30.126	0.0248234375
30.127999999999997	0.024821875
30.13	0.0248140625
30.132	0.024800000000000003
30.133999999999997	0.024790625
30.136	0.0247796875
30.138	0.024773437500000002
30.139999999999997	0.0247796875
30.142	0.024800000000000003
30.144000000000002	0.024834375000000002
30.145999999999997	0.024862500000000003
30.148	0.024871875
30.150000000000002	0.024853125
30.151999999999997	0.024800000000000003
30.154	0.02471875
30.156000000000002	0.024618750000000002
30.157999999999998	0.024520312500000002
30.16	0.02444375
30.162000000000003	0.0244
30.163999999999998	0.024395312500000002
30.166	0.0244140625
30.168000000000003	0.024434375
30.169999999999998	0.0244359375
30.172	0.0244
30.173999999999996	0.024326562500000003
30.176	0.024225
30.178	0.02411875
30.179999999999996	0.0240359375
30.182	0.024
30.184	0.024025
30.185999999999996	0.024096875
30.188	0.024200000000000003
30.19	0.024309375
30.191999999999997	0.0244
30.194	0.024451562500000003
30.196	0.0244625
30.197999999999997	0.024446875
30.2	0.024420312500000003
30.202	0.0244
30.203999999999997	0.0243875
30.206	0.024389062500000003
30.208000000000002	0.0243984375
30.209999999999997	0.02440625
30.212	0.0244
30.214000000000002	0.024359375000000003
30.215999999999998	0.024290625
30.218	0.024201562500000003
30.220000000000002	0.0241015625
30.221999999999998	0.024
30.224	0.0239
30.226000000000003	0.0238109375
30.227999999999998	0.023732812500000002
30.23	0.023664062500000003
30.232000000000003	0.0236
30.233999999999998	0.0235375
30.236	0.02346875
30.238000000000003	0.023390625
30.24	0.0233015625
30.242	0.023200000000000002
30.244000000000003	0.023106250000000002
30.246	0.0230125
30.248	0.022925
30.249999999999996	0.022853125000000002
30.252	0.0228
30.254	0.022787500000000002
30.255999999999997	0.022787500000000002
30.258	0.0227953125
30.26	0.0228015625
30.261999999999997	0.0228
30.264	0.0228109375
30.266000000000002	0.022809375
30.267999999999997	0.0228015625
30.27	0.0227953125
30.272000000000002	0.0228
30.273999999999997	0.0228375
30.276	0.0228984375
30.278000000000002	0.022979687500000002
30.279999999999998	0.0230828125
30.282	0.023200000000000002
30.284000000000002	0.023326562500000002
30.285999999999998	0.023440625
30.288	0.023528125
30.290000000000003	0.0235828125
30.291999999999998	0.0236
30.294	0.023584375
30.296000000000003	0.0235578125
30.298	0.023539062500000003
30.3	0.02355
30.302000000000003	0.0236
30.304	0.02368125
30.306	0.0237875
30.308000000000003	0.023892187500000002
30.31	0.0239703125
30.312	0.024
30.314000000000004	0.0239609375
30.316	0.023878125
30.318	0.023771875
30.319999999999997	0.023673437500000002
30.322	0.0236
30.324	0.0235609375
30.325999999999997	0.0235609375
30.328	0.0235828125
30.330000000000002	0.023603125000000003
30.331999999999997	0.0236
30.334	0.0235578125
30.336000000000002	0.023481250000000002
30.337999999999997	0.023382812500000003
30.34	0.0232828125
30.342000000000002	0.023200000000000002
30.343999999999998	0.0231484375
30.346	0.023129687500000003
30.348000000000003	0.0231390625
30.349999999999998	0.023167187500000002
30.352	0.023200000000000002
30.354000000000003	0.023225000000000003
30.355999999999998	0.023234375
30.358	0.023229687500000002
30.360000000000003	0.023215625
30.362	0.023200000000000002
30.364	0.0231875
30.366000000000003	0.023178125
30.368	0.0231765625
30.37	0.023184375
30.372000000000003	0.023200000000000002
30.374	0.02321875
30.376	0.023234375
30.378000000000004	0.0232390625
30.38	0.023229687500000002
30.382	0.023200000000000002
30.384000000000004	0.0231515625
30.386	0.02308125
30.388	0.0229953125
30.389999999999997	0.0229
30.392	0.0228
30.394000000000002	0.02270625
30.395999999999997	0.02261875
30.398	0.022537500000000002
30.400000000000002	0.0224640625
30.401999999999997	0.0224
30.404	0.02235625
30.406000000000002	0.022328125
30.407999999999998	0.0223234375
30.41	0.022346875000000002
30.412000000000003	0.0224
30.413999999999998	0.02248125
30.416	0.022571875
30.418000000000003	0.022662500000000002
30.419999999999998	0.0227421875
30.422	0.0228
30.424000000000003	0.02283125
30.426	0.0228359375
30.428	0.022825
30.430000000000003	0.022809375
30.432	0.0228
30.434	0.0227953125
30.436000000000003	0.022796875
30.438	0.022803125
30.44	0.0228078125
30.442000000000004	0.0228
30.444	0.022765625
30.446	0.0227046875
30.448000000000004	0.0226203125
30.45	0.0225171875
30.452	0.0224
30.454000000000004	0.0222765625
30.456	0.0221625
30.458000000000002	0.022075
30.459999999999997	0.0220203125
30.462	0.022000000000000002
30.464000000000002	0.02200625
30.465999999999998	0.022025
30.468	0.0220390625
30.470000000000002	0.022034375000000002
30.471999999999998	0.022000000000000002
30.474	0.021934375000000002
30.476000000000003	0.021842187500000002
30.477999999999998	0.021743750000000003
30.48	0.0216578125
30.482000000000003	0.0216
30.483999999999998	0.0215828125
30.486	0.021590625000000002
30.488000000000003	0.0216078125
30.49	0.021615625
30.492	0.0216
30.494000000000003	0.021556250000000002
30.496	0.0214796875
30.498	0.02138125
30.500000000000004	0.0212828125
30.502	0.0212
30.504	0.02115625
30.506	0.0211421875
30.508	0.021151562500000002
30.51	0.021175
30.512	0.0212
30.514	0.0212203125
30.516000000000002	0.0212265625
30.518	0.0212203125
30.52	0.021209375000000003
30.522000000000002	0.0212
30.524	0.0211953125
30.526	0.02119375
30.528	0.0211953125
30.529999999999998	0.0211984375
30.532	0.0212
30.534	0.0211984375
30.535999999999998	0.02119375
30.538	0.021190625
30.54	0.0211921875
30.541999999999998	0.0212
30.544	0.021210937500000002
30.546	0.0212203125
30.548	0.0212265625
30.55	0.0212203125
30.552	0.0212
30.554	0.0211578125
30.555999999999997	0.0210953125
30.558	0.0210109375
30.56	0.0209109375
30.561999999999998	0.020800000000000003
30.564	0.020690625
30.566	0.0205890625
30.567999999999998	0.0205046875
30.57	0.020440625
30.572	0.0204
30.573999999999998	0.020389062500000003
30.576	0.020390625000000002
30.577999999999996	0.0203984375
30.58	0.020403125
30.582	0.0204
30.583999999999996	0.020392187500000002
30.586	0.0203765625
30.588	0.020365625000000002
30.589999999999996	0.0203703125
30.592	0.0204
30.594	0.0204625
30.595999999999997	0.0205453125
30.598	0.0206359375
30.6	0.0207265625
30.601999999999997	0.020800000000000003
30.604	0.020853125
30.605999999999995	0.0208765625
30.607999999999997	0.020871875
30.61	0.0208453125
30.611999999999995	0.020800000000000003
30.613999999999997	0.020743750000000002
30.616	0.020678125000000002
30.617999999999995	0.0205984375
30.619999999999997	0.02050625
30.622	0.0204
30.623999999999995	0.02029375
30.625999999999998	0.0201921875
30.628	0.0201015625
30.629999999999995	0.0200359375
30.631999999999998	0.02
30.634	0.020017187500000002
30.635999999999996	0.0200734375
30.637999999999998	0.0201625
30.64	0.020275
30.641999999999996	0.0204
30.644	0.0205265625
30.646	0.0206359375
30.647999999999996	0.0207203125
30.65	0.020775000000000002
30.652	0.020800000000000003
30.653999999999996	0.020803125000000002
30.656	0.020790625
30.658	0.020778125
30.659999999999997	0.020778125
30.662	0.020800000000000003
30.664	0.020853125
30.665999999999997	0.020929687500000002
30.668	0.021021875000000002
30.67	0.021117187500000002
30.671999999999997	0.0212
30.674	0.0212578125
30.675999999999995	0.0212859375
30.677999999999997	0.021284375
30.68	0.0212546875
30.681999999999995	0.0212
30.683999999999997	0.021121875000000002
30.686	0.0210375
30.687999999999995	0.0209515625
30.689999999999998	0.020871875
30.692	0.020800000000000003
30.693999999999996	0.020743750000000002
30.695999999999998	0.020712500000000002
30.698	0.020709375000000002
30.699999999999996	0.020740625000000002
30.701999999999998	0.020800000000000003
30.704	0.020884375
30.705999999999996	0.0209796875
30.708	0.021071875
30.71	0.021148437500000002
30.711999999999996	0.0212
30.714	0.02121875
30.716	0.021215625000000002
30.717999999999996	0.021203125
30.72	0.0211953125
30.722	0.0212
30.723999999999997	0.021210937500000002
30.726	0.0212265625
30.728	0.0212375
30.729999999999997	0.02123125
30.732	0.0212
30.734	0.0211328125
30.735999999999997	0.0210421875
30.738	0.0209453125
30.740000000000002	0.0208609375
30.741999999999997	0.020800000000000003
30.744	0.0207640625
30.745999999999995	0.0207578125
30.747999999999998	0.020771875000000002
30.75	0.020790625
30.751999999999995	0.020800000000000003
30.753999999999998	0.020773437500000002
30.756	0.020715625
30.757999999999996	0.0206265625
30.759999999999998	0.020518750000000002
30.762	0.0204
30.763999999999996	0.020275
30.766	0.0201625
30.768	0.020075000000000003
30.769999999999996	0.0200203125
30.772	0.02
30.774	0.0200046875
30.775999999999996	0.020017187500000002
30.778	0.0200296875
30.78	0.0200265625
30.781999999999996	0.02
30.784	0.019946875
30.786	0.01986875
30.787999999999997	0.019775
30.79	0.0196828125
30.792	0.0196
30.793999999999997	0.0195359375
30.796	0.019476562500000003
30.798000000000002	0.019409375
30.799999999999997	0.019320312500000002
30.802	0.019200000000000002
30.804000000000002	0.0190640625
30.805999999999997	0.0189015625
30.808	0.018723437500000002
30.810000000000002	0.01855
30.811999999999998	0.0184
30.814	0.018314062500000002
30.815999999999995	0.018275
30.817999999999998	0.018281250000000002
30.82	0.0183265625
30.821999999999996	0.0184
30.823999999999998	0.018504687500000002
30.826	0.0186046875
30.827999999999996	0.018689062500000003
30.83	0.018753125000000002
30.832	0.0188
30.833999999999996	0.0188453125
30.836	0.018890625
30.838	0.01895625
30.839999999999996	0.01905625
30.842	0.019200000000000002
30.844	0.0193765625
30.845999999999997	0.01956875
30.848	0.019753125
30.85	0.0199046875
30.851999999999997	0.02
30.854	0.020015625000000002
30.856	0.019965625
30.857999999999997	0.0198640625
30.86	0.019735937500000002
30.862000000000002	0.0196
30.863999999999997	0.0194671875
30.866	0.0193625
30.868000000000002	0.019289062500000002
30.869999999999997	0.0192390625
30.872	0.019200000000000002
30.874000000000002	0.019153125
30.875999999999998	0.0190953125
30.878	0.0190171875
30.880000000000003	0.01891875
30.881999999999998	0.0188
30.884	0.018675
30.885999999999996	0.0185578125
30.887999999999998	0.0184640625
30.89	0.018409375000000002
30.891999999999996	0.0184
30.894	0.018443750000000002
30.896	0.018521875
30.897999999999996	0.01861875
30.9	0.0187171875
30.902	0.0188
30.903999999999996	0.018859375
30.906	0.018881250000000002
30.908	0.0188703125
30.909999999999997	0.0188390625
30.912	0.0188
30.914	0.0187734375
30.915999999999997	0.018759375000000002
30.918	0.0187609375
30.92	0.0187765625
30.921999999999997	0.0188
30.924	0.0188328125
30.926000000000002	0.01885625
30.927999999999997	0.0188625
30.93	0.0188453125
30.932000000000002	0.0188
30.933999999999997	0.0187359375
30.936	0.0186546875
30.938000000000002	0.018564062500000002
30.939999999999998	0.0184765625
30.942	0.0184
30.944000000000003	0.0183515625
30.945999999999998	0.01833125
30.948	0.018334375
30.950000000000003	0.018359375
30.951999999999998	0.0184
30.954	0.0184609375
30.955999999999996	0.018531250000000003
30.958	0.0186109375
30.96	0.0187015625
30.961999999999996	0.0188
30.964	0.0189046875
30.966	0.019003125
30.967999999999996	0.019090625
30.97	0.0191578125
30.972	0.019200000000000002
30.973999999999997	0.019215625
30.976	0.0192125
30.978	0.0192015625
30.979999999999997	0.019196875000000002
30.982	0.019200000000000002
30.984	0.0192109375
30.985999999999997	0.019226562500000002
30.988	0.0192375
30.990000000000002	0.019231250000000002
30.991999999999997	0.019200000000000002
30.994	0.019134375000000002
30.996000000000002	0.0190484375
30.997999999999998	0.01895625
31.0	0.01886875
31.002000000000002	0.0188
31.003999999999998	0.018757812500000002
31.006	0.01874375
31.008000000000003	0.018753125000000002
31.009999999999998	0.0187765625
31.012	0.0188
31.014000000000003	0.018818750000000002
31.016	0.018825
31.018	0.018821875000000002
31.020000000000003	0.0188125
31.022	0.0188
31.024	0.0187953125
31.026000000000003	0.0187921875
31.028	0.01879375
31.03	0.018796875
31.031999999999996	0.0188
31.034	0.018803125
31.036	0.0188015625
31.037999999999997	0.0188
31.04	0.0187984375
31.042	0.0188
31.043999999999997	0.0188046875
31.046	0.0188078125
31.048000000000002	0.018809375
31.049999999999997	0.01880625
31.052	0.0188
31.054000000000002	0.018789062500000002
31.055999999999997	0.0187796875
31.058	0.0187765625
31.060000000000002	0.018782812500000003
31.061999999999998	0.0188
31.064	0.018821875000000002
31.066000000000003	0.0188421875
31.067999999999998	0.018850000000000002
31.07	0.0188390625
31.072000000000003	0.0188
31.073999999999998	0.0187359375
31.076	0.018653125
31.078000000000003	0.0185609375
31.08	0.018473437500000002
31.082	0.0184
31.084000000000003	0.018359375
31.086	0.018343750000000002
31.088	0.01835
31.090000000000003	0.018373437500000003
31.092	0.0184
31.094	0.0184265625
31.096000000000004	0.018440625000000002
31.098	0.018439062500000002
31.1	0.018425
31.101999999999997	0.0184
31.104	0.018373437500000003
31.106	0.0183515625
31.107999999999997	0.018345312500000002
31.11	0.018359375
31.112000000000002	0.0184
31.113999999999997	0.0184625
31.116	0.0185421875
31.118000000000002	0.018629687500000002
31.119999999999997	0.018720312500000003
31.122	0.0188
31.124000000000002	0.018853125000000002
31.125999999999998	0.018878125000000003
31.128	0.0188765625
31.130000000000003	0.018848437500000002
31.131999999999998	0.0188
31.134	0.018726562500000002
31.136000000000003	0.0186421875
31.137999999999998	0.0185578125
31.14	0.0184765625
31.142000000000003	0.0184
31.144	0.0183296875
31.146	0.018259375
31.148000000000003	0.018184375
31.15	0.0180984375
31.152	0.018000000000000002
31.154000000000003	0.017903125000000002
31.156	0.01780625
31.158	0.017717187500000002
31.160000000000004	0.017646875
31.162	0.0176
31.164	0.017589062500000002
31.166000000000004	0.0175953125
31.168	0.01760625
31.17	0.0176109375
31.171999999999997	0.0176
31.174	0.0175859375
31.176000000000002	0.0175640625
31.177999999999997	0.017546875
31.18	0.017553125
31.182000000000002	0.0176
31.183999999999997	0.0176984375
31.186	0.017839062500000002
31.188000000000002	0.0180125
31.189999999999998	0.0182046875
31.192	0.0184
31.194000000000003	0.018564062500000002
31.195999999999998	0.018690625000000002
31.198	0.018771875
31.200000000000003	0.0188078125
31.201999999999998	0.0188
31.204	0.0187390625
31.206000000000003	0.0186546875
31.208	0.018562500000000003
31.21	0.018475000000000002
31.212000000000003	0.0184
31.214	0.018321875
31.216	0.018251562500000002
31.218000000000004	0.01818125
31.22	0.0181015625
31.222	0.018000000000000002
31.224000000000004	0.0178609375
31.226	0.0176984375
31.228	0.017526562500000002
31.230000000000004	0.01735625
31.232	0.0172
31.234	0.0170609375
31.236000000000004	0.0169515625
31.238	0.0168734375
31.240000000000002	0.016825
31.241999999999997	0.016800000000000002
31.244	0.0167875
31.246000000000002	0.01678125
31.247999999999998	0.016778125
31.25	0.016784375
31.252000000000002	0.016800000000000002
31.253999999999998	0.01681875
31.256	0.0168296875
31.258000000000003	0.016831250000000002
31.259999999999998	0.016821875
31.262	0.016800000000000002
31.264000000000003	0.0167640625
31.266	0.016704687500000003
31.268	0.0166234375
31.270000000000003	0.016520312500000002
31.272	0.0164
31.274	0.01628125
31.276000000000003	0.016142187500000002
31.278	0.015982812500000002
31.28	0.0158015625
31.282	0.015600000000000001
31.284	0.015423437500000001
31.286	0.015248437500000002
31.288	0.015081250000000001
31.29	0.0149296875
31.292	0.0148
31.294	0.01474375
31.296	0.0147203125
31.298000000000002	0.014725
31.3	0.014753125
31.302	0.0148
31.304	0.0149015625
31.306	0.0150265625
31.308	0.0151796875
31.31	0.01536875
31.311999999999998	0.015600000000000001
31.314	0.0158796875
31.316	0.0161859375
31.317999999999998	0.0165140625
31.32	0.01685625
31.322	0.0172
31.323999999999998	0.0175125
31.326	0.0177921875
31.328	0.0180359375
31.33	0.018240625
31.331999999999997	0.0184
31.334	0.01848125
31.336	0.0185203125
31.337999999999997	0.0185203125
31.34	0.01848125
31.342	0.0184
31.343999999999998	0.018250000000000002
31.346	0.018060937500000002
31.348	0.0178265625
31.349999999999998	0.0175390625
31.352	0.0172
31.353999999999996	0.016828125
31.355999999999998	0.016459375000000002
31.358	0.01611875
31.359999999999996	0.015826562500000002
31.362	0.015600000000000001
31.364	0.0154765625
31.365999999999996	0.015434375
31.368	0.015454687500000001
31.37	0.015517187500000001
31.371999999999996	0.015600000000000001
31.374	0.01571875
31.376	0.015846875
31.377999999999997	0.01599375
31.38	0.016173437500000002
31.381999999999994	0.0164
31.383999999999997	0.0166875
31.386	0.0170078125
31.387999999999995	0.0173453125
31.389999999999997	0.017682812500000002
31.392	0.018000000000000002
31.393999999999995	0.018265625
31.395999999999997	0.018473437500000002
31.398	0.018626562500000002
31.399999999999995	0.018734375
31.401999999999997	0.0188
31.404	0.0188
31.405999999999995	0.0187609375
31.407999999999998	0.0186828125
31.41	0.018564062500000002
31.411999999999995	0.0184
31.413999999999998	0.0181703125
31.416	0.017921875
31.417999999999996	0.01766875
31.419999999999998	0.017425
31.422	0.0172
31.423999999999996	0.016990625000000002
31.426	0.0168125
31.428	0.0166625
31.429999999999996	0.0165265625
31.432	0.0164
31.434	0.016278125
31.435999999999996	0.0161671875
31.438	0.016076562500000002
31.44	0.016017187500000002
31.441999999999997	0.016
31.444	0.0160359375
31.446	0.016103125
31.447999999999997	0.0161921875
31.45	0.016295312500000003
31.452	0.0164
31.453999999999997	0.01650625
31.456	0.0165921875
31.457999999999995	0.016665625
31.459999999999997	0.0167328125
31.462	0.016800000000000002
31.463999999999995	0.016864062500000002
31.465999999999998	0.01690625
31.468	0.016915625
31.469999999999995	0.0168828125
31.471999999999998	0.016800000000000002
31.474	0.016671875
31.475999999999996	0.016509375
31.477999999999998	0.016331250000000002
31.48	0.01615625
31.481999999999996	0.016
31.483999999999998	0.015885937500000002
31.486	0.015803125
31.487999999999996	0.0157375
31.49	0.015675
31.492	0.015600000000000001
31.493999999999996	0.0155234375
31.496	0.0154328125
31.498	0.015340625
31.499999999999996	0.0152578125
31.502	0.0152
31.504	0.0152
31.505999999999997	0.01524375
31.508	0.015329687500000001
31.51	0.0154515625
31.511999999999997	0.015600000000000001
31.514	0.015778125
31.516000000000002	0.015953125000000002
31.517999999999997	0.0161203125
31.52	0.016268750000000002
31.522000000000002	0.0164
31.523999999999997	0.0165140625
31.526	0.01660625
31.527999999999995	0.0166828125
31.529999999999998	0.016746875
31.532	0.016800000000000002
31.533999999999995	0.0168390625
31.535999999999998	0.016864062500000002
31.538	0.0168703125
31.539999999999996	0.01685
31.541999999999998	0.016800000000000002
31.544	0.01671875
31.545999999999996	0.016625
31.548	0.0165328125
31.55	0.016456250000000002
31.551999999999996	0.0164
31.554	0.0163671875
31.556	0.016360937500000002
31.557999999999996	0.0163734375
31.56	0.0163890625
31.562	0.0164
31.563999999999997	0.016395312500000002
31.566	0.016384375
31.568	0.016375
31.569999999999997	0.0163765625
31.572	0.0164
31.574	0.016453125000000002
31.575999999999997	0.0165296875
31.578	0.016621875
31.580000000000002	0.0167171875
31.581999999999997	0.016800000000000002
31.584	0.016864062500000002
31.586000000000002	0.016896875000000002
31.587999999999997	0.016896875000000002
31.59	0.016862500000000002
31.592000000000002	0.016800000000000002
31.593999999999998	0.0167265625
31.596	0.016642187500000002
31.597999999999995	0.01655625
31.599999999999998	0.0164734375
31.602	0.0164
31.603999999999996	0.0163546875
31.605999999999998	0.016331250000000002
31.608	0.016332812500000002
31.609999999999996	0.01635625
31.612	0.0164
31.614	0.0164671875
31.615999999999996	0.0165453125
31.618	0.0166296875
31.62	0.016715625
31.621999999999996	0.016800000000000002
31.624	0.0168828125
31.626	0.016960937500000002
31.627999999999997	0.017040625
31.63	0.017118750000000002
31.632	0.0172
31.633999999999997	0.0172828125
31.636	0.017365625
31.638	0.0174484375
31.639999999999997	0.017529687500000002
31.642	0.0176
31.644000000000002	0.0176484375
31.645999999999997	0.0176765625
31.648	0.017678125
31.650000000000002	0.017653125000000002
31.651999999999997	0.0176
31.654	0.0175203125
31.656000000000002	0.017429687500000002
31.657999999999998	0.0173421875
31.66	0.0172625
31.662000000000003	0.0172
31.663999999999998	0.017159375
31.666	0.0171453125
31.667999999999996	0.017151562500000002
31.669999999999998	0.0171734375
31.672	0.0172
31.673999999999996	0.017225
31.676	0.0172390625
31.678	0.017240625000000002
31.679999999999996	0.0172265625
31.682	0.0172
31.684	0.0171765625
31.685999999999996	0.01715625
31.688	0.017150000000000002
31.69	0.0171640625
31.691999999999997	0.0172
31.694	0.017271875000000003
31.696	0.017359375
31.697999999999997	0.0174515625
31.7	0.0175359375
31.702	0.0176
31.703999999999997	0.017653125000000002
31.706	0.0176765625
31.708000000000002	0.017671875
31.709999999999997	0.01764375
31.712	0.0176
31.714000000000002	0.0175671875
31.715999999999998	0.017546875
31.718	0.01754375
31.720000000000002	0.0175625
31.721999999999998	0.0176
31.724	0.017671875
31.726000000000003	0.01775625
31.727999999999998	0.017845312500000002
31.73	0.0179296875
31.732000000000003	0.018000000000000002
31.733999999999998	0.018071875
31.736	0.0181421875
31.737999999999996	0.0182140625
31.74	0.0182984375
31.742	0.0184
31.743999999999996	0.0185296875
31.746	0.018684375
31.748	0.0188546875
31.749999999999996	0.0190328125
31.752	0.019200000000000002
31.754	0.019340625
31.755999999999997	0.019453125
31.758	0.019534375
31.76	0.0195828125
31.761999999999997	0.0196
31.764	0.0195828125
31.766000000000002	0.0195625
31.767999999999997	0.019553125
31.77	0.0195640625
31.772000000000002	0.0196
31.773999999999997	0.019653125
31.776	0.019732812500000002
31.778000000000002	0.019826562500000002
31.779999999999998	0.019920312500000002
31.782	0.02
31.784000000000002	0.020046875000000002
31.785999999999998	0.0200703125
31.788	0.02006875
31.790000000000003	0.020045312500000002
31.791999999999998	0.02
31.794	0.0199453125
31.796000000000003	0.01988125
31.798	0.01980625
31.8	0.0197125
31.802000000000003	0.0196
31.804	0.019496875
31.806	0.019396875
31.808000000000003	0.0193078125
31.81	0.0192390625
31.812	0.019200000000000002
31.813999999999997	0.019221875
31.816	0.01928125
31.818	0.0193703125
31.819999999999997	0.019479687500000002
31.822	0.0196
31.824	0.019740625
31.825999999999997	0.019887500000000002
31.828	0.020043750000000003
31.830000000000002	0.0202125
31.831999999999997	0.0204
31.834	0.0206078125
31.836000000000002	0.020834375000000002
31.837999999999997	0.0210796875
31.84	0.021337500000000002
31.842000000000002	0.0216
31.843999999999998	0.0218296875
31.846	0.022031250000000002
31.848000000000003	0.0222
31.849999999999998	0.022325
31.852	0.0224
31.854000000000003	0.02239375
31.855999999999998	0.022343750000000002
31.858	0.02225625
31.860000000000003	0.0221390625
31.862	0.022000000000000002
31.864	0.021834375
31.866000000000003	0.0216703125
31.868	0.0215140625
31.87	0.0213578125
31.872000000000003	0.0212
31.874	0.021040625
31.876	0.0208828125
31.878000000000004	0.0207234375
31.88	0.0205625
31.882	0.0204
31.883999999999997	0.020259375
31.886	0.020140625000000002
31.888	0.020053125
31.889999999999997	0.020003125
31.892	0.02
31.894000000000002	0.0200703125
31.895999999999997	0.0201890625
31.898	0.0203546875
31.900000000000002	0.0205609375
31.901999999999997	0.020800000000000003
31.904	0.0210671875
31.906000000000002	0.0213296875
31.907999999999998	0.0215765625
31.91	0.021803125
31.912000000000003	0.022000000000000002
31.913999999999998	0.022159375000000002
31.916	0.022278125000000003
31.918000000000003	0.02235625
31.919999999999998	0.022396875
31.922	0.0224
31.924000000000003	0.0223625
31.926	0.0223
31.928	0.022217187500000003
31.930000000000003	0.02211875
31.932	0.022000000000000002
31.934	0.021859375
31.936000000000003	0.0217078125
31.938	0.021546875
31.94	0.0213765625
31.942000000000004	0.0212
31.944	0.021028125
31.946	0.0208859375
31.948000000000004	0.02079375
31.95	0.0207625
31.952	0.020800000000000003
31.953999999999997	0.0209046875
31.956	0.021059375
31.958000000000002	0.021242187500000002
31.959999999999997	0.021429687500000003
31.962	0.0216
31.964000000000002	0.0217359375
31.965999999999998	0.021834375
31.968	0.021901562500000003
31.970000000000002	0.021953125
31.971999999999998	0.022000000000000002
31.974	0.0220421875
31.976000000000003	0.022075
31.977999999999998	0.0220859375
31.98	0.022065625000000002
31.982000000000003	0.022000000000000002
31.983999999999998	0.0218921875
31.986	0.021745312500000002
31.988000000000003	0.0215703125
31.99	0.0213828125
31.992	0.0212
31.994000000000003	0.021054687500000002
31.996	0.020946875
31.998	0.0208734375
32.0	0.0208265625
32.001999999999995	0.020800000000000003
32.004	0.020798437500000003
32.006	0.020801562500000002
32.007999999999996	0.020804687500000002
32.01	0.020803125000000002
32.012	0.020800000000000003
32.013999999999996	0.0208234375
32.016	0.020865625000000002
32.018	0.0209375
32.019999999999996	0.021046875
32.022	0.0212
32.023999999999994	0.0214125
32.025999999999996	0.021653125000000002
32.028	0.0219109375
32.029999999999994	0.0221671875
32.032	0.0224
32.034	0.022596875000000002
32.035999999999994	0.0227390625
32.038	0.022820312500000002
32.04	0.0228390625
32.041999999999994	0.0228
32.044	0.022721875000000002
32.046	0.022628125000000002
32.047999999999995	0.022535937500000002
32.05	0.0224578125
32.052	0.0224
32.053999999999995	0.022373437500000003
32.056	0.022371875
32.058	0.0223875
32.059999999999995	0.0224
32.062	0.0224
32.064	0.0223859375
32.065999999999995	0.0223671875
32.068	0.0223546875
32.07	0.0223609375
32.071999999999996	0.0224
32.074	0.022478125
32.076	0.0226046875
32.077999999999996	0.022775
32.08	0.022978125000000002
32.082	0.023200000000000002
32.083999999999996	0.023417187500000002
32.086	0.0236140625
32.088	0.0237828125
32.089999999999996	0.0239125
32.092	0.024
32.093999999999994	0.024042187500000003
32.096	0.0240546875
32.098	0.024046875000000002
32.099999999999994	0.024028125
32.102	0.024
32.104	0.023965625
32.105999999999995	0.023921875000000002
32.108	0.023854687500000003
32.11	0.02375
32.111999999999995	0.0236
32.114	0.023421875
32.116	0.023231250000000002
32.117999999999995	0.02305
32.12	0.0229
32.122	0.0228
32.123999999999995	0.022785937500000002
32.126	0.0228375
32.128	0.0229390625
32.129999999999995	0.023067187500000003
32.132	0.023200000000000002
32.134	0.023346875
32.135999999999996	0.0234890625
32.138	0.023637500000000002
32.14	0.0238046875
32.141999999999996	0.024
32.144	0.024239062500000002
32.146	0.0244984375
32.147999999999996	0.024759375
32.15	0.0249984375
32.152	0.0252
32.153999999999996	0.0253484375
32.156	0.0254484375
32.158	0.025515625
32.16	0.025562500000000002
32.162	0.0256
32.163999999999994	0.025628125
32.166	0.025656250000000002
32.168	0.02566875
32.169999999999995	0.025654687500000002
32.172	0.0256
32.174	0.0255015625
32.175999999999995	0.0253921875
32.178	0.0252921875
32.18	0.0252234375
32.181999999999995	0.0252
32.184	0.025228125
32.186	0.025306250000000002
32.187999999999995	0.0254109375
32.19	0.02551875
32.192	0.0256
32.193999999999996	0.025640625
32.196	0.025648437500000003
32.198	0.0256328125
32.199999999999996	0.0256109375
32.202	0.0256
32.204	0.025625000000000002
32.205999999999996	0.025685937500000002
32.208	0.025775000000000003
32.21	0.0258859375
32.211999999999996	0.026000000000000002
32.214	0.0261140625
32.216	0.0262125
32.217999999999996	0.02629375
32.22	0.02635625
32.222	0.0264
32.224	0.0264265625
32.226	0.026440625000000002
32.228	0.026439062500000002
32.23	0.0264265625
32.232	0.0264
32.234	0.0263671875
32.236	0.026343750000000003
32.238	0.0263375
32.239999999999995	0.0263546875
32.242	0.0264
32.244	0.026465625
32.245999999999995	0.02655
32.248	0.0266421875
32.25	0.0267296875
32.251999999999995	0.0268
32.254	0.0268375
32.256	0.026851562500000002
32.257999999999996	0.026845312500000003
32.26	0.026825
32.262	0.0268
32.263999999999996	0.026775
32.266	0.026760937500000002
32.268	0.0267625
32.269999999999996	0.0267765625
32.272	0.0268
32.274	0.026828125
32.275999999999996	0.026850000000000002
32.278	0.02685625
32.28	0.0268421875
32.282	0.0268
32.284	0.0267390625
32.286	0.026659375000000003
32.288	0.026571875000000002
32.29	0.02648125
32.292	0.0264
32.294	0.026345312500000002
32.296	0.026317187500000002
32.298	0.026318750000000002
32.3	0.026346875000000002
32.302	0.0264
32.304	0.0264796875
32.306	0.026565625000000002
32.308	0.0266515625
32.309999999999995	0.02673125
32.312	0.0268
32.314	0.0268671875
32.315999999999995	0.0269328125
32.318	0.027006250000000002
32.32	0.0270953125
32.321999999999996	0.027200000000000002
32.324	0.027317187500000003
32.326	0.0274328125
32.327999999999996	0.027528125
32.33	0.0275890625
32.332	0.027600000000000003
32.333999999999996	0.0275546875
32.336	0.027471875
32.338	0.027371875
32.339999999999996	0.027275
32.342	0.027200000000000002
32.344	0.0271578125
32.346	0.0271484375
32.348	0.027164062500000002
32.35	0.0271859375
32.352	0.027200000000000002
32.354	0.027195312500000002
32.356	0.0271796875
32.358	0.027167187500000002
32.36	0.027170312500000002
32.362	0.027200000000000002
32.364	0.027259375000000002
32.366	0.02734375
32.368	0.027440625
32.37	0.02753125
32.372	0.027600000000000003
32.374	0.027634375000000003
32.376	0.027640625000000002
32.378	0.027628125
32.379999999999995	0.027610937500000002
32.382	0.027600000000000003
32.384	0.027601562500000003
32.385999999999996	0.0276140625
32.388	0.0276265625
32.39	0.027625
32.391999999999996	0.027600000000000003
32.394	0.027548437500000002
32.396	0.0274734375
32.397999999999996	0.027382812500000003
32.4	0.027287500000000003
32.402	0.027200000000000002
32.403999999999996	0.027146875
32.406	0.027121875
32.408	0.0271265625
32.41	0.0271546875
32.412	0.027200000000000002
32.414	0.0272734375
32.416	0.027356250000000002
32.418	0.027440625
32.42	0.027521875
32.422	0.027600000000000003
32.424	0.027684375
32.426	0.027765625000000002
32.428	0.0278453125
32.43	0.027923437500000002
32.432	0.028
32.434	0.028081250000000002
32.436	0.0281640625
32.438	0.028246875
32.44	0.028325000000000003
32.442	0.0284
32.444	0.028471875
32.446	0.028545312500000003
32.448	0.0286234375
32.449999999999996	0.028707812500000002
32.452	0.028800000000000003
32.454	0.028890625000000003
32.455999999999996	0.028985937500000003
32.458	0.029075
32.46	0.029148437500000002
32.461999999999996	0.0292
32.464	0.0292203125
32.466	0.029225
32.467999999999996	0.02921875
32.47	0.029209375000000003
32.472	0.0292
32.474	0.0291921875
32.476	0.0291953125
32.478	0.029203125
32.48	0.029206250000000003
32.482	0.0292
32.484	0.0291890625
32.486	0.029179687500000002
32.488	0.0291734375
32.49	0.029178125000000003
32.492	0.0292
32.494	0.029253125
32.496	0.0293296875
32.498	0.0294203125
32.5	0.0295125
32.502	0.0296
32.504	0.0296921875
32.506	0.029779687500000002
32.508	0.029859375
32.51	0.029931250000000003
32.512	0.030000000000000002
32.514	0.0300828125
32.516	0.0301703125
32.518	0.030254687500000002
32.519999999999996	0.0303328125
32.522	0.0304
32.524	0.030471875000000002
32.525999999999996	0.0305453125
32.528	0.030621875
32.53	0.0307046875
32.532	0.0308
32.534	0.030918750000000002
32.536	0.031064062500000003
32.538	0.031229687500000002
32.54	0.0314109375
32.542	0.0316
32.544	0.0317796875
32.546	0.03195625
32.548	0.032123437500000004
32.55	0.032271875
32.552	0.0324
32.554	0.032490625
32.556	0.032570312500000004
32.558	0.032646875
32.56	0.032721875000000004
32.562	0.0328
32.564	0.0328671875
32.566	0.032948437500000004
32.568	0.0330359375
32.57	0.0331234375
32.572	0.0332
32.574	0.0332421875
32.576	0.0332671875
32.578	0.0332703125
32.58	0.0332484375
32.582	0.0332
32.584	0.0331203125
32.586	0.0330359375
32.588	0.03295
32.59	0.0328703125
32.592	0.0328
32.594	0.032751562500000005
32.596	0.0327296875
32.598	0.0327328125
32.6	0.032757812500000004
32.602	0.0328
32.604	0.03286875
32.606	0.032948437500000004
32.608	0.033034375000000005
32.61	0.03311875
32.612	0.0332
32.614	0.033284375000000005
32.616	0.033365625
32.618	0.033445312500000005
32.62	0.0335234375
32.622	0.033600000000000005
32.624	0.03368125
32.626	0.033764062500000004
32.628	0.033846875
32.63	0.033925000000000004
32.632	0.034
32.634	0.034075
32.636	0.0341515625
32.638	0.034231250000000005
32.64	0.0343140625
32.642	0.0344
32.644	0.034484375000000005
32.646	0.034571875
32.648	0.034659375
32.65	0.034737500000000004
32.652	0.034800000000000005
32.654	0.034834375
32.656	0.034853125
32.658	0.034853125
32.660000000000004	0.034832812500000004
32.662	0.034800000000000005
32.664	0.03475625
32.666	0.0347265625
32.668	0.0347203125
32.67	0.034743750000000004
32.672	0.034800000000000005
32.674	0.03488125
32.676	0.03498125
32.678	0.035079687500000005
32.68	0.03515625
32.682	0.0352
32.684	0.03520625
32.686	0.03519375
32.688	0.0351765625
32.69	0.0351734375
32.692	0.0352
32.694	0.035259375
32.696	0.0353484375
32.698	0.03545
32.7	0.0355390625
32.702	0.0356
32.704	0.035621875000000004
32.706	0.0356171875
32.708	0.0355984375
32.71	0.0355875
32.712	0.0356
32.714	0.03564375
32.716	0.035720312500000004
32.718	0.03581875
32.72	0.0359171875
32.722	0.036000000000000004
32.724000000000004	0.03604375
32.726	0.0360578125
32.728	0.0360484375
32.730000000000004	0.036025
32.732	0.036000000000000004
32.734	0.0359796875
32.736	0.035973437500000004
32.738	0.0359796875
32.74	0.035990625
32.742	0.036000000000000004
32.744	0.0360015625
32.746	0.036000000000000004
32.748	0.0359984375
32.75	0.035996875000000005
32.752	0.036000000000000004
32.754	0.0360046875
32.756	0.0360140625
32.758	0.03601875
32.76	0.0360140625
32.762	0.036000000000000004
32.764	0.035978125
32.766	0.0359578125
32.768	0.03595
32.77	0.035960937500000005
32.772	0.036000000000000004
32.774	0.0360671875
32.776	0.036153125
32.778	0.0362453125
32.78	0.03633125
32.782000000000004	0.0364
32.784	0.036440625000000004
32.786	0.0364546875
32.788000000000004	0.0364484375
32.79	0.0364265625
32.792	0.0364
32.794000000000004	0.0363828125
32.796	0.036378125000000004
32.798	0.0363828125
32.800000000000004	0.0363921875
32.802	0.0364
32.804	0.036409375
32.806	0.036414062500000004
32.808	0.036414062500000004
32.81	0.036409375
32.812	0.0364
32.814	0.0363984375
32.816	0.0363984375
32.818	0.0364
32.82	0.0363984375
32.822	0.0364
32.824	0.03641875
32.826	0.0364625
32.828	0.0365375
32.83	0.03665
32.832	0.0368
32.834	0.036982812500000004
32.836	0.037178125
32.838	0.037357812500000004
32.84	0.0375046875
32.842	0.0376
32.844	0.0376390625
32.846000000000004	0.0376390625
32.848	0.0376171875
32.85	0.037598437500000005
32.852000000000004	0.0376
32.854	0.0376359375
32.856	0.0377109375
32.858000000000004	0.037809375
32.86	0.0379125
32.862	0.038
32.864000000000004	0.038051562500000004
32.866	0.0380734375
32.868	0.038065625
32.870000000000005	0.0380375
32.872	0.038
32.874	0.0379546875
32.876	0.037928125
32.878	0.037926562500000004
32.88	0.0379515625
32.882	0.038
32.884	0.03805625
32.886	0.0381296875
32.888	0.0382140625
32.89	0.038304687500000004
32.892	0.038400000000000004
32.894	0.038484375
32.896	0.0385671875
32.898	0.038646875000000004
32.9	0.0387265625
32.902	0.0388
32.904	0.03885
32.906	0.038884375
32.908	0.038893750000000005
32.910000000000004	0.038867187500000004
32.912	0.0388
32.914	0.0386875
32.916000000000004	0.03854375
32.918	0.038371875
32.92	0.0381859375
32.922000000000004	0.038
32.924	0.0378390625
32.926	0.0377125
32.928000000000004	0.037628125
32.93	0.0375921875
32.932	0.0376
32.934000000000005	0.037653125
32.936	0.037734375
32.938	0.0378265625
32.940000000000005	0.037917187500000005
32.942	0.038
32.944	0.038071875000000005
32.946	0.0381359375
32.948	0.038203125000000004
32.95	0.0382875
32.952	0.038400000000000004
32.954	0.0385390625
32.956	0.0387015625
32.958	0.0388765625
32.96	0.039046875
32.962	0.0392
32.964	0.039307812500000004
32.966	0.039364062500000005
32.968	0.039364062500000005
32.97	0.03930625
32.972	0.0392
32.974000000000004	0.03905
32.976	0.0388828125
32.978	0.038712500000000004
32.980000000000004	0.038548437500000005
32.982	0.038400000000000004
32.984	0.038278125
32.986000000000004	0.0381828125
32.988	0.038110937500000004
32.99	0.038051562500000004
32.992000000000004	0.038
32.994	0.0379625
32.996	0.0379375
32.998000000000005	0.03793125
33.0	0.0379484375
33.002	0.038
33.004000000000005	0.038090625
33.006	0.0382203125
33.008	0.0383859375
33.010000000000005	0.0385828125
33.012	0.0388
33.014	0.0390125
33.016000000000005	0.039206250000000005
33.018	0.039373437500000004
33.02	0.03950625
33.022	0.0396
33.024	0.0396390625
33.026	0.0396484375
33.028	0.0396375
33.03	0.03961875
33.032000000000004	0.0396
33.034	0.039557812500000004
33.036	0.039509375
33.038000000000004	0.0394421875
33.04	0.0393421875
33.042	0.0392
33.044000000000004	0.03899375
33.046	0.0387546875
33.048	0.038495312500000003
33.050000000000004	0.0382375
33.052	0.038
33.054	0.0378
33.056000000000004	0.037659375
33.058	0.037581250000000004
33.06	0.0375640625
33.062000000000005	0.0376
33.064	0.037673437500000004
33.066	0.0377640625
33.068000000000005	0.037854687500000005
33.07	0.0379359375
33.072	0.038
33.074000000000005	0.038039062500000005
33.076	0.038048437500000004
33.078	0.0380375
33.080000000000005	0.0380171875
33.082	0.038
33.084	0.037989062500000004
33.086000000000006	0.037985937500000004
33.088	0.037989062500000004
33.09	0.0379953125
33.092	0.038
33.094	0.037989062500000004
33.096000000000004	0.037950000000000005
33.098	0.0378734375
33.1	0.0377546875
33.102000000000004	0.0376
33.104	0.037420312500000004
33.106	0.037234375
33.108000000000004	0.0370578125
33.11	0.036907812500000005
33.112	0.0368
33.114000000000004	0.0367484375
33.116	0.0367375
33.118	0.036753125000000005
33.120000000000005	0.036779687500000005
33.122	0.0368
33.124	0.036818750000000004
33.126000000000005	0.0368203125
33.128	0.036809375
33.13	0.036796875
33.132000000000005	0.0368
33.134	0.0368375
33.136	0.0369015625
33.138000000000005	0.0369859375
33.14	0.0370890625
33.142	0.037200000000000004
33.144000000000005	0.0373125
33.146	0.037410937500000005
33.148	0.0374921875
33.150000000000006	0.0375546875
33.152	0.0376
33.154	0.0376234375
33.156000000000006	0.037631250000000005
33.158	0.037628125
33.160000000000004	0.037615625
33.162	0.0376
33.164	0.0375734375
33.166000000000004	0.03755625
33.168	0.037553125
33.17	0.037568750000000005
33.172000000000004	0.0376
33.174	0.0376265625
33.176	0.03765
33.178000000000004	0.037659375
33.18	0.037643750000000004
33.182	0.0376
33.184000000000005	0.037515625000000004
33.186	0.037417187500000004
33.188	0.037321875000000004
33.190000000000005	0.0372453125
33.192	0.037200000000000004
33.194	0.0371796875
33.196000000000005	0.037184375
33.198	0.037200000000000004
33.2	0.0372109375
33.202000000000005	0.037200000000000004
33.204	0.037153125
33.206	0.037078125
33.208	0.036982812500000004
33.21	0.036884375000000004
33.212	0.0368
33.214	0.03674375
33.216	0.03671875
33.218	0.036725
33.22	0.036756250000000004
33.222	0.0368
33.224000000000004	0.03684375
33.226	0.036871875
33.228	0.0368765625
33.230000000000004	0.036851562500000004
33.232	0.0368
33.234	0.036725
33.236	0.0366375
33.238	0.0365453125
33.24	0.0364625
33.242	0.0364
33.244	0.036365625
33.246	0.03635625
33.248	0.0363640625
33.25	0.036381250000000004
33.252	0.0364
33.254	0.0364171875
33.256	0.0364234375
33.257999999999996	0.0364203125
33.26	0.036410937500000004
33.262	0.0364
33.263999999999996	0.03639375
33.266	0.036390625
33.268	0.0363921875
33.269999999999996	0.0363953125
33.272	0.0364
33.274	0.036407812500000004
33.275999999999996	0.0364125
33.278	0.0364125
33.279999999999994	0.036407812500000004
33.282	0.0364
33.284	0.0363953125
33.285999999999994	0.0363921875
33.288	0.036390625
33.29	0.03639375
33.291999999999994	0.0364
33.294	0.036410937500000004
33.296	0.0364203125
33.297999999999995	0.0364234375
33.3	0.0364171875
33.30199999999999	0.0364
33.303999999999995	0.036375000000000005
33.306	0.036351562500000004
33.30799999999999	0.036342187500000005
33.309999999999995	0.03635625
33.312	0.0364
33.31399999999999	0.036464062500000005
33.315999999999995	0.0365484375
33.318	0.036640625
33.31999999999999	0.036728125
33.321999999999996	0.0368
33.324	0.036828125
33.32599999999999	0.03683125
33.327999999999996	0.036818750000000004
33.33	0.0368046875
33.331999999999994	0.0368
33.333999999999996	0.036785937500000004
33.336	0.036782812500000005
33.337999999999994	0.036789062500000004
33.339999999999996	0.036796875
33.342	0.0368
33.343999999999994	0.036762500000000004
33.346	0.036703125
33.348	0.03661875
33.349999999999994	0.0365171875
33.352	0.0364
33.354	0.036253125000000004
33.355999999999995	0.036096875
33.358	0.035934375000000005
33.36	0.0357671875
33.361999999999995	0.0356
33.364	0.035428125000000005
33.366	0.0352578125
33.367999999999995	0.03509375
33.37	0.034940625
33.372	0.034800000000000005
33.373999999999995	0.0346828125
33.376	0.03458125
33.37799999999999	0.0344984375
33.379999999999995	0.0344359375
33.382	0.0344
33.38399999999999	0.0343875
33.385999999999996	0.034384375
33.388	0.034385937500000005
33.38999999999999	0.034390625
33.391999999999996	0.0344
33.394	0.034409375
33.395999999999994	0.0344078125
33.397999999999996	0.034403125
33.4	0.034398437500000004
33.401999999999994	0.0344
33.403999999999996	0.03440625
33.406	0.0344109375
33.407999999999994	0.0344125
33.41	0.034409375
33.412	0.0344
33.413999999999994	0.03436875
33.416	0.0343140625
33.418	0.034234375000000004
33.419999999999995	0.034128125
33.422	0.034
33.424	0.0338484375
33.425999999999995	0.033684375
33.428	0.033514062500000004
33.43	0.033350000000000005
33.431999999999995	0.0332
33.434	0.033070312500000004
33.436	0.0329640625
33.437999999999995	0.032884375
33.44	0.0328296875
33.442	0.0328
33.443999999999996	0.0327953125
33.446	0.032796875
33.44799999999999	0.0328015625
33.449999999999996	0.032803125
33.452	0.0328
33.45399999999999	0.0327984375
33.455999999999996	0.0327921875
33.458	0.0327859375
33.459999999999994	0.032787500000000004
33.461999999999996	0.0328
33.464	0.032828125
33.465999999999994	0.0328515625
33.467999999999996	0.0328609375
33.47	0.0328453125
33.471999999999994	0.0328
33.474	0.0327328125
33.476	0.0326453125
33.477999999999994	0.03255
33.48	0.0324640625
33.482	0.0324
33.483999999999995	0.032371875
33.486	0.032370312500000005
33.488	0.032382812500000004
33.489999999999995	0.0323953125
33.492	0.0324
33.494	0.0323953125
33.495999999999995	0.032382812500000004
33.498	0.032370312500000005
33.5	0.032371875
33.501999999999995	0.0324
33.504	0.0324578125
33.506	0.032537500000000004
33.507999999999996	0.03263125
33.51	0.0327234375
33.512	0.0328
33.513999999999996	0.032843750000000005
33.516	0.0328578125
33.517999999999994	0.0328484375
33.519999999999996	0.032825
33.522	0.0328
33.523999999999994	0.0327703125
33.525999999999996	0.032754687500000004
33.528	0.032754687500000004
33.529999999999994	0.0327703125
33.532	0.0328
33.534	0.032820312500000004
33.535999999999994	0.0328359375
33.538	0.032840625
33.54	0.0328296875
33.541999999999994	0.0328
33.544	0.0327375
33.546	0.032659375000000004
33.547999999999995	0.032571875
33.55	0.032484375
33.552	0.0324
33.553999999999995	0.032321875
33.556	0.032248437500000005
33.558	0.032175
33.559999999999995	0.032093750000000004
33.562	0.032
33.564	0.031909375000000004
33.565999999999995	0.0318171875
33.568	0.0317296875
33.57	0.0316546875
33.571999999999996	0.0316
33.574	0.031587500000000004
33.576	0.0315921875
33.577999999999996	0.031603125
33.58	0.0316078125
33.582	0.0316
33.583999999999996	0.0315921875
33.586	0.0315765625
33.587999999999994	0.031560937500000004
33.589999999999996	0.031564062500000004
33.592	0.0316
33.593999999999994	0.0316875
33.596	0.0318171875
33.598	0.0319859375
33.599999999999994	0.032182812500000005
33.602	0.0324
33.604	0.032609375
33.605999999999995	0.0328015625
33.608	0.0329671875
33.61	0.033100000000000004
33.611999999999995	0.0332
33.614	0.0332484375
33.616	0.03326875
33.617999999999995	0.0332625
33.62	0.0332390625
33.622	0.0332
33.623999999999995	0.033139062500000004
33.626	0.033071875
33.628	0.032996875
33.629999999999995	0.0329078125
33.632	0.0328
33.634	0.0326671875
33.635999999999996	0.0325203125
33.638	0.03235625
33.64	0.03218125
33.641999999999996	0.032
33.644	0.0318390625
33.646	0.0317078125
33.647999999999996	0.031620312500000004
33.65	0.03158125
33.652	0.0316
33.653999999999996	0.0316875
33.656	0.0318234375
33.657999999999994	0.031996875
33.66	0.032192187500000004
33.662	0.0324
33.663999999999994	0.0326078125
33.666	0.03279375
33.668	0.0329546875
33.669999999999995	0.0330890625
33.672	0.0332
33.674	0.0332890625
33.675999999999995	0.033365625
33.678	0.033440625
33.68	0.03351875
33.681999999999995	0.033600000000000005
33.684	0.033665625000000005
33.686	0.0337125
33.687999999999995	0.0337265625
33.69	0.033690625
33.692	0.033600000000000005
33.693999999999996	0.033442187500000005
33.696	0.033257812500000004
33.698	0.033071875
33.699999999999996	0.032912500000000004
33.702	0.0328
33.704	0.032728125000000004
33.705999999999996	0.0327109375
33.708	0.03273125
33.71	0.0327671875
33.711999999999996	0.0328
33.714	0.0327953125
33.716	0.0327765625
33.717999999999996	0.032757812500000004
33.72	0.032759375
33.722	0.0328
33.724	0.0328625
33.726	0.0329515625
33.727999999999994	0.03305
33.73	0.033139062500000004
33.732	0.0332
33.733999999999995	0.03319375
33.736	0.033135937500000004
33.738	0.033040625000000004
33.739999999999995	0.0329234375
33.742	0.0328
33.744	0.032665625000000004
33.745999999999995	0.0325265625
33.748	0.032375
33.75	0.032203125
33.751999999999995	0.032
33.754	0.03176875
33.756	0.03151875
33.757999999999996	0.0312609375
33.76	0.031015625
33.762	0.0308
33.763999999999996	0.0306421875
33.766	0.030529687500000003
33.768	0.0304578125
33.769999999999996	0.0304171875
33.772	0.0304
33.774	0.030412500000000002
33.775999999999996	0.030421875
33.778	0.0304203125
33.78	0.030410937500000002
33.782	0.0304
33.784	0.03041875
33.786	0.0304546875
33.788	0.030525
33.79	0.0306375
33.792	0.0308
33.794	0.031003125000000003
33.796	0.0312109375
33.798	0.0313953125
33.8	0.031531250000000004
33.802	0.0316
33.803999999999995	0.031587500000000004
33.806	0.0315140625
33.808	0.0314046875
33.809999999999995	0.0312890625
33.812	0.031200000000000002
33.814	0.0311421875
33.815999999999995	0.031128125000000003
33.818	0.0311484375
33.82	0.0311796875
33.821999999999996	0.031200000000000002
33.824	0.031175
33.826	0.031115625
33.827999999999996	0.0310265625
33.83	0.030915625000000002
33.832	0.0308
33.833999999999996	0.030678125
33.836	0.030575
33.838	0.03049375
33.839999999999996	0.030435937500000003
33.842	0.0304
33.844	0.030373437500000003
33.846	0.0303609375
33.848	0.0303625
33.85	0.030375000000000003
33.852	0.0304
33.854	0.030421875
33.856	0.030437500000000003
33.858	0.030439062500000003
33.86	0.030428125
33.862	0.0304
33.864	0.030345312500000002
33.866	0.030271875
33.868	0.030184375000000003
33.87	0.030092187500000003
33.872	0.030000000000000002
33.873999999999995	0.029909375000000002
33.876	0.0298234375
33.878	0.029742187500000003
33.879999999999995	0.02966875
33.882	0.0296
33.884	0.0295359375
33.885999999999996	0.029467187500000002
33.888	0.0293890625
33.89	0.029300000000000003
33.891999999999996	0.0292
33.894	0.0291015625
33.896	0.0290046875
33.897999999999996	0.028915625
33.9	0.0288453125
33.902	0.028800000000000003
33.903999999999996	0.0287890625
33.906	0.02879375
33.908	0.028801562500000003
33.91	0.028806250000000002
33.912	0.028800000000000003
33.914	0.028790625
33.916	0.028775000000000002
33.918	0.0287625
33.92	0.028765625000000003
33.922	0.028800000000000003
33.924	0.028868750000000002
33.926	0.028957812500000003
33.928	0.029053125000000003
33.93	0.0291375
33.932	0.0292
33.934	0.029234375
33.936	0.029240625000000003
33.938	0.029228125
33.94	0.029210937500000003
33.942	0.0292
33.943999999999996	0.0292015625
33.946	0.029214062500000002
33.948	0.0292265625
33.949999999999996	0.029225
33.952	0.0292
33.954	0.029145312500000003
33.955999999999996	0.02906875
33.958	0.0289765625
33.96	0.0288828125
33.961999999999996	0.028800000000000003
33.964	0.028742187500000002
33.966	0.028715625
33.967999999999996	0.0287203125
33.97	0.0287484375
33.972	0.028800000000000003
33.974	0.028864062500000003
33.976	0.0289375
33.978	0.029018750000000003
33.98	0.02910625
33.982	0.0292
33.984	0.029290625
33.986	0.0293796875
33.988	0.029464062500000002
33.99	0.0295375
33.992	0.0296
33.994	0.0296375
33.996	0.029657812500000002
33.998	0.029657812500000002
34.0	0.0296375
34.002	0.0296
34.004	0.029540625
34.006	0.0294703125
34.008	0.0293875
34.01	0.029296875
34.012	0.0292
34.013999999999996	0.0290984375
34.016	0.0290046875
34.018	0.028921875
34.019999999999996	0.028853125
34.022	0.028800000000000003
34.024	0.0287640625
34.025999999999996	0.0287484375
34.028	0.02875
34.03	0.028767187500000003
34.032	0.028800000000000003
34.034	0.028846875
34.036	0.0289078125
34.038	0.028985937500000003
34.04	0.029084375000000003
34.042	0.0292
34.044	0.0293234375
34.046	0.029440625
34.048	0.029532812500000002
34.05	0.029589062500000003
34.052	0.0296
34.054	0.029565625
34.056	0.029495312500000002
34.058	0.029401562500000002
34.06	0.0292984375
34.062	0.0292
34.064	0.029125
34.066	0.0290609375
34.068	0.028993750000000002
34.07	0.028909375
34.072	0.028800000000000003
34.074	0.028684375
34.076	0.0285671875
34.078	0.028465625
34.08	0.0284046875
34.082	0.0284
34.083999999999996	0.028471875
34.086	0.02860625
34.088	0.0287875
34.089999999999996	0.028990625000000003
34.092	0.0292
34.094	0.0293890625
34.096	0.029556250000000003
34.098	0.02970625
34.1	0.02985
34.102	0.030000000000000002
34.104	0.03014375
34.106	0.0303
34.108	0.030467187500000003
34.11	0.0306375
34.112	0.0308
34.114	0.030906250000000003
34.116	0.03096875
34.118	0.030976562500000002
34.12	0.0309203125
34.122	0.0308
34.124	0.030598437500000002
34.126	0.030359375
34.128	0.0301015625
34.13	0.029842187500000002
34.132	0.0296
34.134	0.0293765625
34.136	0.02919375
34.138	0.0290421875
34.14	0.0289140625
34.142	0.028800000000000003
34.144	0.028696875
34.146	0.0286015625
34.148	0.028514062500000003
34.15	0.02844375
34.152	0.0284
34.154	0.028403125
34.156	0.0284453125
34.158	0.0285265625
34.16	0.028645312500000002
34.162	0.028800000000000003
34.164	0.0289796875
34.166	0.029159375
34.168	0.029328125
34.17	0.0294765625
34.172	0.0296
34.174	0.0296765625
34.176	0.029709375000000003
34.178	0.0297015625
34.18	0.0296609375
34.182	0.0296
34.184	0.0295109375
34.186	0.02941875
34.188	0.029332812500000003
34.19	0.029259375
34.192	0.0292
34.194	0.0291359375
34.196	0.0290734375
34.198	0.029003125
34.2	0.0289140625
34.202	0.028800000000000003
34.204	0.028648437500000002
34.206	0.028481250000000003
34.208	0.0283078125
34.21	0.028143750000000002
34.212	0.028
34.214	0.0278796875
34.216	0.027784375
34.218	0.027709375
34.22	0.02765
34.222	0.027600000000000003
34.224000000000004	0.0275640625
34.226	0.0275359375
34.228	0.027525
34.23	0.027543750000000002
34.232	0.027600000000000003
34.234	0.0276890625
34.236	0.027789062500000003
34.238	0.027884375000000003
34.24	0.027959375
34.242	0.028
34.244	0.0279921875
34.246	0.027934375
34.248	0.0278390625
34.25	0.027721875
34.252	0.027600000000000003
34.254	0.0274875
34.256	0.027390625000000002
34.258	0.0273125
34.26	0.02725
34.262	0.027200000000000002
34.264	0.02715625
34.266	0.027100000000000003
34.268	0.0270234375
34.27	0.0269234375
34.272	0.0268
34.274	0.0266734375
34.276	0.0265515625
34.278	0.0264546875
34.28	0.0264015625
34.282000000000004	0.0264
34.284	0.026459375
34.286	0.02655
34.288000000000004	0.0266515625
34.29	0.026740625
34.292	0.0268
34.294000000000004	0.026823437500000002
34.296	0.026812500000000003
34.298	0.026789062500000002
34.3	0.026778125
34.302	0.0268
34.304	0.0268671875
34.306	0.0269609375
34.308	0.027065625000000003
34.31	0.027153125
34.312	0.027200000000000002
34.314	0.027192187500000003
34.316	0.027131250000000003
34.318	0.027032812500000003
34.32	0.026915625000000002
34.322	0.0268
34.324	0.0267046875
34.326	0.026626562500000003
34.328	0.026559375
34.33	0.0264875
34.332	0.0264
34.334	0.0263046875
34.336	0.026203125
34.338	0.0261078125
34.34	0.026035937500000002
34.342	0.026000000000000002
34.344	0.0260203125
34.346000000000004	0.02608125
34.348	0.026175
34.35	0.026285937500000002
34.352000000000004	0.0264
34.354	0.026506250000000002
34.356	0.026595312500000003
34.358000000000004	0.02666875
34.36	0.026734375
34.362	0.0268
34.364000000000004	0.026865625
34.366	0.0269375
34.368	0.02701875
34.37	0.0271078125
34.372	0.027200000000000002
34.374	0.0272703125
34.376	0.027315625
34.378	0.027323437500000002
34.38	0.027285937500000003
34.382	0.027200000000000002
34.384	0.027059375
34.386	0.0268890625
34.388	0.0267109375
34.39	0.02654375
34.392	0.0264
34.394	0.026287500000000002
34.396	0.0262046875
34.398	0.0261390625
34.4	0.026075
34.402	0.026000000000000002
34.404	0.0259125
34.406	0.025814062500000002
34.408	0.025717187500000002
34.410000000000004	0.025640625
34.412	0.0256
34.414	0.025617187500000003
34.416000000000004	0.025678125
34.418	0.0257703125
34.42	0.0258828125
34.422000000000004	0.026000000000000002
34.424	0.0261171875
34.426	0.0262125
34.428000000000004	0.0262890625
34.43	0.026350000000000002
34.432	0.0264
34.434000000000005	0.0264484375
34.436	0.026478125
34.438	0.0264828125
34.44	0.026459375
34.442	0.0264
34.444	0.026318750000000002
34.446	0.026223437500000002
34.448	0.026129687500000002
34.45	0.0260515625
34.452	0.026000000000000002
34.454	0.0259828125
34.456	0.0259890625
34.458	0.026003125000000002
34.46	0.0260109375
34.462	0.026000000000000002
34.464	0.025971875000000002
34.466	0.025937500000000002
34.468	0.0259171875
34.47	0.025934375000000003
34.472	0.026000000000000002
34.474000000000004	0.026121875000000003
34.476	0.026285937500000002
34.478	0.026470312500000003
34.480000000000004	0.02665
34.482	0.0268
34.484	0.0268953125
34.486000000000004	0.026934375
34.488	0.026921875
34.49	0.026871875
34.492000000000004	0.0268
34.494	0.026718750000000003
34.496	0.0266375
34.498000000000005	0.026559375
34.5	0.0264828125
34.502	0.0264
34.504000000000005	0.026312500000000003
34.506	0.026221875000000002
34.508	0.0261375
34.51	0.026060937500000003
34.512	0.026000000000000002
34.514	0.0259578125
34.516	0.025937500000000002
34.518	0.025937500000000002
34.52	0.025959375
34.522	0.026000000000000002
34.524	0.0260484375
34.526	0.0261109375
34.528	0.026189062500000002
34.53	0.026287500000000002
34.532000000000004	0.0264
34.534	0.0265125
34.536	0.0266171875
34.538000000000004	0.0267046875
34.54	0.02676875
34.542	0.0268
34.544000000000004	0.026782812500000003
34.546	0.026726562500000002
34.548	0.0266375
34.550000000000004	0.0265265625
34.552	0.0264
34.554	0.026256250000000002
34.556000000000004	0.026103125
34.558	0.02594375
34.56	0.025776562500000003
34.562000000000005	0.0256
34.564	0.0254171875
34.566	0.0252359375
34.568000000000005	0.025065625
34.57	0.0249171875
34.572	0.024800000000000003
34.574000000000005	0.024728125
34.576	0.0246953125
34.578	0.0246984375
34.580000000000005	0.024735937500000003
34.582	0.024800000000000003
34.584	0.0248890625
34.586	0.0249796875
34.588	0.0250640625
34.59	0.0251390625
34.592	0.0252
34.594	0.025253125
34.596000000000004	0.025279687500000002
34.598	0.025278125000000002
34.6	0.0252515625
34.602000000000004	0.0252
34.604	0.025148437500000002
34.606	0.025081250000000003
34.608000000000004	0.0249984375
34.61	0.0249046875
34.612	0.024800000000000003
34.614000000000004	0.024712500000000002
34.616	0.0246265625
34.618	0.02454375
34.620000000000005	0.0244671875
34.622	0.0244
34.624	0.024359375000000003
34.626000000000005	0.0243375
34.628	0.024334375000000002
34.63	0.0243546875
34.632000000000005	0.0244
34.634	0.02448125
34.636	0.024596875
34.638000000000005	0.024753125
34.64	0.024956250000000003
34.642	0.0252
34.644000000000005	0.025460937500000003
34.646	0.025728125
34.648	0.025984375
34.650000000000006	0.026214062500000003
34.652	0.0264
34.654	0.026504687500000002
34.656	0.0265484375
34.658	0.026539062500000002
34.660000000000004	0.0264859375
34.662	0.0264
34.664	0.026271875
34.666000000000004	0.026129687500000002
34.668	0.025971875000000002
34.67	0.025796875
34.672000000000004	0.0256
34.674	0.0253765625
34.676	0.025140625
34.678000000000004	0.024895312500000003
34.68	0.024645312500000002
34.682	0.0244
34.684000000000005	0.024173437500000002
34.686	0.023975
34.688	0.023809375
34.690000000000005	0.0236828125
34.692	0.0236
34.694	0.02358125
34.696000000000005	0.0236109375
34.698	0.023690625
34.7	0.023821875000000003
34.702000000000005	0.024
34.704	0.0242296875
34.706	0.0244734375
34.708000000000006	0.024725
34.71	0.0249703125
34.712	0.0252
34.714000000000006	0.0253953125
34.716	0.0255375
34.718	0.025618750000000003
34.720000000000006	0.025640625
34.722	0.0256
34.724000000000004	0.0255015625
34.726	0.0253578125
34.728	0.0251859375
34.730000000000004	0.024995312500000002
34.732	0.024800000000000003
34.734	0.024617187500000002
34.736000000000004	0.024446875
34.738	0.0242921875
34.74	0.024143750000000002
34.742000000000004	0.024
34.744	0.0238734375
34.746	0.023764062500000002
34.748000000000005	0.023678125
34.75	0.023621875
34.752	0.0236
34.754000000000005	0.023628125
34.756	0.023690625
34.758	0.023778125
34.76	0.023884375000000003
34.762	0.024
34.764	0.024139062500000003
34.766	0.0242828125
34.768	0.0244375
34.77	0.024609375000000003
34.772	0.024800000000000003
34.774	0.0250109375
34.776	0.025214062500000002
34.778	0.0253921875
34.78	0.025525000000000003
34.782000000000004	0.0256
34.784	0.02560625
34.786	0.025553125000000003
34.788	0.02545625
34.79	0.025332812500000003
34.792	0.0252
34.794	0.0250734375
34.796	0.024971875
34.798	0.024895312500000003
34.8	0.024840625
34.802	0.024800000000000003
34.804	0.024765625000000003
34.806	0.024746875
34.808	0.024743750000000002
34.809999999999995	0.0247625
34.812	0.024800000000000003
34.814	0.02485
34.815999999999995	0.02491875
34.818	0.025003125
34.82	0.0250984375
34.821999999999996	0.0252
34.824	0.025290625
34.826	0.025375
34.827999999999996	0.0254546875
34.83	0.025531250000000002
34.831999999999994	0.0256
34.833999999999996	0.025646875
34.836	0.0256734375
34.837999999999994	0.025678125
34.839999999999996	0.025654687500000002
34.842	0.0256
34.843999999999994	0.0255015625
34.846	0.025367187500000003
34.848	0.0252015625
34.849999999999994	0.025009375
34.852	0.024800000000000003
34.854	0.0245875
34.855999999999995	0.0243875
34.858	0.0242171875
34.86	0.0240875
34.861999999999995	0.024
34.864	0.0239671875
34.86599999999999	0.0239640625
34.867999999999995	0.023979687500000003
34.87	0.0239953125
34.87199999999999	0.024
34.873999999999995	0.023996875
34.876	0.023979687500000003
34.87799999999999	0.0239640625
34.879999999999995	0.0239671875
34.882	0.024
34.88399999999999	0.024073437500000003
34.885999999999996	0.024165625
34.888	0.0242609375
34.88999999999999	0.02434375
34.891999999999996	0.0244
34.894	0.024426562500000002
34.895999999999994	0.024421875000000003
34.897999999999996	0.0244046875
34.9	0.024392187500000002
34.901999999999994	0.0244
34.903999999999996	0.024429687500000002
34.906	0.024465625
34.907999999999994	0.024485937500000002
34.91	0.0244703125
34.912	0.0244
34.913999999999994	0.024268750000000002
34.916	0.0240953125
34.918	0.02390625
34.919999999999995	0.023732812500000002
34.922	0.0236
34.924	0.02353125
34.925999999999995	0.023515625000000002
34.928	0.0235359375
34.93	0.023571875000000003
34.931999999999995	0.0236
34.934	0.0236125
34.93599999999999	0.023603125000000003
34.937999999999995	0.0235859375
34.94	0.0235796875
34.94199999999999	0.0236
34.943999999999996	0.02365625
34.946	0.0237390625
34.94799999999999	0.023834375
34.949999999999996	0.0239265625
34.952	0.024
34.95399999999999	0.024042187500000003
34.955999999999996	0.024051562500000002
34.958	0.0240375
34.959999999999994	0.024017187500000002
34.961999999999996	0.024
34.964	0.02399375
34.965999999999994	0.023996875
34.967999999999996	0.0240046875
34.97	0.024009375
34.971999999999994	0.024
34.974	0.0239609375
34.976	0.023896875
34.977999999999994	0.0238125
34.98	0.0237109375
34.982	0.0236
34.983999999999995	0.02349375
34.986	0.023396875
34.988	0.0233140625
34.989999999999995	0.0232484375
34.992	0.023200000000000002
34.994	0.0231765625
34.995999999999995	0.023168750000000002
34.998	0.023171875
35.0	0.023184375
35.001999999999995	0.023200000000000002
35.004	0.023226562500000002
35.006	0.02324375
35.007999999999996	0.023246875
35.01	0.023231250000000002
35.01199999999999	0.023200000000000002
35.013999999999996	0.0231734375
35.016	0.02315
35.017999999999994	0.023140625
35.019999999999996	0.02315625
35.022	0.023200000000000002
35.023999999999994	0.02328125
35.025999999999996	0.0233765625
35.028	0.0234703125
35.029999999999994	0.02355
35.032	0.0236
35.034	0.023621875
35.035999999999994	0.0236171875
35.038	0.023601562500000003
35.04	0.023590625
35.041999999999994	0.0236
35.044	0.023639062500000002
35.046	0.0237078125
35.047999999999995	0.0238015625
35.05	0.0239046875
35.052	0.024
35.053999999999995	0.0240671875
35.056	0.0241015625
35.058	0.0241
35.059999999999995	0.0240640625
35.062	0.024
35.064	0.0239109375
35.065999999999995	0.023815625
35.068	0.023726562500000003
35.07	0.023653125
35.071999999999996	0.0236
35.074	0.023571875000000003
35.076	0.023565625
35.077999999999996	0.023573437500000002
35.08	0.0235890625
35.081999999999994	0.0236
35.083999999999996	0.023609375000000002
35.086	0.0236109375
35.087999999999994	0.023607812500000002
35.089999999999996	0.023603125000000003
35.092	0.0236
35.093999999999994	0.023606250000000002
35.096	0.0236140625
35.098	0.02361875
35.099999999999994	0.0236140625
35.102	0.0236
35.104	0.023584375
35.105999999999995	0.023565625
35.108	0.02355625
35.11	0.023565625
35.111999999999995	0.0236
35.114	0.023668750000000002
35.116	0.0237546875
35.117999999999995	0.023846875
35.12	0.0239328125
35.122	0.024
35.123999999999995	0.0240359375
35.126	0.024045312500000002
35.128	0.0240359375
35.129999999999995	0.024017187500000002
35.132	0.024
35.134	0.023987500000000002
35.135999999999996	0.023982812500000002
35.138	0.023987500000000002
35.14	0.0239953125
35.141999999999996	0.024
35.144	0.0239984375
35.146	0.02399375
35.147999999999996	0.023990625
35.15	0.0239921875
35.151999999999994	0.024
35.153999999999996	0.024012500000000003
35.156	0.024028125
35.157999999999994	0.0240359375
35.16	0.0240296875
35.162	0.024
35.163999999999994	0.0239453125
35.166	0.02386875
35.168	0.0237796875
35.169999999999995	0.0236859375
35.172	0.0236
35.174	0.0235375
35.175999999999995	0.023503125
35.178	0.0235015625
35.18	0.0235359375
35.181999999999995	0.0236
35.184	0.0236875
35.186	0.02378125
35.187999999999995	0.0238703125
35.19	0.0239453125
35.192	0.024
35.193999999999996	0.024021875
35.196	0.024021875
35.198	0.024010937500000003
35.199999999999996	0.0240015625
35.202	0.024
35.204	0.024003125
35.205999999999996	0.024010937500000003
35.208	0.024018750000000002
35.21	0.024018750000000002
35.211999999999996	0.024
35.214	0.023950000000000003
35.216	0.0238765625
35.217999999999996	0.0237875
35.22	0.0236921875
35.221999999999994	0.0236
35.224	0.023512500000000002
35.226	0.02343125
35.227999999999994	0.023356250000000002
35.23	0.02328125
35.232	0.023200000000000002
35.233999999999995	0.0231109375
35.236	0.023015625
35.238	0.0229265625
35.239999999999995	0.022853125000000002
35.242	0.0228
35.244	0.022778125
35.245999999999995	0.022775
35.248	0.02278125
35.25	0.0227921875
35.251999999999995	0.0228
35.254	0.022809375
35.256	0.0228078125
35.257999999999996	0.022803125
35.26	0.0227984375
35.262	0.0228
35.263999999999996	0.022820312500000002
35.266	0.0228390625
35.268	0.022846875000000003
35.269999999999996	0.0228375
35.272	0.0228
35.274	0.0227484375
35.275999999999996	0.0226734375
35.278	0.0225828125
35.28	0.0224875
35.282	0.0224
35.284	0.022345312500000002
35.286	0.022317187500000002
35.288	0.022318750000000002
35.29	0.022346875000000002
35.291999999999994	0.0224
35.294	0.022473437500000002
35.296	0.0225546875
35.297999999999995	0.0226375
35.3	0.022720312500000003
35.302	0.0228
35.303999999999995	0.022875
35.306	0.022948437500000002
35.308	0.0230234375
35.309999999999995	0.0231078125
35.312	0.023200000000000002
35.314	0.023292187500000002
35.315999999999995	0.023385937500000002
35.318	0.0234734375
35.32	0.02355
35.321999999999996	0.0236
35.324	0.023609375000000002
35.326	0.023576562500000002
35.327999999999996	0.0234953125
35.33	0.02336875
35.332	0.023200000000000002
35.333999999999996	0.023006250000000002
35.336	0.0228109375
35.338	0.0226359375
35.339999999999996	0.022496875
35.342	0.0224
35.344	0.022359375
35.346	0.02235625
35.348	0.022375000000000003
35.35	0.02239375
35.352	0.0224
35.354	0.02239375
35.356	0.022375000000000003
35.358	0.02235625
35.36	0.022359375
35.362	0.0224
35.364	0.022496875
35.366	0.0226359375
35.367999999999995	0.0228109375
35.37	0.023006250000000002
35.372	0.023200000000000002
35.373999999999995	0.02336875
35.376	0.0234953125
35.378	0.023576562500000002
35.379999999999995	0.023609375000000002
35.382	0.0236
35.384	0.02355
35.385999999999996	0.0234734375
35.388	0.023385937500000002
35.39	0.023292187500000002
35.391999999999996	0.023200000000000002
35.394	0.0231078125
35.396	0.0230234375
35.397999999999996	0.022948437500000002
35.4	0.022875
35.402	0.0228
35.403999999999996	0.022720312500000003
35.406	0.0226375
35.408	0.0225546875
35.41	0.022473437500000002
35.412	0.0224
35.414	0.022343750000000002
35.416	0.022312500000000002
35.418	0.022309375
35.42	0.022340625
35.422	0.0224
35.424	0.0224890625
35.426	0.022584375
35.428	0.022675
35.43	0.02275
35.432	0.0228
35.434	0.0228296875
35.436	0.022834375
35.437999999999995	0.0228234375
35.44	0.022809375
35.442	0.0228
35.443999999999996	0.022809375
35.446	0.0228234375
35.448	0.022834375
35.449999999999996	0.0228296875
35.452	0.0228
35.454	0.022746875
35.455999999999996	0.0226703125
35.458	0.022578125
35.46	0.022484375
35.461999999999996	0.0224
35.464	0.022343750000000002
35.466	0.022317187500000002
35.467999999999996	0.022321875
35.47	0.022350000000000002
35.472	0.0224
35.474	0.022468750000000003
35.476	0.0225453125
35.478	0.022626562500000003
35.48	0.0227125
35.482	0.0228
35.484	0.0228890625
35.486	0.022975000000000002
35.488	0.02305625
35.49	0.023132812500000002
35.492	0.023200000000000002
35.494	0.0232515625
35.496	0.0232796875
35.498	0.023284375
35.5	0.023257812500000002
35.502	0.023200000000000002
35.504	0.0231171875
35.506	0.0230234375
35.507999999999996	0.02293125
35.51	0.022854687500000002
35.512	0.0228
35.513999999999996	0.022771875
35.516	0.0227671875
35.518	0.022778125
35.519999999999996	0.0227921875
35.522	0.0228
35.524	0.0227921875
35.525999999999996	0.022778125
35.528	0.0227671875
35.53	0.022771875
35.532	0.0228
35.534	0.022854687500000002
35.536	0.02293125
35.538	0.0230234375
35.54	0.0231171875
35.542	0.023200000000000002
35.544	0.023257812500000002
35.546	0.023284375
35.548	0.0232796875
35.55	0.0232515625
35.552	0.023200000000000002
35.554	0.023135937500000002
35.556	0.0230625
35.558	0.02298125
35.56	0.02289375
35.562	0.0228
35.564	0.022709375
35.566	0.0226203125
35.568	0.022535937500000002
35.57	0.0224625
35.572	0.0224
35.574	0.0223625
35.576	0.022342187500000003
35.577999999999996	0.022342187500000003
35.58	0.0223625
35.582	0.0224
35.583999999999996	0.022459375
35.586	0.0225296875
35.588	0.0226125
35.589999999999996	0.022703125
35.592	0.0228
35.594	0.0228953125
35.596	0.0229828125
35.598	0.0230640625
35.6	0.023137500000000002
35.602	0.023200000000000002
35.604	0.023240625
35.606	0.023260937500000002
35.608	0.023260937500000002
35.61	0.023240625
35.612	0.023200000000000002
35.614	0.023129687500000003
35.616	0.0230453125
35.618	0.022959375
35.62	0.022876562500000003
35.622	0.0228
35.624	0.022715625
35.626	0.0226359375
35.628	0.022559375
35.63	0.02248125
35.632	0.0224
35.634	0.0222984375
35.636	0.022196875
35.638	0.02210625
35.64	0.0220390625
35.642	0.022000000000000002
35.644	0.021975
35.646	0.021968750000000002
35.647999999999996	0.0219765625
35.65	0.021990625
35.652	0.022000000000000002
35.653999999999996	0.0219828125
35.656	0.02193125
35.658	0.0218484375
35.66	0.0217359375
35.662	0.0216
35.664	0.02145
35.666	0.0212875
35.668	0.021120312500000002
35.67	0.020957812500000002
35.672	0.020800000000000003
35.674	0.020665625
35.676	0.0205265625
35.678	0.0203734375
35.68	0.0201984375
35.682	0.02
35.684	0.019809375
35.686	0.0196140625
35.688	0.019434375
35.69	0.019290625000000002
35.692	0.019200000000000002
35.694	0.019200000000000002
35.696	0.0192546875
35.698	0.0193484375
35.7	0.01946875
35.702	0.0196
35.704	0.01975
35.706	0.0198953125
35.708	0.020043750000000003
35.71	0.0202109375
35.712	0.0204
35.714	0.02060625
35.716	0.020809375
35.717999999999996	0.020987500000000003
35.72	0.0211234375
35.722	0.0212
35.724	0.021196875
35.726	0.0211328125
35.728	0.0210296875
35.73	0.0209125
35.732	0.020800000000000003
35.734	0.0206953125
35.736	0.020612500000000002
35.738	0.0205453125
35.74	0.02048125
35.742	0.0204
35.744	0.020278125
35.746	0.020128125
35.748	0.0199578125
35.75	0.019778125
35.752	0.0196
35.754	0.0194375
35.756	0.019309375
35.758	0.019225000000000003
35.76	0.0191890625
35.762	0.019200000000000002
35.764	0.0192546875
35.766	0.0193328125
35.768	0.0194234375
35.77	0.0195171875
35.772	0.0196
35.774	0.0196640625
35.776	0.0196921875
35.778	0.0196875
35.78	0.0196546875
35.782000000000004	0.0196
35.784	0.019539062500000003
35.786	0.019465625
35.788000000000004	0.019384375000000002
35.79	0.0192953125
35.792	0.019200000000000002
35.794	0.019121875
35.796	0.01904375
35.798	0.0189640625
35.8	0.018882812500000002
35.802	0.0188
35.804	0.0187375
35.806	0.0186703125
35.808	0.0185921875
35.81	0.018501562500000002
35.812	0.0184
35.814	0.018325
35.816	0.018271875
35.818	0.01825625
35.82	0.018296875
35.822	0.0184
35.824	0.0185859375
35.826	0.018818750000000002
35.828	0.0190796875
35.83	0.019346875
35.832	0.0196
35.834	0.0198203125
35.836	0.020003125
35.838	0.0201515625
35.84	0.02028125
35.842	0.0204
35.844	0.0205015625
35.846000000000004	0.0206
35.848	0.0206890625
35.85	0.020759375
35.852000000000004	0.020800000000000003
35.854	0.0207890625
35.856	0.020740625000000002
35.858000000000004	0.02065625
35.86	0.0205421875
35.862	0.0204
35.864	0.020237500000000002
35.866	0.020075000000000003
35.868	0.0199140625
35.87	0.0197546875
35.872	0.0196
35.874	0.0194671875
35.876	0.019357812500000002
35.878	0.019278125
35.88	0.019225000000000003
35.882	0.019200000000000002
35.884	0.019229687500000002
35.886	0.019290625000000002
35.888	0.019375
35.89	0.019481250000000002
35.892	0.0196
35.894	0.0197515625
35.896	0.0199109375
35.898	0.020071875
35.9	0.020235937500000002
35.902	0.0204
35.904	0.0205765625
35.906	0.020746875
35.908	0.020909375
35.910000000000004	0.0210625
35.912	0.0212
35.914	0.0213265625
35.916000000000004	0.021432812500000002
35.918	0.021515625
35.92	0.021571875
35.922000000000004	0.0216
35.924	0.0216015625
35.926	0.021596875
35.928000000000004	0.021592187500000002
35.93	0.021592187500000002
35.932	0.0216
35.934	0.0216078125
35.936	0.021621875000000002
35.938	0.0216328125
35.94	0.0216265625
35.942	0.0216
35.944	0.021546875
35.946	0.021500000000000002
35.948	0.0214828125
35.95	0.0215125
35.952	0.0216
35.954	0.0217359375
35.956	0.021909375000000002
35.958	0.022098437500000002
35.96	0.0222703125
35.962	0.0224
35.964	0.0224578125
35.966	0.022465625
35.968	0.022442187500000002
35.97	0.0224140625
35.972	0.0224
35.974000000000004	0.0224
35.976	0.02241875
35.978	0.022440625000000002
35.980000000000004	0.022442187500000002
35.982	0.0224
35.984	0.0223
35.986000000000004	0.0221515625
35.988	0.021970312500000002
35.99	0.021781250000000002
35.992000000000004	0.0216
35.994	0.0214578125
35.996	0.021353125
35.998000000000005	0.0212828125
36.0	0.0212359375
36.002	0.0212
36.004	0.021184375000000002
36.006	0.021171875
36.008	0.0211671875
36.01	0.021175
36.012	0.0212
36.014	0.021259375
36.016	0.021335937500000002
36.018	0.021421875
36.02	0.0215109375
36.022	0.0216
36.024	0.0216921875
36.026	0.021775000000000003
36.028	0.0218515625
36.03	0.021925
36.032000000000004	0.022000000000000002
36.034	0.0220796875
36.036	0.022159375000000002
36.038000000000004	0.0222421875
36.04	0.0223234375
36.042	0.0224
36.044000000000004	0.02245
36.046	0.022478125
36.048	0.0224796875
36.050000000000004	0.0224546875
36.052	0.0224
36.054	0.02230625
36.056000000000004	0.0222046875
36.058	0.0221109375
36.06	0.022040625
36.062000000000005	0.022000000000000002
36.064	0.021975
36.066	0.021975
36.068000000000005	0.0219875
36.07	0.022001562500000002
36.072	0.022000000000000002
36.074	0.0219578125
36.076	0.0218875
36.078	0.021796875
36.08	0.021696875
36.082	0.0216
36.084	0.021500000000000002
36.086	0.0214109375
36.088	0.0213328125
36.09	0.0212640625
36.092	0.0212
36.094	0.0211328125
36.096000000000004	0.021056250000000002
36.098	0.0209734375
36.1	0.0208875
36.102000000000004	0.020800000000000003
36.104	0.0207203125
36.106	0.0206390625
36.108000000000004	0.020559375
36.11	0.0204796875
36.112	0.0204
36.114000000000004	0.020332812500000002
36.116	0.0202609375
36.118	0.02018125
36.120000000000005	0.02009375
36.122	0.02
36.124	0.019918750000000002
36.126000000000005	0.019834375
36.128	0.0197484375
36.13	0.019668750000000002
36.132000000000005	0.0196
36.134	0.01956875
36.136	0.019553125
36.138000000000005	0.019553125
36.14	0.01956875
36.142	0.0196
36.144000000000005	0.0196609375
36.146	0.019729687500000002
36.148	0.019809375
36.15	0.0199
36.152	0.02
36.154	0.020106250000000003
36.156	0.020204687500000002
36.158	0.0202890625
36.160000000000004	0.0203546875
36.162	0.0204
36.164	0.02041875
36.166000000000004	0.02041875
36.168	0.0204109375
36.17	0.020403125
36.172000000000004	0.0204
36.174	0.020403125
36.176	0.0204109375
36.178000000000004	0.02041875
36.18	0.02041875
36.182	0.0204
36.184000000000005	0.0203546875
36.186	0.0202890625
36.188	0.020204687500000002
36.190000000000005	0.020106250000000003
36.192	0.02
36.194	0.0199
36.196000000000005	0.019809375
36.198	0.019729687500000002
36.2	0.0196609375
36.202000000000005	0.0196
36.204	0.019565625
36.206	0.0195484375
36.208000000000006	0.019546875000000002
36.21	0.0195640625
36.212	0.0196
36.214000000000006	0.019668750000000002
36.216	0.01975
36.218	0.0198359375
36.22	0.019920312500000002
36.222	0.02
36.224000000000004	0.0200828125
36.226	0.0201609375
36.228	0.020237500000000002
36.230000000000004	0.020315625
36.232	0.0204
36.234	0.020490625000000002
36.236000000000004	0.020581250000000002
36.238	0.0206671875
36.24	0.020742187500000002
36.242000000000004	0.020800000000000003
36.244	0.020831250000000003
36.246	0.0208421875
36.248000000000005	0.020837500000000002
36.25	0.020821875
36.252	0.020800000000000003
36.254000000000005	0.020771875000000002
36.256	0.02075625
36.258	0.02075625
36.260000000000005	0.020771875000000002
36.262	0.020800000000000003
36.264	0.0208265625
36.266000000000005	0.02085
36.268	0.020859375
36.27	0.0208453125
36.272000000000006	0.020800000000000003
36.274	0.020728125
36.276	0.0206390625
36.278000000000006	0.020546875000000003
36.28	0.0204640625
36.282000000000004	0.0204
36.284000000000006	0.0203765625
36.286	0.0203765625
36.288000000000004	0.020389062500000003
36.29	0.0204015625
36.292	0.0204
36.294000000000004	0.020396875000000002
36.296	0.020384375
36.298	0.020371875
36.300000000000004	0.020375
36.302	0.0204
36.304	0.0204640625
36.306000000000004	0.020548437500000002
36.308	0.020640625000000003
36.31	0.020728125
36.312	0.020800000000000003
36.314	0.0208609375
36.316	0.0209140625
36.318	0.020978125
36.32	0.0210703125
36.322	0.0212
36.324	0.021365625000000003
36.326	0.021553125
36.328	0.0217390625
36.33	0.021896875
36.332	0.022000000000000002
36.334	0.022026562500000003
36.336	0.021984375
36.338	0.0218875
36.339999999999996	0.021753125
36.342	0.0216
36.344	0.02145625
36.346	0.021340625000000002
36.348	0.0212609375
36.35	0.0212171875
36.352	0.0212
36.354	0.02120625
36.356	0.0212203125
36.358	0.0212296875
36.36	0.021225
36.361999999999995	0.0212
36.364	0.0211671875
36.366	0.0211359375
36.367999999999995	0.021120312500000002
36.37	0.0211390625
36.372	0.0212
36.373999999999995	0.0213140625
36.376	0.021465625000000002
36.378	0.02164375
36.379999999999995	0.021828125
36.382	0.022000000000000002
36.38399999999999	0.0221453125
36.385999999999996	0.022253125000000002
36.388	0.0223265625
36.38999999999999	0.022373437500000003
36.391999999999996	0.0224
36.394	0.022412500000000002
36.395999999999994	0.0224203125
36.397999999999996	0.0224234375
36.4	0.02241875
36.401999999999994	0.0224
36.403999999999996	0.022359375
36.406	0.0223015625
36.407999999999994	0.022221875000000002
36.41	0.0221203125
36.412	0.022000000000000002
36.413999999999994	0.021876562500000002
36.416	0.0217640625
36.418	0.021675
36.419999999999995	0.021617187500000003
36.422	0.0216
36.424	0.0216296875
36.425999999999995	0.0216953125
36.428	0.0217890625
36.42999999999999	0.0218953125
36.431999999999995	0.022000000000000002
36.434	0.022096875000000002
36.43599999999999	0.0221796875
36.437999999999995	0.022254687500000002
36.44	0.022325
36.44199999999999	0.0224
36.443999999999996	0.0224796875
36.446	0.022564062500000003
36.44799999999999	0.02265
36.449999999999996	0.02273125
36.452	0.0228
36.45399999999999	0.022845312500000003
36.455999999999996	0.0228671875
36.458	0.0228671875
36.459999999999994	0.02284375
36.461999999999996	0.0228
36.464	0.0227375
36.465999999999994	0.022664062500000002
36.467999999999996	0.0225828125
36.47	0.0224953125
36.471999999999994	0.0224
36.474	0.022303125
36.476	0.0222125
36.477999999999994	0.022129687500000002
36.48	0.022059375000000003
36.482	0.022000000000000002
36.483999999999995	0.021965625000000003
36.486	0.0219484375
36.488	0.02195
36.489999999999995	0.021967187500000002
36.492	0.022000000000000002
36.494	0.022057812500000003
36.495999999999995	0.022128125000000002
36.498	0.0222109375
36.49999999999999	0.022303125
36.501999999999995	0.0224
36.504	0.0225109375
36.50599999999999	0.0226140625
36.507999999999996	0.0227015625
36.51	0.0227640625
36.51199999999999	0.0228
36.513999999999996	0.022818750000000002
36.516	0.022818750000000002
36.517999999999994	0.022809375
36.519999999999996	0.0228015625
36.522	0.0228
36.523999999999994	0.0228109375
36.525999999999996	0.0228265625
36.528	0.0228359375
36.529999999999994	0.0228296875
36.532	0.0228
36.534	0.022753125000000003
36.535999999999994	0.0227078125
36.538	0.022689062500000003
36.54	0.022715625
36.541999999999994	0.0228
36.544	0.0229328125
36.546	0.023103125000000002
36.547999999999995	0.023290625000000002
36.55	0.023465625
36.552	0.0236
36.553999999999995	0.0236625
36.556	0.023673437500000002
36.558	0.0236515625
36.559999999999995	0.0236203125
36.562	0.0236
36.564	0.0235890625
36.565999999999995	0.0235984375
36.568	0.023615625
36.57	0.0236234375
36.571999999999996	0.0236
36.574	0.0235171875
36.57599999999999	0.023385937500000002
36.577999999999996	0.0232140625
36.58	0.0230140625
36.581999999999994	0.0228
36.583999999999996	0.0225875
36.586	0.0223953125
36.587999999999994	0.02223125
36.589999999999996	0.022098437500000002
36.592	0.022000000000000002
36.593999999999994	0.021939062500000002
36.596	0.0219109375
36.598	0.0219125
36.599999999999994	0.02194375
36.602	0.022000000000000002
36.604	0.02208125
36.605999999999995	0.0221671875
36.608	0.022251562500000002
36.61	0.02233125
36.611999999999995	0.0224
36.614	0.0224546875
36.616	0.02248125
36.617999999999995	0.0224796875
36.62	0.0224515625
36.622	0.0224
36.623999999999995	0.0223359375
36.626	0.022254687500000002
36.628	0.02216875
36.629999999999995	0.0220828125
36.632	0.022000000000000002
36.634	0.021932812500000003
36.635999999999996	0.0218671875
36.638	0.02179375
36.64	0.0217046875
36.641999999999996	0.0216
36.644	0.021493750000000002
36.645999999999994	0.0213875
36.647999999999996	0.02129375
36.65	0.021228125
36.651999999999994	0.0212
36.653999999999996	0.021228125
36.656	0.02129375
36.657999999999994	0.0213875
36.66	0.021493750000000002
36.662	0.0216
36.663999999999994	0.0217046875
36.666	0.02179375
36.668	0.0218671875
36.669999999999995	0.021932812500000003
36.672	0.022000000000000002
36.674	0.0220796875
36.675999999999995	0.0221625
36.678	0.022248437500000003
36.68	0.0223296875
36.681999999999995	0.0224
36.684	0.022453125
36.686	0.02248125
36.687999999999995	0.0224828125
36.69	0.0224546875
36.692	0.0224
36.693999999999996	0.0223234375
36.696	0.0222375
36.698	0.02215
36.699999999999996	0.02206875
36.702	0.022000000000000002
36.704	0.021946875
36.705999999999996	0.0219203125
36.708	0.021921875
36.71	0.02195
36.711999999999996	0.022000000000000002
36.714	0.022060937500000002
36.715999999999994	0.022134375
36.717999999999996	0.022215625000000003
36.72	0.02230625
36.721999999999994	0.0224
36.724	0.0224859375
36.726	0.022568750000000002
36.727999999999994	0.0226484375
36.73	0.022728125000000002
36.732	0.0228
36.733999999999995	0.022853125000000002
36.736	0.022885937500000002
36.738	0.0228921875
36.739999999999995	0.022865625
36.742	0.0228
36.744	0.022695312500000002
36.745999999999995	0.0225578125
36.748	0.022390625
36.75	0.0222015625
36.751999999999995	0.022000000000000002
36.754	0.021806250000000003
36.756	0.021623437500000002
36.757999999999996	0.0214578125
36.76	0.0213171875
36.762	0.0212
36.763999999999996	0.021134375
36.766	0.021103125
36.768	0.021103125
36.769999999999996	0.0211359375
36.772	0.0212
36.774	0.0213125
36.775999999999996	0.0214515625
36.778	0.0216140625
36.78	0.0218
36.782	0.022000000000000002
36.784	0.0222140625
36.785999999999994	0.022412500000000002
36.788	0.0225828125
36.79	0.0227140625
36.791999999999994	0.0228
36.794	0.02284375
36.796	0.022850000000000002
36.797999999999995	0.0228359375
36.8	0.022815625000000003
36.802	0.0228
36.803999999999995	0.0227953125
36.806	0.022803125
36.808	0.022814062500000003
36.809999999999995	0.022818750000000002
36.812	0.0228
36.814	0.022740625
36.815999999999995	0.022659375000000002
36.818	0.022568750000000002
36.82	0.022478125
36.821999999999996	0.0224
36.824	0.0223328125
36.826	0.0222984375
36.827999999999996	0.0223015625
36.83	0.0223375
36.832	0.0224
36.833999999999996	0.022468750000000003
36.836	0.0225453125
36.838	0.022629687500000002
36.839999999999996	0.022715625
36.842	0.0228
36.844	0.0228640625
36.846	0.0229015625
36.848	0.022907812500000003
36.85	0.022875
36.852	0.0228
36.854	0.022689062500000003
36.855999999999995	0.022546875
36.858	0.022378125000000002
36.86	0.02219375
36.861999999999995	0.022000000000000002
36.864	0.0218296875
36.866	0.02166875
36.867999999999995	0.0215109375
36.87	0.02135625
36.872	0.0212
36.873999999999995	0.02108125
36.876	0.0209765625
36.878	0.0208890625
36.879999999999995	0.0208265625
36.882	0.020800000000000003
36.884	0.020846875
36.885999999999996	0.0209484375
36.888	0.0211078125
36.89	0.0213265625
36.891999999999996	0.0216
36.894	0.021928125
36.896	0.0222703125
36.897999999999996	0.02260625
36.9	0.022921875
36.902	0.023200000000000002
36.903999999999996	0.0234296875
36.906	0.0236140625
36.908	0.023762500000000002
36.91	0.023890625000000002
36.912	0.024
36.914	0.024081250000000002
36.916	0.024139062500000003
36.918	0.0241578125
36.92	0.024115625
36.922	0.024
36.924	0.0238078125
36.926	0.02356875
36.928	0.02330625
36.93	0.023042187500000002
36.931999999999995	0.0228
36.934	0.0226140625
36.936	0.0224921875
36.937999999999995	0.0224265625
36.94	0.0224015625
36.942	0.0224
36.943999999999996	0.0224328125
36.946	0.022484375
36.948	0.022559375
36.949999999999996	0.022662500000000002
36.952	0.0228
36.954	0.0229921875
36.955999999999996	0.023215625
36.958	0.023465625
36.96	0.023731250000000002
36.961999999999996	0.024
36.964	0.024268750000000002
36.966	0.024521875000000002
36.967999999999996	0.0247625
36.97	0.024990625000000002
36.972	0.0252
36.974	0.025375
36.976	0.0255140625
36.978	0.025603125
36.98	0.025634375
36.982	0.0256
36.984	0.0254875
36.986	0.025334375000000003
36.988	0.0251578125
36.99	0.024975
36.992	0.024800000000000003
36.994	0.0246515625
36.996	0.024545312500000003
36.998	0.0244765625
37.0	0.0244328125
37.001999999999995	0.0244
37.004	0.0243796875
37.006	0.0243671875
37.007999999999996	0.0243671875
37.01	0.0243765625
37.012	0.0244
37.013999999999996	0.0244484375
37.016	0.024515625000000003
37.018	0.0245984375
37.019999999999996	0.02469375
37.022	0.024800000000000003
37.024	0.024923437500000003
37.025999999999996	0.0250609375
37.028	0.025217187500000002
37.03	0.025396875000000003
37.032	0.0256
37.034	0.025812500000000002
37.036	0.0260171875
37.038	0.0261953125
37.04	0.026328125
37.042	0.0264
37.044	0.026390625
37.046	0.0263265625
37.048	0.026228125
37.05	0.0261125
37.052	0.026000000000000002
37.054	0.0258890625
37.056	0.0258
37.058	0.0257296875
37.06	0.0256671875
37.062	0.0256
37.064	0.025515625
37.066	0.025425
37.068	0.025337500000000002
37.07	0.025259375
37.071999999999996	0.0252
37.074	0.0251640625
37.076	0.025153125000000002
37.077999999999996	0.0251609375
37.08	0.025179687500000002
37.082	0.0252
37.083999999999996	0.025210937500000002
37.086	0.025212500000000002
37.088	0.02520625
37.089999999999996	0.0252015625
37.092	0.0252
37.094	0.0252046875
37.096	0.025207812500000003
37.098	0.025209375000000003
37.1	0.025207812500000003
37.102	0.0252
37.104	0.0251875
37.106	0.0251734375
37.108	0.025165625
37.11	0.025175000000000003
37.112	0.0252
37.114	0.0252359375
37.116	0.02526875
37.118	0.0252828125
37.12	0.0252640625
37.122	0.0252
37.124	0.025084375000000003
37.126	0.024928125000000002
37.128	0.0247484375
37.13	0.0245671875
37.132	0.0244
37.134	0.024265625000000002
37.136	0.0241625
37.138	0.0240890625
37.14	0.0240375
37.141999999999996	0.024
37.144	0.023975
37.146	0.023954687500000002
37.147999999999996	0.023946875000000003
37.15	0.023959375
37.152	0.024
37.153999999999996	0.0240671875
37.156	0.02415
37.158	0.024239062500000002
37.16	0.024326562500000003
37.162	0.0244
37.164	0.0244453125
37.166	0.0244625
37.168	0.024456250000000002
37.17	0.0244328125
37.172	0.0244
37.174	0.024359375000000003
37.176	0.024303125000000002
37.178	0.024228125
37.18	0.024128125
37.182	0.024
37.184	0.0238515625
37.186	0.023684375
37.188	0.023514062500000002
37.19	0.0233484375
37.192	0.023200000000000002
37.194	0.0230890625
37.196	0.023
37.198	0.022928125
37.2	0.0228625
37.202	0.0228
37.204	0.022757812500000002
37.206	0.022723437500000002
37.208	0.0227125
37.21	0.022734375
37.211999999999996	0.0228
37.214	0.022921875
37.216	0.0230765625
37.217999999999996	0.02325
37.22	0.0234296875
37.222	0.0236
37.224	0.0237421875
37.226	0.023846875
37.228	0.023920312500000002
37.23	0.02396875
37.232	0.024
37.234	0.024010937500000003
37.236	0.024015625000000002
37.238	0.024015625000000002
37.24	0.024010937500000003
37.242	0.024
37.244	0.0239625
37.246	0.0239078125
37.248	0.023829687500000002
37.25	0.023728125000000003
37.252	0.0236
37.254	0.0234421875
37.256	0.023271875
37.258	0.023103125000000002
37.26	0.022943750000000002
37.262	0.0228
37.264	0.022678125
37.266	0.0225796875
37.268	0.022504687500000002
37.27	0.0224453125
37.272	0.0224
37.274	0.022371875
37.276	0.0223515625
37.278	0.022345312500000002
37.28	0.0223609375
37.282	0.0224
37.284	0.022471875000000002
37.286	0.0225546875
37.288	0.02264375
37.29	0.022728125000000002
37.292	0.0228
37.294	0.022859375
37.296	0.0228875
37.298	0.022885937500000002
37.3	0.022854687500000002
37.302	0.0228
37.304	0.0227375
37.306	0.022662500000000002
37.308	0.022578125
37.31	0.022490625
37.312	0.0224
37.314	0.0223234375
37.316	0.022246875000000003
37.318	0.02216875
37.32	0.0220859375
37.322	0.022000000000000002
37.324	0.021935937500000002
37.326	0.02189375
37.328	0.021884375
37.33	0.0219171875
37.332	0.022000000000000002
37.334	0.0221375
37.336	0.0223046875
37.338	0.022484375
37.34	0.0226546875
37.342	0.0228
37.344	0.022910937500000002
37.346000000000004	0.0229921875
37.348	0.02305625
37.35	0.0231203125
37.352000000000004	0.023200000000000002
37.354	0.023296875
37.356	0.0234015625
37.358	0.0235
37.36	0.023571875000000003
37.362	0.0236
37.364	0.023575000000000002
37.366	0.023506250000000003
37.368	0.0234109375
37.37	0.0233046875
37.372	0.023200000000000002
37.374	0.023115625
37.376	0.0230484375
37.378	0.0229828125
37.38	0.0229046875
37.382	0.0228
37.384	0.0226859375
37.386	0.022568750000000002
37.388	0.022467187500000003
37.39	0.022406250000000003
37.392	0.0224
37.394	0.0224796875
37.396	0.0226203125
37.398	0.022803125
37.4	0.023003125000000003
37.402	0.023200000000000002
37.404	0.023389062500000002
37.406	0.0235546875
37.408	0.023704687500000002
37.410000000000004	0.02385
37.412	0.024
37.414	0.0241640625
37.416000000000004	0.0243359375
37.418	0.0245078125
37.42	0.02466875
37.422000000000004	0.024800000000000003
37.424	0.0248828125
37.426	0.024923437500000003
37.428	0.02491875
37.43	0.0248765625
37.432	0.024800000000000003
37.434	0.0246984375
37.436	0.0246
37.438	0.024514062500000003
37.44	0.024446875
37.442	0.0244
37.444	0.024375
37.446	0.0243734375
37.448	0.0243859375
37.45	0.0243984375
37.452	0.0244
37.454	0.024390625000000003
37.456	0.024378125
37.458	0.02436875
37.46	0.024375
37.462	0.0244
37.464	0.024456250000000002
37.466	0.0245328125
37.468	0.0246234375
37.47	0.024715625
37.472	0.024800000000000003
37.474000000000004	0.024878125
37.476	0.0249484375
37.478	0.025020312500000003
37.480000000000004	0.0251015625
37.482	0.0252
37.484	0.025309375000000002
37.486000000000004	0.0254203125
37.488	0.0255171875
37.49	0.02558125
37.492000000000004	0.0256
37.494	0.025559375000000002
37.496	0.02548125
37.498	0.02538125
37.5	0.0252828125
37.502	0.0252
37.504	0.0251421875
37.506	0.025121875000000002
37.508	0.0251328125
37.51	0.0251640625
37.512	0.0252
37.514	0.0252203125
37.516	0.025228125
37.518	0.025225
37.52	0.025214062500000002
37.522	0.0252
37.524	0.025179687500000002
37.526	0.025165625
37.528	0.0251640625
37.53	0.025176562500000003
37.532000000000004	0.0252
37.534	0.025217187500000002
37.536	0.0252296875
37.538000000000004	0.025234375
37.54	0.025225
37.542	0.0252
37.544000000000004	0.025148437500000002
37.546	0.025075
37.548	0.024987500000000003
37.550000000000004	0.024893750000000003
37.552	0.024800000000000003
37.554	0.024709375000000002
37.556000000000004	0.0246234375
37.558	0.024545312500000003
37.56	0.024471875
37.562000000000005	0.0244
37.564	0.024328125000000003
37.566	0.02425
37.568	0.024168750000000003
37.57	0.024084375
37.572	0.024
37.574	0.023921875000000002
37.576	0.0238421875
37.578	0.023759375000000003
37.58	0.023678125
37.582	0.0236
37.584	0.023543750000000002
37.586	0.0235046875
37.588	0.023496875
37.59	0.023528125
37.592	0.0236
37.594	0.0237109375
37.596000000000004	0.023826562500000002
37.598	0.023925000000000002
37.6	0.023987500000000002
37.602000000000004	0.024
37.604	0.023956250000000002
37.606	0.02386875
37.608000000000004	0.023762500000000002
37.61	0.023665625000000003
37.612	0.0236
37.614000000000004	0.023571875000000003
37.616	0.023576562500000002
37.618	0.0235953125
37.620000000000005	0.023609375000000002
37.622	0.0236
37.624	0.023546875000000002
37.626000000000005	0.0234609375
37.628	0.023359375
37.63	0.0232671875
37.632000000000005	0.023200000000000002
37.634	0.023159375
37.636	0.0231515625
37.638	0.023165625000000002
37.64	0.0231875
37.642	0.023200000000000002
37.644	0.023175
37.646	0.0231140625
37.648	0.0230234375
37.65	0.022915625000000002
37.652	0.0228
37.654	0.022687500000000003
37.656	0.0225875
37.658	0.022506250000000002
37.660000000000004	0.0224453125
37.662	0.0224
37.664	0.0223640625
37.666000000000004	0.022317187500000002
37.668	0.022246875000000003
37.67	0.0221421875
37.672000000000004	0.022000000000000002
37.674	0.021839062500000003
37.676	0.0216578125
37.678000000000004	0.021478125
37.68	0.0213203125
37.682	0.0212
37.684000000000005	0.021151562500000002
37.686	0.02114375
37.688	0.0211609375
37.690000000000005	0.021184375000000002
37.692	0.0212
37.694	0.021221875
37.696000000000005	0.0212203125
37.698	0.021207812500000003
37.7	0.0211953125
37.702000000000005	0.0212
37.704	0.021246875000000002
37.706	0.0213171875
37.708000000000006	0.02140625
37.71	0.021503125
37.712	0.0216
37.714	0.0216953125
37.716	0.021778125000000002
37.718	0.0218515625
37.72	0.0219234375
37.722	0.022000000000000002
37.724000000000004	0.022078125
37.726	0.022159375000000002
37.728	0.02224375
37.730000000000004	0.0223265625
37.732	0.0224
37.734	0.022442187500000002
37.736000000000004	0.0224625
37.738	0.0224625
37.74	0.022442187500000002
37.742000000000004	0.0224
37.744	0.0223265625
37.746	0.02224375
37.748000000000005	0.022159375000000002
37.75	0.022078125
37.752	0.022000000000000002
37.754000000000005	0.021921875
37.756	0.021846875
37.758	0.021771875
37.760000000000005	0.021690625
37.762	0.0216
37.764	0.0215046875
37.766000000000005	0.0214078125
37.768	0.02131875
37.77	0.0212484375
37.772000000000006	0.0212
37.774	0.0211859375
37.776	0.0211875
37.778000000000006	0.0211984375
37.78	0.0212046875
37.782000000000004	0.0212
37.784	0.0211953125
37.786	0.021182812500000002
37.788000000000004	0.0211703125
37.79	0.0211734375
37.792	0.0212
37.794000000000004	0.0212671875
37.796	0.021353125
37.798	0.0214453125
37.800000000000004	0.0215328125
37.802	0.0216
37.804	0.021646875
37.806000000000004	0.0216640625
37.808	0.021654687500000002
37.81	0.02163125
37.812000000000005	0.0216
37.814	0.021578125
37.816	0.02156875
37.818000000000005	0.0215703125
37.82	0.0215828125
37.822	0.0216
37.824000000000005	0.021618750000000003
37.826	0.02163125
37.828	0.0216328125
37.830000000000005	0.021623437500000002
37.832	0.0216
37.834	0.0215703125
37.836000000000006	0.021546875
37.838	0.0215375
37.84	0.021554687500000003
37.842	0.0216
37.844	0.021671875
37.846000000000004	0.0217625
37.848	0.02185625
37.85	0.021939062500000002
37.852000000000004	0.022000000000000002
37.854	0.022028125000000003
37.856	0.022029687500000002
37.858000000000004	0.0220171875
37.86	0.0220046875
37.862	0.022000000000000002
37.864000000000004	0.0220046875
37.866	0.0220171875
37.868	0.022029687500000002
37.87	0.022028125000000003
37.872	0.022000000000000002
37.874	0.0219421875
37.876	0.0218625
37.878	0.02176875
37.88	0.0216765625
37.882	0.0216
37.884	0.021556250000000002
37.886	0.0215421875
37.888	0.0215515625
37.89	0.021575
37.891999999999996	0.0216
37.894	0.0216265625
37.896	0.0216390625
37.897999999999996	0.0216375
37.9	0.021623437500000002
37.902	0.0216
37.903999999999996	0.021587500000000003
37.906	0.021578125
37.908	0.021575
37.91	0.02158125
37.912	0.0216
37.913999999999994	0.021646875
37.916	0.021712500000000003
37.918	0.0217953125
37.919999999999995	0.0218921875
37.922	0.022000000000000002
37.924	0.0221171875
37.925999999999995	0.022225
37.928	0.022314062500000002
37.93	0.022373437500000003
37.931999999999995	0.0224
37.934	0.022396875
37.93599999999999	0.022378125000000002
37.937999999999995	0.0223640625
37.94	0.0223671875
37.94199999999999	0.0224
37.943999999999996	0.0224609375
37.946	0.0225453125
37.94799999999999	0.0226421875
37.949999999999996	0.0227328125
37.952	0.0228
37.95399999999999	0.022825
37.955999999999996	0.022825
37.958	0.0228125
37.959999999999994	0.0228
37.961999999999996	0.0228
37.964	0.0228
37.965999999999994	0.0228125
37.967999999999996	0.022825
37.97	0.022825
37.971999999999994	0.0228
37.974	0.0227328125
37.976	0.0226421875
37.977999999999994	0.0225453125
37.98	0.0224609375
37.982	0.0224
37.983999999999995	0.0223703125
37.986	0.0223703125
37.988	0.0223859375
37.989999999999995	0.0224015625
37.992	0.0224
37.99399999999999	0.022371875
37.995999999999995	0.022312500000000002
37.998	0.022223437500000002
37.99999999999999	0.0221171875
38.001999999999995	0.022000000000000002
38.004	0.021896875
38.00599999999999	0.021803125
38.007999999999996	0.021721875
38.01	0.021654687500000002
38.01199999999999	0.0216
38.013999999999996	0.021575
38.016	0.021562500000000002
38.017999999999994	0.021560937500000002
38.019999999999996	0.0215734375
38.022	0.0216
38.023999999999994	0.0216578125
38.025999999999996	0.021728125
38.028	0.021810937500000002
38.029999999999994	0.021903125000000002
38.032	0.022000000000000002
38.034	0.0221015625
38.035999999999994	0.022196875
38.038	0.022279687500000003
38.04	0.022348437500000002
38.041999999999994	0.0224
38.044	0.0224265625
38.046	0.022434375
38.047999999999995	0.022428125
38.05	0.022415625
38.052	0.0224
38.053999999999995	0.022381250000000002
38.056	0.0223703125
38.058	0.0223703125
38.059999999999995	0.022381250000000002
38.062	0.0224
38.06399999999999	0.022412500000000002
38.065999999999995	0.022421875
38.068	0.022428125
38.06999999999999	0.022421875
38.071999999999996	0.0224
38.074	0.022353125
38.07599999999999	0.022287500000000002
38.077999999999996	0.0222046875
38.08	0.0221078125
38.081999999999994	0.022000000000000002
38.083999999999996	0.02189375
38.086	0.0217953125
38.087999999999994	0.0217109375
38.089999999999996	0.0216453125
38.092	0.0216
38.093999999999994	0.021587500000000003
38.096	0.021589062500000002
38.098	0.021596875
38.099999999999994	0.0216015625
38.102	0.0216
38.104	0.0215984375
38.105999999999995	0.021590625000000002
38.108	0.0215828125
38.11	0.0215828125
38.111999999999995	0.0216
38.114	0.021650000000000003
38.116	0.021718750000000002
38.117999999999995	0.0218046875
38.12	0.0219
38.122	0.022000000000000002
38.123999999999995	0.0221
38.126	0.022190625000000002
38.128	0.0222703125
38.129999999999995	0.022340625
38.132	0.0224
38.134	0.0224453125
38.135999999999996	0.022473437500000002
38.138	0.022478125
38.13999999999999	0.0224546875
38.141999999999996	0.0224
38.144	0.0223203125
38.145999999999994	0.0222296875
38.147999999999996	0.0221390625
38.15	0.022059375000000003
38.151999999999994	0.022000000000000002
38.153999999999996	0.021970312500000002
38.156	0.021965625000000003
38.157999999999994	0.0219765625
38.16	0.0219921875
38.162	0.022000000000000002
38.163999999999994	0.022000000000000002
38.166	0.0219921875
38.168	0.021984375
38.169999999999995	0.021984375
38.172	0.022000000000000002
38.174	0.022040625
38.175999999999995	0.02210625
38.178	0.022192187500000002
38.18	0.0222921875
38.181999999999995	0.0224
38.184	0.022504687500000002
38.186	0.022596875000000002
38.187999999999995	0.022678125
38.19	0.022746875
38.192	0.0228
38.193999999999996	0.022834375
38.196	0.022851562500000002
38.198	0.022853125000000002
38.199999999999996	0.0228359375
38.202	0.0228
38.204	0.0227421875
38.205999999999996	0.022671875
38.208	0.0225890625
38.209999999999994	0.022498437500000003
38.211999999999996	0.0224
38.214	0.0223
38.215999999999994	0.02220625
38.217999999999996	0.022123437500000002
38.22	0.0220546875
38.221999999999994	0.022000000000000002
38.224	0.021965625000000003
38.226	0.02195
38.227999999999994	0.0219515625
38.23	0.021968750000000002
38.232	0.022000000000000002
38.233999999999995	0.0220453125
38.236	0.022103125
38.238	0.02218125
38.239999999999995	0.022281250000000002
38.242	0.0224
38.244	0.0225203125
38.245999999999995	0.022631250000000002
38.248	0.022723437500000002
38.25	0.02278125
38.251999999999995	0.0228
38.254	0.022765625
38.256	0.022692187500000002
38.257999999999996	0.022596875000000002
38.26	0.0224953125
38.262	0.0224
38.263999999999996	0.022314062500000002
38.266	0.022240625
38.268	0.0221734375
38.269999999999996	0.022096875000000002
38.272	0.022000000000000002
38.274	0.021876562500000002
38.275999999999996	0.021725
38.278	0.021554687500000003
38.279999999999994	0.0213765625
38.282	0.0212
38.284	0.021046875
38.285999999999994	0.020925000000000003
38.288	0.0208390625
38.29	0.020798437500000003
38.291999999999994	0.020800000000000003
38.294	0.0208453125
38.296	0.0209140625
38.297999999999995	0.021
38.3	0.021096875
38.302	0.0212
38.303999999999995	0.0212984375
38.306	0.0213859375
38.308	0.021462500000000002
38.309999999999995	0.0215328125
38.312	0.0216
38.314	0.021653125000000002
38.315999999999995	0.021685937500000002
38.318	0.0216921875
38.32	0.021665625
38.321999999999996	0.0216
38.324	0.021490625
38.326	0.0213453125
38.327999999999996	0.0211734375
38.33	0.020989062500000003
38.332	0.020800000000000003
38.333999999999996	0.0206234375
38.336	0.020456250000000002
38.338	0.020300000000000002
38.339999999999996	0.0201484375
38.342	0.02
38.344	0.0198765625
38.346	0.019767187500000002
38.348	0.01968125
38.349999999999994	0.0196234375
38.352	0.0196
38.354	0.019639062500000002
38.355999999999995	0.019709375
38.358	0.0198
38.36	0.0199
38.361999999999995	0.02
38.364	0.020110937500000002
38.366	0.020204687500000002
38.367999999999995	0.02028125
38.37	0.02034375
38.372	0.0204
38.373999999999995	0.0204734375
38.376	0.020550000000000002
38.378	0.0206296875
38.379999999999995	0.020712500000000002
38.382	0.020800000000000003
38.384	0.020895312500000002
38.385999999999996	0.020987500000000003
38.388	0.021071875
38.39	0.021145312500000003
38.391999999999996	0.0212
38.394	0.0212296875
38.396	0.021243750000000002
38.397999999999996	0.021240625000000003
38.4	0.021225
38.402	0.0212
38.403999999999996	0.0211625
38.406	0.0211375
38.408	0.0211328125
38.41	0.021153125000000002
38.412	0.0212
38.414	0.0212625
38.416	0.021342187500000002
38.418	0.021432812500000002
38.419999999999995	0.021523437500000003
38.422	0.0216
38.424	0.021646875
38.425999999999995	0.0216703125
38.428	0.02166875
38.43	0.0216453125
38.431999999999995	0.0216
38.434	0.0215359375
38.436	0.021462500000000002
38.437999999999995	0.02138125
38.44	0.02129375
38.442	0.0212
38.443999999999996	0.021109375
38.446	0.021020312500000003
38.448	0.0209359375
38.449999999999996	0.020862500000000003
38.452	0.020800000000000003
38.454	0.0207625
38.455999999999996	0.020742187500000002
38.458	0.020742187500000002
38.46	0.0207625
38.461999999999996	0.020800000000000003
38.464	0.020859375
38.466	0.020929687500000002
38.467999999999996	0.0210125
38.47	0.021103125
38.472	0.0212
38.474	0.0212984375
38.476	0.0213890625
38.478	0.021471875
38.48	0.0215421875
38.482	0.0216
38.484	0.0216390625
38.486	0.021659375
38.488	0.021659375
38.489999999999995	0.0216390625
38.492	0.0216
38.494	0.0215421875
38.495999999999995	0.021471875
38.498	0.0213890625
38.5	0.0212984375
38.501999999999995	0.0212
38.504	0.021103125
38.506	0.0210125
38.507999999999996	0.020929687500000002
38.51	0.020859375
38.512	0.020800000000000003
38.513999999999996	0.020759375
38.516	0.020735937500000003
38.518	0.020735937500000003
38.519999999999996	0.02075625
38.522	0.020800000000000003
38.524	0.020862500000000003
38.525999999999996	0.0209375
38.528	0.021021875000000002
38.53	0.021109375
38.532	0.0212
38.534	0.0212890625
38.536	0.021373437500000002
38.538	0.021453125
38.54	0.021529687500000002
38.542	0.0216
38.544	0.0216609375
38.546	0.0216984375
38.548	0.0217078125
38.55	0.0216765625
38.552	0.0216
38.554	0.0214859375
38.556	0.021337500000000002
38.558	0.021165625
38.56	0.02098125
38.562	0.020800000000000003
38.564	0.0206515625
38.565999999999995	0.020534375
38.568	0.020454687500000002
38.57	0.0204109375
38.571999999999996	0.0204
38.574	0.020434375
38.576	0.02049375
38.577999999999996	0.020578125000000003
38.58	0.02068125
38.582	0.020800000000000003
38.583999999999996	0.0209375
38.586	0.021085937500000002
38.588	0.021245312500000002
38.589999999999996	0.0214171875
38.592	0.0216
38.594	0.021779687500000002
38.596	0.0219546875
38.598	0.0221203125
38.6	0.022271875
38.602	0.0224
38.604	0.0224796875
38.606	0.0225203125
38.608	0.0225203125
38.61	0.0224796875
38.612	0.0224
38.614	0.02226875
38.616	0.0221140625
38.618	0.0219484375
38.62	0.021775000000000003
38.622	0.0216
38.624	0.0214203125
38.626	0.0212515625
38.628	0.02109375
38.63	0.02094375
38.632	0.020800000000000003
38.634	0.020665625
38.635999999999996	0.020550000000000002
38.638	0.0204625
38.64	0.0204109375
38.641999999999996	0.0204
38.644	0.0204359375
38.646	0.0205046875
38.647999999999996	0.02059375
38.65	0.0206953125
38.652	0.020800000000000003
38.653999999999996	0.020903125
38.656	0.020990625000000002
38.658	0.021065625
38.66	0.021134375
38.662	0.0212
38.664	0.0212578125
38.666	0.02129375
38.668	0.0213
38.67	0.021271875000000003
38.672	0.0212
38.674	0.02108125
38.676	0.020926562500000002
38.678	0.02075
38.68	0.02056875
38.682	0.0204
38.684	0.0202546875
38.686	0.020143750000000002
38.688	0.020065625
38.69	0.0200203125
38.692	0.02
38.694	0.019990625
38.696	0.0199890625
38.698	0.019990625
38.7	0.0199953125
38.702	0.02
38.704	0.020003125
38.705999999999996	0.0200015625
38.708	0.02
38.71	0.0199984375
38.711999999999996	0.02
38.714	0.02000625
38.716	0.020010937500000003
38.717999999999996	0.020012500000000003
38.72	0.020010937500000003
38.722	0.02
38.724	0.019981250000000002
38.726	0.0199359375
38.728	0.019857812500000002
38.73	0.019746875
38.732	0.0196
38.734	0.0194359375
38.736	0.019257812500000002
38.738	0.0190828125
38.74	0.018925
38.742	0.0188
38.744	0.018726562500000002
38.746	0.018693750000000002
38.748	0.0187
38.75	0.0187375
38.752	0.0188
38.754	0.018881250000000002
38.756	0.0189625
38.758	0.019042187500000002
38.76	0.019121875
38.762	0.019200000000000002
38.764	0.0192765625
38.766	0.019353125000000002
38.768	0.01943125
38.77	0.019515625
38.772	0.0196
38.774	0.019670312500000002
38.775999999999996	0.019715625
38.778	0.0197234375
38.78	0.0196875
38.782	0.0196
38.784	0.0194640625
38.786	0.019296875
38.788	0.0191171875
38.79	0.018946875000000002
38.792	0.0188
38.794	0.018690625000000002
38.796	0.018609375
38.798	0.0185453125
38.8	0.01848125
38.802	0.0184
38.804	0.0183078125
38.806	0.01820625
38.808	0.0181078125
38.81	0.018034375000000002
38.812	0.018000000000000002
38.814	0.018029687500000002
38.816	0.0180984375
38.818	0.0181953125
38.82	0.0183015625
38.822	0.0184
38.824	0.0184953125
38.826	0.018571875
38.828	0.0186390625
38.83	0.0187125
38.832	0.0188
38.834	0.018912500000000002
38.836	0.019025
38.838	0.0191234375
38.84	0.0191859375
38.842	0.019200000000000002
38.844	0.019160937500000003
38.846	0.01908125
38.848	0.018979687500000002
38.85	0.018879687500000002
38.852	0.0188
38.854	0.0187609375
38.856	0.018754687500000002
38.858	0.018771875
38.86	0.0187921875
38.862	0.0188
38.864	0.01879375
38.866	0.018778125
38.868	0.018765625
38.87	0.01876875
38.872	0.0188
38.874	0.018865625
38.876	0.018953125
38.878	0.0190515625
38.88	0.0191390625
38.882	0.019200000000000002
38.884	0.019226562500000002
38.886	0.0192234375
38.888	0.01920625
38.89	0.019193750000000002
38.892	0.019200000000000002
38.894	0.0192390625
38.896	0.0193078125
38.898	0.0194015625
38.9	0.0195046875
38.902	0.0196
38.904	0.019670312500000002
38.906	0.01970625
38.908	0.01970625
38.910000000000004	0.019670312500000002
38.912	0.0196
38.914	0.019509375000000002
38.916000000000004	0.019414062500000002
38.918	0.019325000000000002
38.92	0.019253125
38.922	0.019200000000000002
38.924	0.0191796875
38.926	0.0191796875
38.928	0.019190625
38.93	0.019200000000000002
38.932	0.019200000000000002
38.934	0.0192046875
38.936	0.019203125
38.938	0.019196875000000002
38.94	0.019192187500000003
38.942	0.019200000000000002
38.944	0.01924375
38.946	0.0193109375
38.948	0.019396875
38.95	0.019496875
38.952	0.0196
38.954	0.019709375
38.956	0.01980625
38.958	0.019887500000000002
38.96	0.019950000000000002
38.962	0.02
38.964	0.0200421875
38.966	0.0200921875
38.968	0.0201625
38.97	0.020264062500000003
38.972	0.0204
38.974000000000004	0.020554687500000002
38.976	0.0207296875
38.978	0.0209078125
38.980000000000004	0.0210703125
38.982	0.0212
38.984	0.0212625
38.986000000000004	0.021284375
38.988	0.021273437500000002
38.99	0.021242187500000002
38.992	0.0212
38.994	0.021134375
38.996	0.0210671875
38.998	0.020995312500000002
39.0	0.020909375
39.002	0.020800000000000003
39.004	0.020653125
39.006	0.020487500000000002
39.008	0.0203171875
39.01	0.02015
39.012	0.02
39.014	0.0198703125
39.016	0.019767187500000002
39.018	0.019690625
39.02	0.019637500000000002
39.022	0.0196
39.024	0.019571875000000002
39.026	0.019553125
39.028	0.019546875000000002
39.03	0.0195609375
39.032000000000004	0.0196
39.034	0.0196640625
39.036	0.019740625
39.038000000000004	0.019826562500000002
39.04	0.019917187500000003
39.042	0.02
39.044000000000004	0.0200640625
39.046	0.020096875
39.048	0.020096875
39.050000000000004	0.020065625
39.052	0.02
39.054	0.0199
39.056000000000004	0.019765625000000002
39.058	0.0196
39.06	0.0194078125
39.062	0.019200000000000002
39.064	0.0189921875
39.066	0.0187953125
39.068	0.0186234375
39.07	0.018490625
39.072	0.0184
39.074	0.0183609375
39.076	0.018353125
39.078	0.018365625
39.08	0.018384375
39.082	0.0184
39.084	0.018407812500000002
39.086	0.0184
39.088	0.0183890625
39.09	0.018384375
39.092	0.0184
39.094	0.018443750000000002
39.096000000000004	0.018509375
39.098	0.018596875000000002
39.1	0.018696875
39.102000000000004	0.0188
39.104	0.0188859375
39.106	0.018934375
39.108000000000004	0.0189375
39.11	0.01889375
39.112	0.0188
39.114000000000004	0.018664062500000002
39.116	0.018501562500000002
39.118	0.0183265625
39.120000000000005	0.018154687500000002
39.122	0.018000000000000002
39.124	0.017876562500000002
39.126000000000005	0.017782812500000002
39.128	0.0177109375
39.13	0.017654687500000002
39.132	0.0176
39.134	0.0175453125
39.136	0.0174765625
39.138	0.0173921875
39.14	0.017296875
39.142	0.0172
39.144	0.0171265625
39.146	0.0170765625
39.148	0.0170671875
39.15	0.0171078125
39.152	0.0172
39.154	0.017353125
39.156	0.017529687500000002
39.158	0.0177109375
39.160000000000004	0.017873437500000002
39.162	0.018000000000000002
39.164	0.0180859375
39.166000000000004	0.0181171875
39.168	0.01810625
39.17	0.018062500000000002
39.172000000000004	0.018000000000000002
39.174	0.017934375000000002
39.176	0.017865625
39.178000000000004	0.017790625
39.18	0.017703125
39.182	0.0176
39.184000000000005	0.017490625
39.186	0.01738125
39.188	0.0172875
39.190000000000005	0.0172234375
39.192	0.0172
39.194	0.017225
39.196000000000005	0.017290625
39.198	0.017384375
39.2	0.017492187500000003
39.202	0.0176
39.204	0.017687500000000002
39.206	0.0177609375
39.208	0.01783125
39.21	0.017907812500000002
39.212	0.018000000000000002
39.214	0.018093750000000002
39.216	0.018192187500000002
39.218	0.018284375000000002
39.22	0.0183578125
39.222	0.0184
39.224000000000004	0.0183921875
39.226	0.018340625
39.228	0.018253125000000002
39.230000000000004	0.0181359375
39.232	0.018000000000000002
39.234	0.01785625
39.236000000000004	0.01770625
39.238	0.01755
39.24	0.0173828125
39.242000000000004	0.0172
39.244	0.017021875000000002
39.246	0.0168453125
39.248000000000005	0.016678125000000002
39.25	0.0165265625
39.252	0.0164
39.254000000000005	0.016332812500000002
39.256	0.016301562500000002
39.258	0.0163046875
39.260000000000005	0.0163390625
39.262	0.0164
39.264	0.0165078125
39.266000000000005	0.0166390625
39.268	0.016796875
39.27	0.0169828125
39.272	0.0172
39.274	0.0174484375
39.276	0.0177046875
39.278	0.01795625
39.28	0.018192187500000002
39.282000000000004	0.0184
39.284	0.018562500000000003
39.286	0.01868125
39.288000000000004	0.018757812500000002
39.29	0.0187953125
39.292	0.0188
39.294000000000004	0.0187640625
39.296	0.01870625
39.298	0.018628125000000002
39.300000000000004	0.0185265625
39.302	0.0184
39.304	0.018250000000000002
39.306000000000004	0.018090625000000003
39.308	0.0179265625
39.31	0.0177625
39.312000000000005	0.0176
39.314	0.017459375
39.316	0.0173453125
39.318000000000005	0.0172640625
39.32	0.017215625000000002
39.322	0.0172
39.324000000000005	0.01723125
39.326	0.0172921875
39.328	0.0173765625
39.330000000000005	0.01748125
39.332	0.0176
39.334	0.0177421875
39.336000000000006	0.017890625
39.338	0.0180484375
39.34	0.018218750000000002
39.342000000000006	0.0184
39.344	0.01859375
39.346000000000004	0.01878125
39.348	0.0189515625
39.35	0.01909375
39.352000000000004	0.019200000000000002
39.354	0.019262500000000002
39.356	0.0192859375
39.358000000000004	0.019278125
39.36	0.0192484375
39.362	0.019200000000000002
39.364000000000004	0.019134375000000002
39.366	0.0190640625
39.368	0.0189875
39.370000000000005	0.0189
39.372	0.0188
39.374	0.01868125
39.376000000000005	0.018568750000000002
39.378	0.0184765625
39.38	0.0184171875
39.382000000000005	0.0184
39.384	0.0184171875
39.386	0.0184765625
39.388000000000005	0.018568750000000002
39.39	0.01868125
39.392	0.0188
39.394	0.0189
39.396	0.0189875
39.398	0.0190640625
39.4	0.019134375000000002
39.402	0.019200000000000002
39.404	0.0192453125
39.406	0.019271875
39.408	0.019278125
39.410000000000004	0.019256250000000003
39.412	0.019200000000000002
39.414	0.019098437500000003
39.416000000000004	0.0189578125
39.418	0.018789062500000002
39.42	0.018600000000000002
39.422	0.0184
39.424	0.0182078125
39.426	0.018028125000000002
39.428	0.017865625
39.43	0.0177234375
39.432	0.0176
39.434	0.017509375
39.436	0.017431250000000002
39.438	0.01735625
39.44	0.0172796875
39.442	0.0172
39.443999999999996	0.017150000000000002
39.446	0.017114062500000003
39.448	0.017103125
39.449999999999996	0.0171296875
39.452	0.0172
39.454	0.017337500000000002
39.455999999999996	0.017503125
39.458	0.0176796875
39.46	0.01785
39.461999999999996	0.018000000000000002
39.464	0.018128125000000002
39.465999999999994	0.018220312500000002
39.467999999999996	0.018285937500000002
39.47	0.018342187500000003
39.471999999999994	0.0184
39.474	0.018468750000000003
39.476	0.0185484375
39.477999999999994	0.0186359375
39.48	0.018723437500000002
39.482	0.0188
39.483999999999995	0.018840625
39.486	0.0188578125
39.48799999999999	0.0188546875
39.489999999999995	0.018834375
39.492	0.0188
39.49399999999999	0.018734375
39.495999999999995	0.018660937500000002
39.498	0.0185796875
39.49999999999999	0.01849375
39.501999999999995	0.0184
39.504	0.018285937500000002
39.50599999999999	0.0181796875
39.507999999999996	0.018090625000000003
39.51	0.018031250000000002
39.51199999999999	0.018000000000000002
39.513999999999996	0.0179921875
39.516	0.018001562500000002
39.517999999999994	0.018015625
39.519999999999996	0.01801875
39.522	0.018000000000000002
39.523999999999994	0.0179515625
39.525999999999996	0.017876562500000002
39.528	0.017784375
39.529999999999994	0.0176890625
39.532	0.0176
39.534	0.017529687500000002
39.535999999999994	0.017464062500000002
39.538	0.0173921875
39.54	0.017306250000000002
39.541999999999994	0.0172
39.544	0.0170921875
39.546	0.0169796875
39.547999999999995	0.01688125
39.55	0.0168171875
39.552	0.016800000000000002
39.553999999999995	0.01685
39.556	0.0169359375
39.55799999999999	0.0170375
39.559999999999995	0.01713125
39.562	0.0172
39.56399999999999	0.0172375
39.565999999999995	0.017240625000000002
39.568	0.0172203125
39.56999999999999	0.0172015625
39.571999999999996	0.0172
39.574	0.017240625000000002
39.57599999999999	0.0173125
39.577999999999996	0.01740625
39.58	0.0175078125
39.581999999999994	0.0176
39.583999999999996	0.0176671875
39.586	0.0177
39.587999999999994	0.017696875
39.589999999999996	0.0176609375
39.592	0.0176
39.593999999999994	0.017525000000000002
39.596	0.0174421875
39.598	0.017359375
39.599999999999994	0.017276562500000002
39.602	0.0172
39.604	0.01714375
39.605999999999995	0.0171109375
39.608	0.0171078125
39.61	0.0171390625
39.611999999999995	0.0172
39.614	0.0172890625
39.616	0.0173875
39.617999999999995	0.0174796875
39.62	0.0175546875
39.622	0.0176
39.623999999999995	0.017615625
39.626	0.0176078125
39.62799999999999	0.017593750000000002
39.629999999999995	0.0175859375
39.632	0.0176
39.63399999999999	0.01764375
39.635999999999996	0.017715625000000002
39.638	0.017807812500000002
39.63999999999999	0.017907812500000002
39.641999999999996	0.018000000000000002
39.644	0.0180703125
39.645999999999994	0.01810625
39.647999999999996	0.01810625
39.65	0.0180703125
39.651999999999994	0.018000000000000002
39.653999999999996	0.017909375
39.656	0.017814062500000002
39.657999999999994	0.017725
39.66	0.017653125000000002
39.662	0.0176
39.663999999999994	0.0175796875
39.666	0.0175796875
39.668	0.017590625000000002
39.669999999999995	0.0176
39.672	0.0176
39.674	0.0175984375
39.675999999999995	0.017590625000000002
39.678	0.0175828125
39.68	0.0175828125
39.681999999999995	0.0176
39.684	0.017651562500000002
39.686	0.017725
39.687999999999995	0.017814062500000002
39.69	0.017909375
39.692	0.018000000000000002
39.693999999999996	0.0180890625
39.696	0.0181703125
39.698	0.0182453125
39.699999999999996	0.0183203125
39.702	0.0184
39.70399999999999	0.0184890625
39.705999999999996	0.0185796875
39.708	0.0186671875
39.709999999999994	0.01874375
39.711999999999996	0.0188
39.714	0.0188234375
39.715999999999994	0.018828125
39.717999999999996	0.018821875000000002
39.72	0.018809375
39.721999999999994	0.0188
39.724	0.018784375000000002
39.726	0.0187796875
39.727999999999994	0.018782812500000003
39.73	0.0187921875
39.732	0.0188
39.733999999999995	0.0187953125
39.736	0.018789062500000002
39.738	0.018785937500000002
39.739999999999995	0.018790625000000002
39.742	0.0188
39.744	0.018809375
39.745999999999995	0.018820312500000002
39.748	0.0188265625
39.75	0.0188234375
39.751999999999995	0.0188
39.754	0.018754687500000002
39.756	0.0186875
39.757999999999996	0.018603125
39.76	0.018504687500000002
39.762	0.0184
39.763999999999996	0.01830625
39.766	0.018217187500000002
39.768	0.0181359375
39.769999999999996	0.018062500000000002
39.772	0.018000000000000002
39.773999999999994	0.0179625
39.775999999999996	0.0179421875
39.778	0.017939062500000002
39.779999999999994	0.017959375
39.782	0.018000000000000002
39.784	0.0180671875
39.785999999999994	0.0181453125
39.788	0.0182296875
39.79	0.018317187500000002
39.791999999999994	0.0184
39.794	0.018473437500000002
39.796	0.01854375
39.797999999999995	0.018615625
39.8	0.0187
39.802	0.0188
39.803999999999995	0.018896875
39.806	0.0189953125
39.808	0.019084375
39.809999999999995	0.01915625
39.812	0.019200000000000002
39.814	0.019190625
39.815999999999995	0.019140625
39.818	0.0190546875
39.82	0.0189390625
39.821999999999996	0.0188
39.824	0.018640625
39.826	0.0184796875
39.827999999999996	0.01831875
39.83	0.018159375000000002
39.832	0.018000000000000002
39.833999999999996	0.0178484375
39.836	0.0176953125
39.838	0.0175375
39.839999999999996	0.017370312500000002
39.842	0.0172
39.843999999999994	0.017053125000000002
39.846	0.016926562500000002
39.848	0.016834375000000002
39.849999999999994	0.0167890625
39.852	0.016800000000000002
39.854	0.0168921875
39.855999999999995	0.01703125
39.858	0.0172046875
39.86	0.017400000000000002
39.861999999999995	0.0176
39.864	0.017796875
39.866	0.017970312500000002
39.867999999999995	0.018123437500000002
39.87	0.018265625
39.872	0.0184
39.873999999999995	0.0185234375
39.876	0.018629687500000002
39.878	0.0187171875
39.879999999999995	0.0187765625
39.882	0.0188
39.884	0.0187765625
39.885999999999996	0.0187171875
39.888	0.018629687500000002
39.89	0.0185234375
39.891999999999996	0.0184
39.894	0.018265625
39.896	0.018123437500000002
39.897999999999996	0.017970312500000002
39.9	0.017796875
39.902	0.0176
39.903999999999996	0.017400000000000002
39.906	0.0172046875
39.908	0.01703125
39.91	0.0168921875
39.912	0.016800000000000002
39.913999999999994	0.0167890625
39.916	0.016834375000000002
39.918	0.016926562500000002
39.919999999999995	0.017053125000000002
39.922	0.0172
39.924	0.017370312500000002
39.925999999999995	0.0175375
39.928	0.0176953125
39.93	0.0178484375
39.931999999999995	0.018000000000000002
39.934	0.018159375000000002
39.936	0.01831875
39.937999999999995	0.0184796875
39.94	0.018640625
39.942	0.0188
39.943999999999996	0.0189390625
39.946	0.0190546875
39.948	0.019140625
39.949999999999996	0.019190625
39.952	0.019200000000000002
39.954	0.01915625
39.955999999999996	0.019084375
39.958	0.0189953125
39.96	0.018896875
39.961999999999996	0.0188
39.964	0.018696875
39.966	0.018609375
39.967999999999996	0.018535937500000002
39.97	0.018468750000000003
39.972	0.0184
39.974	0.0183203125
39.976	0.0182375
39.978	0.018154687500000002
39.98	0.0180734375
39.982	0.018000000000000002
39.983999999999995	0.017946875
39.986	0.01791875
39.988	0.0179171875
39.989999999999995	0.0179453125
39.992	0.018000000000000002
39.994	0.01808125
39.995999999999995	0.018171875
39.998	0.018259375
